ca65 V2.18 - fastbasic-4.8beta
Main file   : /Users/simonyoung/Programming/GIthub/BunnyHop/Clients/Atari FastBasic/Fuji-Hop.bas.debug.asm
Current file: /Users/simonyoung/Programming/GIthub/BunnyHop/Clients/Atari FastBasic/Fuji-Hop.bas.debug.asm

000000r 1               ; Imported symbols
000000r 1               	.global PMGBASE
000000r 1               	.global PMGMODE
000000r 1               	.global SOUND_OFF
000000r 1               
000000r 1               ; Exported symbols
000000r 1               	.export bytecode_start
000000r 1               
000000r 1               	.include "target.inc"
000000r 2               ;
000000r 2               ; FastBasic - Fast basic interpreter for the Atari 8-bit computers
000000r 2               ; Copyright (C) 2017-2025 Daniel Serpell
000000r 2               ;
000000r 2               ; This program is free software; you can redistribute it and/or modify
000000r 2               ; it under the terms of the GNU General Public License as published by
000000r 2               ; the Free Software Foundation, either version 2 of the License, or
000000r 2               ; (at your option) any later version.
000000r 2               ;
000000r 2               ; This program is distributed in the hope that it will be useful,
000000r 2               ; but WITHOUT ANY WARRANTY; without even the implied warranty of
000000r 2               ; MERCHANTABILITY or FITNESS FOR A PARTICULAR PURPOSE.  See the
000000r 2               ; GNU General Public License for more details.
000000r 2               ;
000000r 2               ; You should have received a copy of the GNU General Public License along
000000r 2               ; with this program.  If not, see <http://www.gnu.org/licenses/>
000000r 2               ;
000000r 2               
000000r 2               ; Assembly include file depending on the target
000000r 2               ; ---------------------------------------------
000000r 2               
000000r 2               .ifdef __ATARI5200__
000000r 2                .include  "atari5200.inc"
000000r 2                .global   MEMTOP, GPRIOR
000000r 2                .globalzp COLCRS, ROWCRS
000000r 2               .else
000000r 2                .include  "atari.inc"
000000r 3               ;-------------------------------------------------------------------------
000000r 3               ; Atari System Equates
000000r 3               ; by Freddy Offenga, Christian Groessler, and Christian Krueger
000000r 3               ;
000000r 3               ; References:
000000r 3               ; - Atari 400/800 OS rev.B source code, Atari 1979
000000r 3               ; - Atari OS manual - XL addendum
000000r 3               ; - Atari XL/XE rev.2 source code, Atari 1984
000000r 3               ; - Mapping the Atari - revised edition, Ian Chadwick 1985
000000r 3               ; - SpartaDOS-X User Guide  (Aug-8-2016)
000000r 3               ;
000000r 3               ; ##old##       old OS rev.B label - moved or deleted
000000r 3               ; ##1200xl##    new label introduced in 1200XL OS (rev.10/11)
000000r 3               ; ##rev2##      new label introduced in XL/XE OS rev.2
000000r 3               ;-------------------------------------------------------------------------
000000r 3               
000000r 3               ;-------------------------------------------------------------------------
000000r 3               ; Configuration Equates
000000r 3               ;-------------------------------------------------------------------------
000000r 3               
000000r 3               MAXDEV  = 33            ;offset to last possible entry of HATABS
000000r 3               IOCBSZ  = 16            ;length of IOCB
000000r 3               
000000r 3               SEIOCB  = 0*IOCBSZ      ;##rev2## screen editor IOCB index
000000r 3               MAXIOC  = 8*IOCBSZ      ;first invalid IOCB index
000000r 3               
000000r 3               DSCTSZ  = 128           ;##rev2## disk sector size
000000r 3               
000000r 3               LEDGE   = 2             ;left edge
000000r 3               REDGE   = 39            ;right edge
000000r 3               
000000r 3               INIML   = $0700         ;##rev2## initial MEMLO
000000r 3               
000000r 3               ICSORG  = $CC00         ;##rev2## international character set origin
000000r 3               DCSORG  = $E000         ;##rev2## domestic character set origin
000000r 3               
000000r 3               ; IOCB Command Code Equates
000000r 3               
000000r 3               OPEN    = $03           ;open
000000r 3               GETREC  = $05           ;get record
000000r 3               GETCHR  = $07           ;get character(s)
000000r 3               PUTREC  = $09           ;put record
000000r 3               PUTCHR  = $0B           ;put character(s)
000000r 3               CLOSE   = $0C           ;close
000000r 3               STATIS  = $0D           ;status
000000r 3               SPECIL  = $0E           ;special
000000r 3               
000000r 3               ; DOS IOCB command codes
000000r 3               
000000r 3               RENAME  = $20           ;rename disk file
000000r 3               DELETE  = $21           ;delete disk file
000000r 3               LOCKFL  = $23           ;lock file (set to read-only)
000000r 3               UNLOCK  = $24           ;unlock file
000000r 3               POINT   = $25           ;point sector
000000r 3               NOTE    = $26           ;note sector
000000r 3               GETFL   = $27           ;get file length
000000r 3               CHDIR_MYDOS     = $29   ;change directory (MyDOS)
000000r 3               MKDIR   = $2A           ;make directory (MyDOS/SpartaDOS)
000000r 3               RMDIR   = $2B           ;remove directory (SpartaDOS)
000000r 3               CHDIR_SPDOS     = $2C   ;change directory (SpartaDOS)
000000r 3               FORMAT  = $FE           ;format
000000r 3               
000000r 3               GETCWD  = $30           ;get current directory (MyDOS/SpartaDOS)
000000r 3               
000000r 3               ; Special Entry Command Equates
000000r 3               ; DOS Commands
000000r 3               ; Command line table, Index values for (DOSVEC),Y -- COMTAB
000000r 3               ; Compatible with OS/A+, DOS XL and SpartaDOS
000000r 3               
000000r 3               COMTAB  = 0             ;DOS entry jump vector
000000r 3               ZCRNAME = 3             ;file name crunch routine jump vector
000000r 3               BUFOFF  = 10            ;next parameter buffer offset
000000r 3               COMFNAM = 33            ;destination buffer for crunch routine
000000r 3               LBUF    = 63            ;command line input buffer
000000r 3               
000000r 3               ; Screen IOCB Commands
000000r 3               
000000r 3               DRAWLN  = $11           ;draw line
000000r 3               FILLIN  = $12           ;draw line with right fill
000000r 3               
000000r 3               ; ICAX1 Auxiliary Byte 1 Equates
000000r 3               
000000r 3               APPEND  = $01           ;open write append (D:)
000000r 3               DIRECT  = $02           ;open for directory access (D:)
000000r 3               OPNIN   = $04           ;open for input (all devices)
000000r 3               OPNOT   = $08           ;open for output (all devices)
000000r 3               MXDMOD  = $10           ;open for mixed mode (E:, S:)
000000r 3               INSCLR  = $20           ;open for input without clearing screen
000000r 3               
000000r 3               ; Device Code Equates
000000r 3               
000000r 3               CASSET  = 'C'           ;cassette
000000r 3               DISK    = 'D'           ;disk
000000r 3               SCREDT  = 'E'           ;screen editor
000000r 3               KBD     = 'K'           ;keyboard
000000r 3               PRINTR  = 'P'           ;printer
000000r 3               DISPLY  = 'S'           ;screen display
000000r 3               
000000r 3               ; SIO Command Code Equates
000000r 3               
000000r 3               SIO_FORMAT   = $21      ;format disk (default density)
000000r 3               SIO_FORMATS  = $22      ;1050: format medium density
000000r 3               SIO_CONFIG   = $44      ;configure drive
000000r 3               SIO_CONFIGSF = $4B      ;slow/fast configure drive??
000000r 3               SIO_RDPERCOM = $4E      ;read PERCOM block (XF551)
000000r 3               SIO_WRPERCOM = $4F      ;write PERCOM block (XF551)
000000r 3               SIO_WRITE    = $50      ;write sector
000000r 3               SIO_READ     = $52      ;read sector
000000r 3               SIO_STAT     = $53      ;get status information
000000r 3               SIO_VERIFY   = $56      ;verify sector
000000r 3               SIO_WRITEV   = $57      ;write sector with verify
000000r 3               SIO_WRITETRK = $60      ;write track (Speedy)
000000r 3               SIO_READTRK  = $62      ;read track (Speedy)
000000r 3               
000000r 3               ; SIO Status Code (DSTATS)
000000r 3               ; Input: data direction
000000r 3               ;     Bit #7 - W (write operation)
000000r 3               ;         #6 - R (read operation)
000000r 3               ; Output: status code
000000r 3               ;     $01 (001) -- OPERATION COMPLETE (NO ERRORS)
000000r 3               ;     $8A (138) -- DEVICE TIMEOUT (DOESN'T RESPOND)
000000r 3               ;     $8B (139) -- DEVICE NAK
000000r 3               ;     $8C (140) -- SERIAL BUS INPUT FRAMING ERROR
000000r 3               ;     $8E (142) -- SERIAL BUS DATA FRAME OVERRUN ERROR
000000r 3               ;     $8F (143) -- SERIAL BUS DATA FRAME CHECKSUM ERROR
000000r 3               ;     $90 (144) -- DEVICE DONE ERROR
000000r 3               
000000r 3               ; Character and Key Code Equates
000000r 3               
000000r 3               CLS     = $7D           ;##rev2## clear screen
000000r 3               EOL     = $9B           ;end of line (RETURN)
000000r 3               
000000r 3               HELP    = $11           ;##1200xl## key code for HELP
000000r 3               CNTLF1  = $83           ;##1200xl## key code for CTRL-F1
000000r 3               CNTLF2  = $84           ;##1200xl## key code for CTRL-F2
000000r 3               CNTLF3  = $93           ;##1200xl## key code for CTRL-F3
000000r 3               CNTLF4  = $94           ;##1200xl## key code for CTRL-F4
000000r 3               CNTL1   = $9F           ;##1200xl## key code for CTRL-1
000000r 3               
000000r 3               ; Status Code Equates
000000r 3               
000000r 3               SUCCES  = 1             ;($01) succesful operation
000000r 3               
000000r 3               BRKABT  = 128           ;($80) BREAK key abort
000000r 3               PRVOPN  = 129           ;($81) IOCB already open error
000000r 3               NONDEV  = 130           ;($82) nonexistent device error
000000r 3               WRONLY  = 131           ;($83) IOCB opened for write only error
000000r 3               NVALID  = 132           ;($84) invalid command error
000000r 3               NOTOPN  = 133           ;($85) device/file not open error
000000r 3               BADIOC  = 134           ;($86) invalid IOCB index error
000000r 3               RDONLY  = 135           ;($87) IOCB opened for read only error
000000r 3               EOFERR  = 136           ;($88) end of file error
000000r 3               TRNRCD  = 137           ;($89) truncated record error
000000r 3               TIMOUT  = 138           ;($8A) peripheral device timeout error
000000r 3               DNACK   = 139           ;($8B) device does not acknowledge command
000000r 3               FRMERR  = 140           ;($8C) serial bus framing error
000000r 3               CRSROR  = 141           ;($8D) cursor overrange error
000000r 3               OVRRUN  = 142           ;($8E) serial bus data overrun error
000000r 3               CHKERR  = 143           ;($8F) serial bus checksum error
000000r 3               DERROR  = 144           ;($90) device done (operation incomplete)
000000r 3               BADMOD  = 145           ;($91) bad screen mode number error
000000r 3               FNCNOT  = 146           ;($92) function not implemented in handler
000000r 3               SCRMEM  = 147           ;($93) insufficient memory for screen mode
000000r 3               
000000r 3               DSKFMT  = 148           ;($94) SpartaDOS: unrecognized disk format
000000r 3               INCVER  = 149           ;($95) SpartaDOS: disk was made with incompat. version
000000r 3               DIRNFD  = 150           ;($96) SpartaDOS: directory not found
000000r 3               FEXIST  = 151           ;($97) SpartaDOS: file exists
000000r 3               NOTBIN  = 152           ;($98) SpartaDOS: file not binary
000000r 3               LSYMND  = 154           ;($9A) SDX: loader symbol not defined
000000r 3               BADPRM  = 156           ;($9C) SDX: bad parameter
000000r 3               OUTOFM  = 158           ;($9E) SDX: out of memory
000000r 3               INVDEV  = 160           ;($A0) invalid device number
000000r 3               TMOF    = 161           ;($A1) too many open files
000000r 3               DSKFLL  = 162           ;($A2) disk full
000000r 3               FATLIO  = 163           ;($A3) fatal I/O error
000000r 3               FNMSMT  = 164           ;($A4) internal file number mismatch
000000r 3               INVFNM  = 165           ;($A5) invalid file name
000000r 3               PDLERR  = 166           ;($A6) point data length error
000000r 3               EPERM   = 167           ;($A7) permission denied
000000r 3               DINVCM  = 168           ;($A8) command invalid for disk
000000r 3               DIRFLL  = 169           ;($A9) directory full
000000r 3               FNTFND  = 170           ;($AA) file not found
000000r 3               PNTINV  = 171           ;($AB) point invalid
000000r 3               BADDSK  = 173           ;($AD) bad disk
000000r 3               INCFMT  = 176           ;($B0) DOS 3: incompatible file system
000000r 3               XNTBIN  = 180           ;($B4) XDOS: file not binary
000000r 3               
000000r 3               ; DCB Device Bus Equates
000000r 3               
000000r 3               DISKID  = $31           ;##rev2## disk bus ID
000000r 3               PDEVN   = $40           ;##rev2## printer bus ID
000000r 3               CASET   = $60           ;##rev2## cassette bus ID
000000r 3               
000000r 3               ; Bus Command Equates
000000r 3               
000000r 3               FOMAT   = '!'           ;##rev2## format command
000000r 3               PUTSEC  = 'P'           ;##rev2## put sector command
000000r 3               READ    = 'R'           ;##rev2## read command
000000r 3               STATC   = 'S'           ;##rev2## status command
000000r 3               WRITE   = 'W'           ;##rev2## write command
000000r 3               
000000r 3               ; Command Auxiliary Byte Equates
000000r 3               
000000r 3               DOUBLE  = 'D'           ;##rev2## print 20 characters double width
000000r 3               NORMAL  = 'N'           ;##rev2## print 40 characters normally
000000r 3               PLOT    = 'P'           ;##rev2## plot
000000r 3               SIDWAY  = 'S'           ;##rev2## print 16 characters sideways
000000r 3               
000000r 3               ; Bus Response Equates
000000r 3               
000000r 3               ACK     = 'A'           ;##rev2## device acknowledged
000000r 3               COMPLT  = 'C'           ;##rev2## device succesfully completed operation
000000r 3               ERROR   = 'E'           ;##rev2## device incurred error
000000r 3               NACK    = 'N'           ;##rev2## device did not understand
000000r 3               
000000r 3               ; Floating Point Miscellaneous Equates
000000r 3               
000000r 3               FPREC   = 6             ;precision
000000r 3               
000000r 3               FMPREC  = FPREC-1       ;##rev2## length of mantissa
000000r 3               
000000r 3               ; Cassette Record Type Equates
000000r 3               
000000r 3               HDR     = $FB           ;##rev2## header
000000r 3               DTA     = $FC           ;##rev2## data record
000000r 3               DT1     = $FA           ;##rev2## last data record
000000r 3               EOT     = $FE           ;##rev2## end of tape (file)
000000r 3               
000000r 3               TONE1   = 2             ;##rev2## record
000000r 3               TONE2   = 1             ;##rev2## playback
000000r 3               
000000r 3               ; Cassette Timing Equates
000000r 3               
000000r 3               WLEADN  = 1152          ;##rev2## NTSC 19.2 second WRITE file leader
000000r 3               RLEADN  = 576           ;##rev2## NTSC 9.6 second READ file leader
000000r 3               WIRGLN  = 180           ;##rev2## NTSC 3.0 second WRITE IRG
000000r 3               RIRGLN  = 120           ;##rev2## NTSC 2.0 second READ IRG
000000r 3               WSIRGN  = 15            ;##rev2## NTSC 0.25 second WRITE short IRG
000000r 3               RSIRGN  = 10            ;##rev2## NTSC 0.16 second READ short IRG
000000r 3               BEEPNN  = 30            ;##rev2## NTSC 0.5 second beep duration
000000r 3               BEEPFN  = 10            ;##rev2## NTSC 0.16 seconrd beep duration
000000r 3               
000000r 3               WLEADP  = 960           ;##rev2## PAL 19.2 second WRITE file leader
000000r 3               RLEADP  = 480           ;##rev2## PAL 9.6 second READ file leader
000000r 3               WIRGLP  = 150           ;##rev2## PAL 3.0 second WRITE IRG
000000r 3               RIRGLP  = 100           ;##rev2## PAL 2.0 second READ IRG
000000r 3               WSIRGP  = 13            ;##rev2## PAL 0.25 second WRITE short IRG
000000r 3               RSIRGP  = 8             ;##rev2## PAL 0.16 second READ short IRG
000000r 3               BEEPNP  = 25            ;##rev2## PAL 0.5 second beep duration
000000r 3               BEEPFP  = 8             ;##rev2## PAL 0.16 seconrd beep duration
000000r 3               
000000r 3               WIRGHI  = 0             ;##rev2## high WRITE IRG
000000r 3               RIRGHI  = 0             ;##rev2## high READ IRG
000000r 3               
000000r 3               ; Power-up Validation Byte Value Equates
000000r 3               
000000r 3               PUPVL1  = $5C           ;##rev2## power-up validation value 1
000000r 3               PUPVL2  = $93           ;##rev2## power-up validation value 2
000000r 3               PUPVL3  = $25           ;##rev2## power-up validation value 3
000000r 3               
000000r 3               ; Relocating Loader Miscellaneous Equates
000000r 3               
000000r 3               DATAER  = 156           ;##rev2## end of record appears before END
000000r 3               MEMERR  = 157           ;##rev2## memory insufficient for load error
000000r 3               
000000r 3               ; Miscellaneous Equates
000000r 3               
000000r 3               IOCFRE  = $FF           ;IOCB free indication
000000r 3               
000000r 3               B19200  = $0028         ;##rev2## 19200 baud POKEY counter value
000000r 3               B00600  = $05CC         ;##rev2## 600 baud POKEY counter value
000000r 3               
000000r 3               HITONE  = $05           ;##rev2## FSK high freq. POKEY counter value
000000r 3               LOTONE  = $07           ;##rev2## FSK low freq. POKEY counter value
000000r 3               
000000r 3               NCOMLO  = $34           ;##rev2## PIA lower NOT COMMAND line command
000000r 3               NCOMHI  = $3C           ;##rev2## PIA raise NOT COMMAND line command
000000r 3               
000000r 3               MOTRGO  = $34           ;##rev2## PIA cassette motor ON command
000000r 3               MOTRST  = $3C           ;##rev2## PIA cassette motor OFF command
000000r 3               
000000r 3               NODAT   = $00           ;##rev2## SIO immediate operation
000000r 3               GETDAT  = $40           ;##rev2## SIO read data frame
000000r 3               PUTDAT  = $80           ;##rev2## SIO write data frame
000000r 3               
000000r 3               CRETRI  = 13            ;##rev2## number of command frame retries
000000r 3               DRETRI  = 1             ;##rev2## number of device retries
000000r 3               CTIM    = 2             ;##rev2## command frame ACK timeout
000000r 3               
000000r 3               NBUFSZ  = 40            ;##rev2## print normal buffer size
000000r 3               DBUFSZ  = 20            ;##rev2## print double buffer size
000000r 3               SBUFSZ  = 29            ;##rev2## print sideways buffer size
000000r 3               
000000r 3               ;-------------------------------------------------------------------------
000000r 3               ; Page Zero Address Equates
000000r 3               ;-------------------------------------------------------------------------
000000r 3               
000000r 3               LINZBS  = $00           ;LINBUG RAM (WILL BE REPLACED BY MONITOR RAM)
000000r 3               LNFLG   = $00           ;##1200xl## 1-byte LNBUG flag (0 = not LNBUG)
000000r 3               NGFLAG  = $01           ;##1200xl## 1-byte memory status (0 = failure)
000000r 3               
000000r 3               ; Not Cleared
000000r 3               
000000r 3               CASINI  = $02           ;CASSETTE INIT LOCATION
000000r 3               RAMLO   = $04           ;RAM POINTER FOR MEMORY TEST
000000r 3               TRAMSZ  = $06           ;TEMPORARY REGISTER FOR RAM SIZE
000000r 3               ;TSTDAT = $07           ;##old## RAM TEST DATA REGISTER
000000r 3               CMCMD   = $07           ;##rev2## 1-byte command communications
000000r 3               
000000r 3               ; Cleared upon Coldstart only
000000r 3               
000000r 3               WARMST  = $08           ;WARM START FLAG
000000r 3               BOOTQ   = $09           ;SUCCESSFUL BOOT FLAG
000000r 3               DOSVEC  = $0A           ;DISK SOFTWARE START VECTOR
000000r 3               DOSINI  = $0C           ;DISK SOFTWARE INIT ADDRESS
000000r 3               APPMHI  = $0E           ;APPLICATIONS MEMORY HI LIMIT
000000r 3               
000000r 3               ; Cleared upon Coldstart or Warmstart
000000r 3               
000000r 3               INTZBS  = $10           ;INTERRUPT HANDLER
000000r 3               
000000r 3               POKMSK  = $10           ;SYSTEM MASK FOR POKEY IRQ ENABLE (shadow of IRQEN)
000000r 3               BRKKEY  = $11           ;BREAK KEY FLAG
000000r 3               RTCLOK  = $12           ;REAL TIME CLOCK (IN 16 MSEC UNITS>
000000r 3               BUFADR  = $15           ;INDIRECT BUFFER ADDRESS REGISTER
000000r 3               ICCOMT  = $17           ;COMMAND FOR VECTOR
000000r 3               DSKFMS  = $18           ;DISK FILE MANAGER POINTER
000000r 3               DSKUTL  = $1A           ;DISK UTILITIES POINTER
000000r 3               ABUFPT  = $1C           ;##1200xl## 4-byte ACMI buffer pointer area
000000r 3               
000000r 3               ;PTIMOT = $1C           ;##old## PRINTER TIME OUT REGISTER
000000r 3               ;PBPNT  = $1D           ;##old## PRINT BUFFER POINTER
000000r 3               ;PBUFSZ = $1E           ;##old## PRINT BUFFER SIZE
000000r 3               ;PTEMP  = $1F           ;##old## TEMPORARY REGISTER
000000r 3               
000000r 3               ZIOCB   = $20           ;ZERO PAGE I/O CONTROL BLOCK
000000r 3               IOCBAS  = $20           ;16-byte page zero IOCB
000000r 3               ICHIDZ  = $20           ;HANDLER INDEX NUMBER (FF = IOCB FREE)
000000r 3               ICDNOZ  = $21           ;DEVICE NUMBER (DRIVE NUMBER)
000000r 3               ICCOMZ  = $22           ;COMMAND CODE
000000r 3               ICSTAZ  = $23           ;STATUS OF LAST IOCB ACTION
000000r 3               ICBALZ  = $24           ;BUFFER ADDRESS LOW BYTE
000000r 3               ICBAHZ  = $25           ;1-byte high buffer address
000000r 3               ICPTLZ  = $26           ;PUT BYTE ROUTINE ADDRESS -1
000000r 3               ICPTHZ  = $27           ;1-byte high PUT-BYTE routine address
000000r 3               ICBLLZ  = $28           ;BUFFER LENGTH LOW BYTE
000000r 3               ICBLHZ  = $29           ;1-byte high buffer length
000000r 3               ICAX1Z  = $2A           ;AUXILIARY INFORMATION FIRST BYTE
000000r 3               ICAX2Z  = $2B           ;1-byte second auxiliary information
000000r 3               ICSPRZ  = $2C           ;4-byte spares
000000r 3               
000000r 3               ENTVEC  = $2C           ;##rev2## 2-byte (not used)
000000r 3               ICIDNO  = $2E           ;IOCB NUMBER X 16
000000r 3               CIOCHR  = $2F           ;CHARACTER BYTE FOR CURRENT OPERATION
000000r 3               
000000r 3               STATUS  = $30           ;INTERNAL STATUS STORAGE
000000r 3               CHKSUM  = $31           ;CHECKSUM (SINGLE BYTE SUM WITH CARRY)
000000r 3               BUFRLO  = $32           ;POINTER TO DATA BUFFER (LO BYTE)
000000r 3               BUFRHI  = $33           ;POINTER TO DATA BUFFER (HI BYTE)
000000r 3               BFENLO  = $34           ;NEXT BYTE PAST END OF THE DATA BUFFER LO
000000r 3               BFENHI  = $35           ;NEXT BYTE PAST END OF THE DATA BUFFER HI
000000r 3               ;CRETRY = $36           ;##old## NUMBER OF COMMAND FRAME RETRIES
000000r 3               ;DRETRY = $37           ;##old## NUMBER OF DEVICE RETRIES
000000r 3               LTEMP   = $36           ;##1200xl## 2-byte loader temporary
000000r 3               BUFRFL  = $38           ;DATA BUFFER FULL FLAG
000000r 3               RECVDN  = $39           ;RECEIVE DONE FLAG
000000r 3               XMTDON  = $3A           ;TRANSMISSION DONE FLAG
000000r 3               CHKSNT  = $3B           ;CHECKSUM SENT FLAG
000000r 3               NOCKSM  = $3C           ;NO CHECKSUM FOLLOWS DATA FLAG
000000r 3               BPTR    = $3D           ;1-byte cassette buffer pointer
000000r 3               FTYPE   = $3E           ;1-byte cassette IRG type
000000r 3               FEOF    = $3F           ;1-byte cassette EOF flag (0 = quiet)
000000r 3               FREQ    = $40           ;1-byte cassette beep counter
000000r 3               SOUNDR  = $41           ;NOISY I/0 FLAG. (ZERO IS QUIET)
000000r 3               
000000r 3               CRITIC  = $42           ;DEFINES CRITICAL SECTION (CRITICAL IF NON-Z)
000000r 3               
000000r 3               FMSZPG  = $43           ;DISK FILE MANAGER SYSTEM ZERO PAGE
000000r 3               
000000r 3               ;CKEY   = $4A           ;##old## FLAG SET WHEN GAME START PRESSED
000000r 3               ZCHAIN  = $4A           ;##1200xl## 2-byte handler linkage chain pointer
000000r 3               ;CASSBT = $4B           ;##old## CASSETTE BOOT FLAG
000000r 3               DSTAT   = $4C           ;DISPLAY STATUS
000000r 3               ATRACT  = $4D           ;ATRACT FLAG
000000r 3               DRKMSK  = $4E           ;DARK ATRACT MASK
000000r 3               COLRSH  = $4F           ;ATRACT COLOR SHIFTER (EOR'ED WITH PLAYFIELD
000000r 3               
000000r 3               
000000r 3               TMPCHR  = $50           ;1-byte temporary character
000000r 3               HOLD1   = $51           ;1-byte temporary
000000r 3               LMARGN  = $52           ;left margin (normally 2, cc65 C startup code sets it to 0)
000000r 3               RMARGN  = $53           ;right margin (normally 39 if no XEP80 is used)
000000r 3               ROWCRS  = $54           ;1-byte cursor row
000000r 3               COLCRS  = $55           ;2-byte cursor column
000000r 3               DINDEX  = $57           ;1-byte display mode
000000r 3               SAVMSC  = $58           ;2-byte saved memory scan counter
000000r 3               OLDROW  = $5A           ;1-byte prior row
000000r 3               OLDCOL  = $5B           ;2-byte prior column
000000r 3               OLDCHR  = $5D           ;DATA UNDER CURSOR
000000r 3               OLDADR  = $5E           ;2-byte saved cursor memory address
000000r 3               FKDEF   = $60           ;##1200xl## 2-byte function key definition table
000000r 3               ;NEWROW = $60           ;##old## POINT DRAW GOES TO
000000r 3               ;NEWCOL = $61           ;##old##
000000r 3               PALNTS  = $62           ;##1200xl## 1-byte PAL/NTSC indicator (0 = NTSC)
000000r 3               LOGCOL  = $63           ;POINTS AT COLUMN IN LOGICAL LINE
000000r 3               ADRESS  = $64           ;2-byte temporary address
000000r 3               
000000r 3               MLTTMP  = $66           ;1-byte temporary
000000r 3               OPNTMP  = $66           ;FIRST BYTE IS USED IN OPEN AS TEMP
000000r 3               TOADR   = $66           ;##rev2## 2-byte destination address
000000r 3               
000000r 3               SAVADR  = $68           ;2-byte saved address
000000r 3               FRMADR  = $68           ;##rev2## 2-byte source address
000000r 3               
000000r 3               RAMTOP  = $6A           ;RAM SIZE DEFINED BY POWER ON LOGIC
000000r 3               BUFCNT  = $6B           ;BUFFER COUNT
000000r 3               BUFSTR  = $6C           ;EDITOR GETCH POINTER
000000r 3               BITMSK  = $6E           ;BIT MASK
000000r 3               SHFAMT  = $6F           ;1-byte shift amount for pixel justifucation
000000r 3               ROWAC   = $70           ;2-byte draw working row
000000r 3               COLAC   = $72           ;2-byte draw working column
000000r 3               ENDPT   = $74           ;2-byte end point
000000r 3               DELTAR  = $76           ;1-byte row difference
000000r 3               DELTAC  = $77           ;2-byte column difference
000000r 3               KEYDEF  = $79           ;##1200xl## 2-byte key definition table address
000000r 3               ;ROWINC = $79           ;##old##
000000r 3               ;COLINC = $7A           ;##old##
000000r 3               SWPFLG  = $7B           ;NON-0 1F TXT AND REGULAR RAM IS SWAPPED
000000r 3               HOLDCH  = $7C           ;CH IS MOVED HERE IN KGETCH BEFORE CNTL & SH
000000r 3               INSDAT  = $7D           ;1-byte temporary
000000r 3               COUNTR  = $7E           ;2-byte draw iteration count
000000r 3               
000000r 3               ; Floating Point Package Page Zero Address Equates
000000r 3               
000000r 3               FR0     = $D4           ;6-byte register 0
000000r 3               FR0M    = $D5           ;##rev2## 5-byte register 0 mantissa
000000r 3               QTEMP   = $D9           ;##rev2## 1-byte temporary
000000r 3               
000000r 3               FRE     = $DA           ;6-byte (internal) register E
000000r 3               
000000r 3               FR1     = $E0           ;FP REG1
000000r 3               FR1M    = $E1           ;##rev2## 5-byte register 1 mantissa
000000r 3               
000000r 3               FR2     = $E6           ;6-byte (internal) register 2
000000r 3               
000000r 3               FRX     = $EC           ;1-byte temporary
000000r 3               
000000r 3               EEXP    = $ED           ;VALUE OF E
000000r 3               
000000r 3               FRSIGN  = $EE           ;##rev2## 1-byte floating point sign
000000r 3               NSIGN   = $EE           ;SIGN OF #
000000r 3               
000000r 3               PLYCNT  = $EF           ;##rev2## 1-byte polynomial degree
000000r 3               ESIGN   = $EF           ;SIGN OF EXPONENT
000000r 3               
000000r 3               SGNFLG  = $F0           ;##rev2## 1-byte sign flag
000000r 3               FCHRFLG = $F0           ;1ST CHAR FLAG
000000r 3               
000000r 3               XFMFLG  = $F1           ;##rev2## 1-byte transform flag
000000r 3               DIGRT   = $F1           ;# OF DIGITS RIGHT OF DECIMAL
000000r 3               
000000r 3               CIX     = $F2           ;CURRENT INPUT INDEX
000000r 3               INBUFF  = $F3           ;POINTS TO USER'S LINE INPUT BUFFER
000000r 3               
000000r 3               ZTEMP1  = $F5           ;2-byte temporary
000000r 3               ZTEMP4  = $F7           ;2-byte temporary
000000r 3               ZTEMP3  = $F9           ;2-byte temporary
000000r 3               
000000r 3               ;DEGFLG = $FB           ;##old## same as RADFLG
000000r 3               ;RADFLG = $FB           ;##old## 0=RADIANS, 6=DEGREES
000000r 3               
000000r 3               FLPTR   = $FC           ;2-byte floating point number pointer
000000r 3               FPTR2   = $FE           ;2-byte floating point number pointer
000000r 3               
000000r 3               ;-------------------------------------------------------------------------
000000r 3               ; Page Two Address Equates
000000r 3               ;-------------------------------------------------------------------------
000000r 3               
000000r 3               INTABS  = $0200         ;INTERRUPT RAM
000000r 3               
000000r 3               VDSLST  = $0200         ;DISPLAY LIST NMI VECTOR
000000r 3               VPRCED  = $0202         ;PROCEED LINE IRQ VECTOR
000000r 3               VINTER  = $0204         ;INTERRUPT LINE IRQ VECTOR
000000r 3               VBREAK  = $0206         ;SOFTWARE BREAK (00) INSTRUCTION IRQ VECTOR
000000r 3               VKEYBD  = $0208         ;POKEY KEYBOARD IRQ VECTOR
000000r 3               VSERIN  = $020A         ;POKEY SERIAL INPUT READY IRQ
000000r 3               VSEROR  = $020C         ;POKEY SERIAL OUTPUT READY IRQ
000000r 3               VSEROC  = $020E         ;POKEY SERIAL OUTPUT COMPLETE IRQ
000000r 3               VTIMR1  = $0210         ;POKEY TIMER 1 IRQ
000000r 3               VTIMR2  = $0212         ;POKEY TIMER 2 IRQ
000000r 3               VTIMR4  = $0214         ;POKEY TIMER 4 IRQ
000000r 3               VIMIRQ  = $0216         ;IMMEDIATE IRQ VECTOR
000000r 3               CDTMV1  = $0218         ;COUNT DOWN TIMER 1
000000r 3               CDTMV2  = $021A         ;COUNT DOWN TIMER 2
000000r 3               CDTMV3  = $021C         ;COUNT DOWN TIMER 3
000000r 3               CDTMV4  = $021E         ;COUNT DOWN TIMER 4
000000r 3               CDTMV5  = $0220         ;COUNT DOWN TIMER 5
000000r 3               VVBLKI  = $0222         ;IMMEDIATE VERTICAL BLANK NMI VECTOR
000000r 3               VVBLKD  = $0224         ;DEFERRED VERTICAL BLANK NMI VECTOR
000000r 3               CDTMA1  = $0226         ;COUNT DOWN TIMER 1 JSR ADDRESS
000000r 3               CDTMA2  = $0228         ;COUNT DOWN TIMER 2 JSR ADDRESS
000000r 3               CDTMF3  = $022A         ;COUNT DOWN TIMER 3 FLAG
000000r 3               SRTIMR  = $022B         ;SOFTWARE REPEAT TIMER
000000r 3               CDTMF4  = $022C         ;COUNT DOWN TIMER 4 FLAG
000000r 3               INTEMP  = $022D         ;IAN'S TEMP
000000r 3               CDTMF5  = $022E         ;COUNT DOWN TIMER FLAG 5
000000r 3               SDMCTL  = $022F         ;SAVE DMACTL REGISTER
000000r 3               SDLSTL  = $0230         ;SAVE DISPLAY LIST LOW BYTE
000000r 3               SDLSTH  = $0231         ;SAVE DISPLAY LIST HI BYTE
000000r 3               SSKCTL  = $0232         ;SKCTL REGISTER RAM
000000r 3               LCOUNT  = $0233         ;##1200xl## 1-byte relocating loader record
000000r 3               LPENH   = $0234         ;LIGHT PEN HORIZONTAL VALUE
000000r 3               LPENV   = $0235         ;LIGHT PEN VERTICAL VALUE
000000r 3               BRKKY   = $0236         ;BREAK KEY VECTOR
000000r 3               ;RELADR = $0238         ;##1200xl## 2-byte relocatable loader address
000000r 3               VPIRQ   = $0238         ;##rev2## 2-byte parallel device IRQ vector
000000r 3               CDEVIC  = $023A         ;COMMAND FRAME BUFFER - DEVICE
000000r 3               CCOMND  = $023B         ;COMMAND
000000r 3               CAUX1   = $023C         ;COMMAND AUX BYTE 1
000000r 3               CAUX2   = $023D         ;COMMAND AUX BYTE 2
000000r 3               
000000r 3               TEMP    = $023E         ;TEMPORARY RAM CELL
000000r 3               
000000r 3               ERRFLG  = $023F         ;ERROR FLAG - ANY DEVICE ERROR EXCEPT TIME OUT
000000r 3               
000000r 3               DFLAGS  = $0240         ;DISK FLAGS FROM SECTOR ONE
000000r 3               DBSECT  = $0241         ;NUMBER OF DISK BOOT SECTORS
000000r 3               BOOTAD  = $0242         ;ADDRESS WHERE DISK BOOT LOADER WILL BE PUT
000000r 3               COLDST  = $0244         ;COLDSTART FLAG (1=IN MIDDLE OF COLDSTART>
000000r 3               RECLEN  = $0245         ;##1200xl## 1-byte relocating loader record length
000000r 3               DSKTIM  = $0246         ;DISK TIME OUT REGISTER
000000r 3               ;LINBUF = $0247         ;##old## CHAR LINE BUFFER
000000r 3               PDVMSK  = $0247         ;##rev2## 1-byte parallel device selection mask
000000r 3               SHPDVS  = $0248         ;##rev2## 1-byte PDVS (parallel device select)
000000r 3               PDIMSK  = $0249         ;##rev2## 1-byte parallel device IRQ selection
000000r 3               RELADR  = $024A         ;##rev2## 2-byte relocating loader relative adr.
000000r 3               PPTMPA  = $024C         ;##rev2## 1-byte parallel device handler temporary
000000r 3               PPTMPX  = $024D         ;##rev2## 1-byte parallel device handler temporary
000000r 3               
000000r 3               CHSALT  = $026B         ;##1200xl## 1-byte character set alternate
000000r 3               VSFLAG  = $026C         ;##1200xl## 1-byte fine vertical scroll count
000000r 3               KEYDIS  = $026D         ;##1200xl## 1-byte keyboard disable
000000r 3               FINE    = $026E         ;##1200xl## 1-byte fine scrolling mode
000000r 3               GPRIOR  = $026F         ;GLOBAL PRIORITY CELL
000000r 3               
000000r 3               PADDL0  = $0270         ;1-byte potentiometer 0
000000r 3               PADDL1  = $0271         ;1-byte potentiometer 1
000000r 3               PADDL2  = $0272         ;1-byte potentiometer 2
000000r 3               PADDL3  = $0273         ;1-byte potentiometer 3
000000r 3               PADDL4  = $0274         ;1-byte potentiometer 4
000000r 3               PADDL5  = $0275         ;1-byte potentiometer 5
000000r 3               PADDL6  = $0276         ;1-byte potentiometer 6
000000r 3               PADDL7  = $0277         ;1-byte potentiometer 7
000000r 3               
000000r 3               STICK0  = $0278         ;1-byte joystick 0
000000r 3               STICK1  = $0279         ;1-byte joystick 1
000000r 3               STICK2  = $027A         ;1-byte joystick 2
000000r 3               STICK3  = $027B         ;1-byte joystick 3
000000r 3               
000000r 3               PTRIG0  = $027C         ;1-byte paddle trigger 0
000000r 3               PTRIG1  = $027D         ;1-byte paddle trigger 1
000000r 3               PTRIG2  = $027E         ;1-byte paddle trigger 2
000000r 3               PTRIG3  = $027F         ;1-byte paddle trigger 3
000000r 3               PTRIG4  = $0280         ;1-byte paddle trigger 4
000000r 3               PTRIG5  = $0281         ;1-byte paddle trigger 5
000000r 3               PTRIG6  = $0281         ;1-byte paddle trigger 6
000000r 3               PTRIG7  = $0283         ;1-byte paddle trigger 7
000000r 3               
000000r 3               STRIG0  = $0284         ;1-byte joystick trigger 0
000000r 3               STRIG1  = $0285         ;1-byte joystick trigger 1
000000r 3               STRIG2  = $0286         ;1-byte joystick trigger 2
000000r 3               STRIG3  = $0287         ;1-byte joystick trigger 3
000000r 3               
000000r 3               ;CSTAT  = $0288         ;##old## cassette status register
000000r 3               HIBYTE  = $0288         ;##1200xl## 1-byte relocating loader high byte
000000r 3               WMODE   = $0289         ;1-byte cassette WRITE mode
000000r 3               BLIM    = $028A         ;1-byte cassette buffer limit
000000r 3               IMASK   = $028B         ;##rev2## (not used)
000000r 3               JVECK   = $028C         ;2-byte jump vector or temporary
000000r 3               NEWADR  = $028E         ;##1200xl## 2-byte relocating address
000000r 3               TXTROW  = $0290         ;TEXT ROWCRS
000000r 3               TXTCOL  = $0291         ;TEXT COLCRS
000000r 3               TINDEX  = $0293         ;TEXT INDEX
000000r 3               TXTMSC  = $0294         ;FOOLS CONVRT INTO NEW MSC
000000r 3               TXTOLD  = $0296         ;OLDROW & OLDCOL FOR TEXT (AND THEN SOME)
000000r 3               ;TMPX1  = $029C         ;##old## 1-byte temporary register
000000r 3               CRETRY  = $029C         ;##1200xl## 1-byte number of command frame retries
000000r 3               HOLD3   = $029D         ;1-byte temporary
000000r 3               SUBTMP  = $029E         ;1-byte temporary
000000r 3               HOLD2   = $029F         ;1-byte (not used)
000000r 3               DMASK   = $02A0         ;1-byte display (pixel location) mask
000000r 3               TMPLBT  = $02A1         ;1-byte (not used)
000000r 3               ESCFLG  = $02A2         ;ESCAPE FLAG
000000r 3               TABMAP  = $02A3         ;15-byte (120 bit) tab stop bit map
000000r 3               LOGMAP  = $02B2         ;LOGICAL LINE START BIT MAP
000000r 3               INVFLG  = $02B6         ;INVERSE VIDEO FLAG (TOGGLED BY ATARI KEY)
000000r 3               FILFLG  = $02B7         ;RIGHT FILL FLAG FOR DRAW
000000r 3               TMPROW  = $02B8         ;1-byte temporary row
000000r 3               TMPCOL  = $02B9         ;2-byte temporary column
000000r 3               SCRFLG  = $02BB         ;SET IF SCROLL OCCURS
000000r 3               HOLD4   = $02BC         ;TEMP CELL USED IN DRAW ONLY
000000r 3               ;HOLD5  = $02BD         ;##old## DITTO
000000r 3               DRETRY  = $02BD         ;##1200xl## 1-byte number of device retries
000000r 3               SHFLOK  = $02BE         ;1-byte shift/control lock flags
000000r 3               BOTSCR  = $02BF         ;BOTTOM OF SCREEN   24 NORM 4 SPLIT
000000r 3               
000000r 3               PCOLR0  = $02C0         ;1-byte player-missile 0 color/luminance
000000r 3               PCOLR1  = $02C1         ;1-byte player-missile 1 color/luminance
000000r 3               PCOLR2  = $02C2         ;1-byte player-missile 2 color/luminance
000000r 3               PCOLR3  = $02C3         ;1-byte player-missile 3 color/luminance
000000r 3               
000000r 3               COLOR0  = $02C4         ;1-byte playfield 0 color/luminance
000000r 3               COLOR1  = $02C5         ;1-byte playfield 1 color/luminance
000000r 3               COLOR2  = $02C6         ;1-byte playfield 2 color/luminance
000000r 3               COLOR3  = $02C7         ;1-byte playfield 3 color/luminance
000000r 3               
000000r 3               COLOR4  = $02C8         ;1-byte background color/luminance
000000r 3               
000000r 3               PARMBL  = $02C9         ;##rev2## 6-byte relocating loader parameter
000000r 3               RUNADR  = $02C9         ;##1200xl## 2-byte run address
000000r 3               HIUSED  = $02CB         ;##1200xl## 2-byte highest non-zero page address
000000r 3               ZHIUSE  = $02CD         ;##1200xl## 2-byte highest zero page address
000000r 3               
000000r 3               OLDPAR  = $02CF         ;##rev2## 6-byte relocating loader parameter
000000r 3               GBYTEA  = $02CF         ;##1200xl## 2-byte GET-BYTE routine address
000000r 3               LOADAD  = $02D1         ;##1200xl## 2-byte non-zero page load address
000000r 3               ZLOADA  = $02D3         ;##1200xl## 2-byte zero page load address
000000r 3               
000000r 3               DSCTLN  = $02D5         ;##1200xl## 2-byte disk sector length
000000r 3               ACMISR  = $02D7         ;##1200xl## 2-byte ACMI interrupt service routine
000000r 3               KRPDEL  = $02D9         ;##1200xl## 1-byte auto-repeat delay
000000r 3               KEYREP  = $02DA         ;##1200xl## 1-byte auto-repeat rate
000000r 3               NOCLIK  = $02DB         ;##1200xl## 1-byte key click disable
000000r 3               HELPFG  = $02DC         ;##1200xl## 1-byte HELP key flag (0 = no HELP)
000000r 3               DMASAV  = $02DD         ;##1200xl## 1-byte SDMCTL save/restore
000000r 3               PBPNT   = $02DE         ;##1200xl## 1-byte printer buffer pointer
000000r 3               PBUFSZ  = $02DF         ;##1200xl## 1-byte printer buffer size
000000r 3               
000000r 3               GLBABS  = $02E0         ;4-byte global variables for non-DOS users
000000r 3               RUNAD   = $02E0         ;##map## 2-byte binary file run address
000000r 3               INITAD  = $02E2         ;##map## 2-byte binary file initialization address
000000r 3               
000000r 3               RAMSIZ  = $02E4         ;RAM SIZE (HI BYTE ONLY)
000000r 3               MEMTOP  = $02E5         ;TOP OF AVAILABLE USER MEMORY
000000r 3               MEMLO   = $02E7         ;BOTTOM OF AVAILABLE USER MEMORY
000000r 3               HNDLOD  = $02E9         ;##1200xl## 1-byte user load flag
000000r 3               DVSTAT  = $02EA         ;STATUS BUFFER
000000r 3               CBAUDL  = $02EE         ;1-byte low cassette baud rate
000000r 3               CBAUDH  = $02EF         ;1-byte high cassette baud rate
000000r 3               CRSINH  = $02F0         ;CURSOR INHIBIT (00 = CURSOR ON)
000000r 3               KEYDEL  = $02F1         ;KEY DELAY
000000r 3               CH1     = $02F2         ;1-byte prior keyboard character
000000r 3               CHACT   = $02F3         ;CHACTL REGISTER RAM
000000r 3               CHBAS   = $02F4         ;CHBAS REGISTER RAM
000000r 3               
000000r 3               NEWROW  = $02F5         ;##1200xl## 1-byte draw destination row
000000r 3               NEWCOL  = $02F6         ;##1200xl## 2-byte draw destination column
000000r 3               ROWINC  = $02F8         ;##1200xl## 1-byte draw row increment
000000r 3               COLINC  = $02F9         ;##1200xl## 1-byte draw column increment
000000r 3               
000000r 3               CHAR    = $02FA         ;1-byte internal character
000000r 3               ATACHR  = $02FB         ;ATASCII CHARACTER
000000r 3               CH      = $02FC         ;GLOBAL VARIABLE FOR KEYBOARD
000000r 3               FILDAT  = $02FD         ;RIGHT FILL DATA <DRAW>
000000r 3               DSPFLG  = $02FE         ;DISPLAY FLAG   DISPLAY CNTLS IF NON-ZERO
000000r 3               SSFLAG  = $02FF         ;START/STOP FLAG FOR PAGING (CNTL 1). CLEARE
000000r 3               
000000r 3               ;-------------------------------------------------------------------------
000000r 3               ; Page Three Address Equates
000000r 3               ;-------------------------------------------------------------------------
000000r 3               
000000r 3               DCB     = $0300         ;DEVICE CONTROL BLOCK
000000r 3               DDEVIC  = $0300         ;PERIPHERAL UNIT 1 BUS I.D. NUMBER
000000r 3               DUNIT   = $0301         ;UNIT NUMBER
000000r 3               DCOMND  = $0302         ;BUS COMMAND
000000r 3               DSTATS  = $0303         ;COMMAND TYPE/STATUS RETURN
000000r 3               DBUFLO  = $0304         ;1-byte low data buffer address
000000r 3               DBUFHI  = $0305         ;1-byte high data buffer address
000000r 3               DTIMLO  = $0306         ;DEVICE TIME OUT IN 1 SECOND UNITS
000000r 3               DUNUSE  = $0307         ;UNUSED BYTE
000000r 3               DBYTLO  = $0308         ;1-byte low number of bytes to transfer
000000r 3               DBYTHI  = $0309         ;1-byte high number of bytes to transfer
000000r 3               DAUX1   = $030A         ;1-byte first command auxiliary
000000r 3               DAUX2   = $030B         ;1-byte second command auxiliary
000000r 3               
000000r 3               TIMER1  = $030C         ;INITIAL TIMER VALUE
000000r 3               ;ADDCOR = $030E         ;##old## ADDITION CORRECTION
000000r 3               JMPERS  = $030E         ;##1200xl## 1-byte jumper options
000000r 3               CASFLG  = $030F         ;CASSETTE MODE WHEN SET
000000r 3               TIMER2  = $0310         ;2-byte final baud rate timer value
000000r 3               TEMP1   = $0312         ;TEMPORARY STORAGE REGISTER
000000r 3               ;TEMP2  = $0314         ;##old## TEMPORARY STORAGE REGISTER
000000r 3               TEMP2   = $0313         ;##1200xl## 1-byte temporary
000000r 3               PTIMOT  = $0314         ;##1200xl## 1-byte printer timeout
000000r 3               TEMP3   = $0315         ;TEMPORARY STORAGE REGISTER
000000r 3               SAVIO   = $0316         ;SAVE SERIAL IN DATA PORT
000000r 3               TIMFLG  = $0317         ;TIME OUT FLAG FOR BAUD RATE CORRECTION
000000r 3               STACKP  = $0318         ;SIO STACK POINTER SAVE CELL
000000r 3               TSTAT   = $0319         ;TEMPORARY STATUS HOLDER
000000r 3               
000000r 3               HATABS  = $031A         ;35-byte handler address table (was 38 bytes)
000000r 3               PUPBT1  = $033D         ;##1200xl## 1-byte power-up validation byte 1
000000r 3               PUPBT2  = $033E         ;##1200xl## 1-byte power-up validation byte 2
000000r 3               PUPBT3  = $033F         ;##1200xl## 1-byte power-up validation byte 3
000000r 3               
000000r 3               IOCB    = $0340         ;I/O CONTROL BLOCKS
000000r 3               ICHID   = $0340         ;HANDLER INDEX NUMBER (FF=IOCB FREE)
000000r 3               ICDNO   = $0341         ;DEVICE NUMBER (DRIVE NUMBER)
000000r 3               ICCOM   = $0342         ;COMMAND CODE
000000r 3               ICSTA   = $0343         ;STATUS OF LAST IOCB ACTION
000000r 3               ICBAL   = $0344         ;1-byte low buffer address
000000r 3               ICBAH   = $0345         ;1-byte high buffer address
000000r 3               ICPTL   = $0346         ;1-byte low PUT-BYTE routine address - 1
000000r 3               ICPTH   = $0347         ;1-byte high PUT-BYTE routine address - 1
000000r 3               ICBLL   = $0348         ;1-byte low buffer length
000000r 3               ICBLH   = $0349         ;1-byte high buffer length
000000r 3               ICAX1   = $034A         ;1-byte first auxiliary information
000000r 3               ICAX2   = $034B         ;1-byte second auxiliary information
000000r 3               ICAX3   = $034C         ;1-byte third auxiliary information
000000r 3               ICAX4   = $034D         ;1-byte fourth auxiliary information
000000r 3               ICAX5   = $034E         ;1-byte fifth auxiliary information
000000r 3               ICSPR   = $034F         ;SPARE BYTE
000000r 3               
000000r 3               PRNBUF  = $03C0         ;PRINTER BUFFER
000000r 3               SUPERF  = $03E8         ;##1200xl## 1-byte editor super function flag
000000r 3               CKEY    = $03E9         ;##1200xl## 1-byte cassette boot request flag
000000r 3               CASSBT  = $03EA         ;##1200xl## 1-byte cassette boot flag
000000r 3               CARTCK  = $03EB         ;##1200xl## 1-byte cartridge equivalence check
000000r 3               DERRF   = $03EC         ;##rev2## 1-byte screen OPEN error flag
000000r 3               
000000r 3               ; Remainder of Page Three Not Cleared upon Reset
000000r 3               
000000r 3               ACMVAR  = $03ED         ;##1200xl## 11 bytes reserved for ACMI
000000r 3               BASICF  = $03F8         ;##rev2## 1-byte BASIC switch flag
000000r 3               MINTLK  = $03F9         ;##1200xl## 1-byte ACMI module interlock
000000r 3               GINTLK  = $03FA         ;##1200xl## 1-byte cartridge interlock
000000r 3               CHLINK  = $03FB         ;##1200xl## 2-byte loaded handler chain link
000000r 3               CASBUF  = $03FD         ;CASSETTE BUFFER
000000r 3               
000000r 3               ;-------------------------------------------------------------------------
000000r 3               ; Page Four/Five Address Equates
000000r 3               ;-------------------------------------------------------------------------
000000r 3               
000000r 3               ; USER AREA STARTS HERE AND GOES TO END OF PAGE FIVE
000000r 3               USAREA  = $0480         ;128 bytes reserved for application
000000r 3               
000000r 3               LBPR1   = $057E         ;LBUFF PREFIX 1
000000r 3               LBPR2   = $057F         ;LBUFF PREFIX 2
000000r 3               LBUFF   = $0580         ;128-byte line buffer
000000r 3               
000000r 3               PLYARG  = $05E0         ;6-byte floating point polynomial argument
000000r 3               FPSCR   = $05E6         ;6-byte floating point temporary
000000r 3               FPSCR1  = $05EC         ;6-byte floating point temporary
000000r 3               
000000r 3               ;LBFEND = $05FF         ;##old## END OF LBUFF
000000r 3               
000000r 3               
000000r 3               DOS     = $0700
000000r 3               
000000r 3               ;-------------------------------------------------------------------------
000000r 3               ; SpartaDOS-X Definitions
000000r 3               ;-------------------------------------------------------------------------
000000r 3               
000000r 3               SDX_FLAG     = DOS              ; 'S' for SpartaDOS
000000r 3               SDX_VERSION  = $0701            ; SD version (e.g. $32 = 3.2, $40 = 4.0)
000000r 3                                               ; address $0702 contains sub-version, e.g.
000000r 3                                               ; 8 in case of SDX 4.48
000000r 3               SDX_KERNEL   = $0703            ; SDX kernel entry point
000000r 3               SDX_BLOCK_IO = $0706            ; block I/O entry point
000000r 3               SDX_MISC     = $0709            ; "misc" entry point
000000r 3               SDX_DEVICE   = $0761
000000r 3               SDX_DATE     = $077B            ; day, month, year (3 bytes)
000000r 3               SDX_TIME     = $077E            ; hour, min, sec (3 bytes)
000000r 3               SDX_DATESET  = $0781
000000r 3               SDX_PATH     = $07A0            ; 64 bytes
000000r 3               SDX_IFSYMBOL = $07EB            ; only valid on SDX 4.40 or newer
000000r 3               SDX_S_LOOKUP = SDX_IFSYMBOL     ; alternative name for SDX_IFSYMBOL
000000r 3               
000000r 3               ; values for SDX_DEVICE
000000r 3               
000000r 3               SDX_CLK_DEV  = $10              ; clock device
000000r 3               
000000r 3               ; clock device functions
000000r 3               
000000r 3               SDX_KD_GETTD = 100              ; get time and date
000000r 3               SDX_KD_SETTD = 101              ; set time and date
000000r 3               
000000r 3               ;-------------------------------------------------------------------------
000000r 3               ; Cartridge Address Equates
000000r 3               ;-------------------------------------------------------------------------
000000r 3               
000000r 3               CARTCS  = $BFFA         ;##rev2## 2-byte cartridge coldstart address
000000r 3               CART    = $BFFC         ;##rev2## 1-byte cartridge present indicator
000000r 3                                       ;0=Cart Exists
000000r 3               CARTFG  = $BFFD         ;##rev2## 1-byte cartridge flags
000000r 3                                       ;D7  0=Not a Diagnostic Cart
000000r 3                                       ;    1=Is a Diagnostic cart and control is
000000r 3                                       ;      given to cart before any OS is init.
000000r 3                                       ;D2  0=Init but Do not Start Cart
000000r 3                                       ;    1=Init and Start Cart
000000r 3                                       ;D0  0=Do not boot disk
000000r 3                                       ;    1=Boot Disk
000000r 3               CARTAD  = $BFFE         ;##rev2## 2-byte cartridge start vector
000000r 3               
000000r 3               ;-------------------------------------------------------------------------
000000r 3               ; CTIA/GTIA Address Equates
000000r 3               ;-------------------------------------------------------------------------
000000r 3               
000000r 3               GTIA    = $D000         ;CTIA/GTIA area
000000r 3               .include "atari_gtia.inc"
000000r 4               ;-------------------------------------------------------------------------
000000r 4               ; CTIA/GTIA Address Equates
000000r 4               ;-------------------------------------------------------------------------
000000r 4               
000000r 4               ; Read/Write Addresses
000000r 4               
000000r 4               CONSOL  = GTIA + $1F         ;console switches and speaker control
000000r 4               
000000r 4               ; Read Addresses
000000r 4               
000000r 4               M0PF    = GTIA + $00         ;missile 0 and playfield collision
000000r 4               M1PF    = GTIA + $01         ;missile 1 and playfield collision
000000r 4               M2PF    = GTIA + $02         ;missile 2 and playfield collision
000000r 4               M3PF    = GTIA + $03         ;missile 3 and playfield collision
000000r 4               
000000r 4               P0PF    = GTIA + $04         ;player 0 and playfield collision
000000r 4               P1PF    = GTIA + $05         ;player 1 and playfield collision
000000r 4               P2PF    = GTIA + $06         ;player 2 and playfield collision
000000r 4               P3PF    = GTIA + $07         ;player 3 and playfield collision
000000r 4               
000000r 4               M0PL    = GTIA + $08         ;missile 0 and player collision
000000r 4               M1PL    = GTIA + $09         ;missile 1 and player collision
000000r 4               M2PL    = GTIA + $0A         ;missile 2 and player collision
000000r 4               M3PL    = GTIA + $0B         ;missile 3 and player collision
000000r 4               
000000r 4               P0PL    = GTIA + $0C         ;player 0 and player collision
000000r 4               P1PL    = GTIA + $0D         ;player 1 and player collision
000000r 4               P2PL    = GTIA + $0E         ;player 2 and player collision
000000r 4               P3PL    = GTIA + $0F         ;player 3 and player collision
000000r 4               
000000r 4               TRIG0   = GTIA + $10         ;joystick trigger 0
000000r 4               TRIG1   = GTIA + $11         ;joystick trigger 1
000000r 4               
000000r 4               TRIG2   = GTIA + $12         ;cartridge interlock
000000r 4               TRIG3   = GTIA + $13         ;ACMI module interlock
000000r 4               
000000r 4               PAL     = GTIA + $14         ;##rev2## PAL/NTSC indicator
000000r 4               
000000r 4               ; Write Addresses
000000r 4               
000000r 4               HPOSP0  = GTIA + $00         ;player 0 horizontal position
000000r 4               HPOSP1  = GTIA + $01         ;player 1 horizontal position
000000r 4               HPOSP2  = GTIA + $02         ;player 2 horizontal position
000000r 4               HPOSP3  = GTIA + $03         ;player 3 horizontal position
000000r 4               
000000r 4               HPOSM0  = GTIA + $04         ;missile 0 horizontal position
000000r 4               HPOSM1  = GTIA + $05         ;missile 1 horizontal position
000000r 4               HPOSM2  = GTIA + $06         ;missile 2 horizontal position
000000r 4               HPOSM3  = GTIA + $07         ;missile 3 horizontal position
000000r 4               
000000r 4               SIZEP0  = GTIA + $08         ;player 0 size
000000r 4               SIZEP1  = GTIA + $09         ;player 1 size
000000r 4               SIZEP2  = GTIA + $0A         ;player 2 size
000000r 4               SIZEP3  = GTIA + $0B         ;player 3 size
000000r 4               
000000r 4               SIZEM   = GTIA + $0C         ;missile sizes
000000r 4               
000000r 4               GRAFP0  = GTIA + $0D         ;player 0 graphics
000000r 4               GRAFP1  = GTIA + $0E         ;player 1 graphics
000000r 4               GRAFP2  = GTIA + $0F         ;player 2 graphics
000000r 4               GRAFP3  = GTIA + $10         ;player 3 graphics
000000r 4               
000000r 4               GRAFM   = GTIA + $11         ;missile graphics
000000r 4               
000000r 4               COLPM0  = GTIA + $12         ;player-missile 0 color/luminance
000000r 4               COLPM1  = GTIA + $13         ;player-missile 1 color/luminance
000000r 4               COLPM2  = GTIA + $14         ;player-missile 2 color/luminance
000000r 4               COLPM3  = GTIA + $15         ;player-missile 3 color/luminance
000000r 4               
000000r 4               COLPF0  = GTIA + $16         ;playfield 0 color/luminance
000000r 4               COLPF1  = GTIA + $17         ;playfield 1 color/luminance
000000r 4               COLPF2  = GTIA + $18         ;playfield 2 color/luminance
000000r 4               COLPF3  = GTIA + $19         ;playfield 3 color/luminance
000000r 4               
000000r 4               COLBK   = GTIA + $1A         ;background color/luminance
000000r 4               
000000r 4               PRIOR   = GTIA + $1B         ;priority select
000000r 4               VDELAY  = GTIA + $1C         ;vertical delay
000000r 4               GRACTL  = GTIA + $1D         ;graphic control
000000r 4               HITCLR  = GTIA + $1E         ;collision clear
000000r 4               
000000r 4               
000000r 4               ; Hue values
000000r 4               
000000r 4               HUE_GREY        = 0
000000r 4               HUE_GOLD        = 1
000000r 4               HUE_GOLDORANGE  = 2
000000r 4               HUE_REDORANGE   = 3
000000r 4               HUE_ORANGE      = 4
000000r 4               HUE_MAGENTA     = 5
000000r 4               HUE_PURPLE      = 6
000000r 4               HUE_BLUE        = 7
000000r 4               HUE_BLUE2       = 8
000000r 4               HUE_CYAN        = 9
000000r 4               HUE_BLUEGREEN   = 10
000000r 4               HUE_BLUEGREEN2  = 11
000000r 4               HUE_GREEN       = 12
000000r 4               HUE_YELLOWGREEN = 13
000000r 4               HUE_YELLOW      = 14
000000r 4               HUE_YELLOWRED   = 15
000000r 4               
000000r 4               ; Color defines, similar to c64 colors (untested)
000000r 4               
000000r 4               GTIA_COLOR_BLACK      = (HUE_GREY << 4)
000000r 4               GTIA_COLOR_WHITE      = (HUE_GREY << 4 | 7 << 1)
000000r 4               GTIA_COLOR_RED        = (HUE_REDORANGE << 4 | 1 << 1)
000000r 4               GTIA_COLOR_CYAN       = (HUE_CYAN << 4 | 3 << 1)
000000r 4               GTIA_COLOR_VIOLET     = (HUE_PURPLE << 4 | 4 << 1)
000000r 4               GTIA_COLOR_GREEN      = (HUE_GREEN << 4 | 2 << 1)
000000r 4               GTIA_COLOR_BLUE       = (HUE_BLUE << 4 | 2 << 1)
000000r 4               GTIA_COLOR_YELLOW     = (HUE_YELLOW << 4 | 7 << 1)
000000r 4               GTIA_COLOR_ORANGE     = (HUE_ORANGE << 4 | 5 << 1)
000000r 4               GTIA_COLOR_BROWN      = (HUE_YELLOW << 4 | 2 << 1)
000000r 4               GTIA_COLOR_LIGHTRED   = (HUE_REDORANGE << 4 | 6 << 1)
000000r 4               GTIA_COLOR_GRAY1      = (HUE_GREY << 4 | 2 << 1)
000000r 4               GTIA_COLOR_GRAY2      = (HUE_GREY << 4 | 3 << 1)
000000r 4               GTIA_COLOR_LIGHTGREEN = (HUE_GREEN << 4 | 6 << 1)
000000r 4               GTIA_COLOR_LIGHTBLUE  = (HUE_BLUE << 4 | 6 << 1)
000000r 4               GTIA_COLOR_GRAY3      = (HUE_GREY << 4 | 5 << 1)
000000r 4               
000000r 3               
000000r 3               ;-------------------------------------------------------------------------
000000r 3               ; PBI Address Equates
000000r 3               ;-------------------------------------------------------------------------
000000r 3               
000000r 3               PBI     = $D100         ;##rev2## parallel bus interface area
000000r 3               
000000r 3               ; Read Addresses
000000r 3               
000000r 3               PDVI    = $D1FF         ;##rev2## parallel device IRQ status
000000r 3               
000000r 3               ; Write Addresses
000000r 3               
000000r 3               PDVS    = $D1FF         ;##rev2## parallel device select
000000r 3               
000000r 3               ;-------------------------------------------------------------------------
000000r 3               ; POKEY Address Equates
000000r 3               ;-------------------------------------------------------------------------
000000r 3               
000000r 3               POKEY     = $D200         ;POKEY area
000000r 3               .include  "atari_pokey.inc"
000000r 4               ;-------------------------------------------------------------------------
000000r 4               ; POKEY Address Equates
000000r 4               ;-------------------------------------------------------------------------
000000r 4               
000000r 4               ; Read Addresses
000000r 4               
000000r 4               POT0    = POKEY + $00         ;potentiometer 0
000000r 4               POT1    = POKEY + $01         ;potentiometer 1
000000r 4               POT2    = POKEY + $02         ;potentiometer 2
000000r 4               POT3    = POKEY + $03         ;potentiometer 3
000000r 4               POT4    = POKEY + $04         ;potentiometer 4
000000r 4               POT5    = POKEY + $05         ;potentiometer 5
000000r 4               POT6    = POKEY + $06         ;potentiometer 6
000000r 4               POT7    = POKEY + $07         ;potentiometer 7
000000r 4               
000000r 4               ALLPOT  = POKEY + $08         ;potentiometer port status
000000r 4               KBCODE  = POKEY + $09         ;keyboard code
000000r 4               RANDOM  = POKEY + $0A         ;random number generator
000000r 4               SERIN   = POKEY + $0D         ;serial port input
000000r 4               IRQST   = POKEY + $0E         ;IRQ interrupt status
000000r 4               SKSTAT  = POKEY + $0F         ;serial port and keyboard status
000000r 4               
000000r 4               ; Write Addresses
000000r 4               
000000r 4               AUDF1   = POKEY + $00         ;channel 1 audio frequency
000000r 4               AUDC1   = POKEY + $01         ;channel 1 audio control
000000r 4               
000000r 4               AUDF2   = POKEY + $02         ;channel 2 audio frequency
000000r 4               AUDC2   = POKEY + $03         ;channel 2 audio control
000000r 4               
000000r 4               AUDF3   = POKEY + $04         ;channel 3 audio frequency
000000r 4               AUDC3   = POKEY + $05         ;channel 3 audio control
000000r 4               
000000r 4               AUDF4   = POKEY + $06         ;channel 4 audio frequency
000000r 4               AUDC4   = POKEY + $07         ;channel 4 audio control
000000r 4               
000000r 4               AUDCTL  = POKEY + $08         ;audio control
000000r 4               STIMER  = POKEY + $09         ;start timers
000000r 4               SKRES   = POKEY + $0A         ;reset SKSTAT status
000000r 4               POTGO   = POKEY + $0B         ;start potentiometer scan sequence
000000r 4               SEROUT  = POKEY + $0D         ;serial port output
000000r 4               IRQEN   = POKEY + $0E         ;IRQ interrupt enable
000000r 4               SKCTL   = POKEY + $0F         ;serial port and keyboard control
000000r 4               
000000r 3               
000000r 3               ; POKEY KBCODE Values
000000r 3               
000000r 3               KEY_NONE    = $FF
000000r 3               
000000r 3               KEY_0       = $32
000000r 3               KEY_1       = $1F
000000r 3               KEY_2       = $1E
000000r 3               KEY_3       = $1A
000000r 3               KEY_4       = $18
000000r 3               KEY_5       = $1D
000000r 3               KEY_6       = $1B
000000r 3               KEY_7       = $33
000000r 3               KEY_8       = $35
000000r 3               KEY_9       = $30
000000r 3               
000000r 3               KEY_A       = $3F
000000r 3               KEY_B       = $15
000000r 3               KEY_C       = $12
000000r 3               KEY_D       = $3A
000000r 3               KEY_E       = $2A
000000r 3               KEY_F       = $38
000000r 3               KEY_G       = $3D
000000r 3               KEY_H       = $39
000000r 3               KEY_I       = $0D
000000r 3               KEY_J       = $01
000000r 3               KEY_K       = $05
000000r 3               KEY_L       = $00
000000r 3               KEY_M       = $25
000000r 3               KEY_N       = $23
000000r 3               KEY_O       = $08
000000r 3               KEY_P       = $0A
000000r 3               KEY_Q       = $2F
000000r 3               KEY_R       = $28
000000r 3               KEY_S       = $3E
000000r 3               KEY_T       = $2D
000000r 3               KEY_U       = $0B
000000r 3               KEY_V       = $10
000000r 3               KEY_W       = $2E
000000r 3               KEY_X       = $16
000000r 3               KEY_Y       = $2B
000000r 3               KEY_Z       = $17
000000r 3               
000000r 3               KEY_COMMA       = $20
000000r 3               KEY_PERIOD      = $22
000000r 3               KEY_SLASH       = $26
000000r 3               KEY_SEMICOLON   = $02
000000r 3               KEY_PLUS        = $06
000000r 3               KEY_ASTERISK    = $07
000000r 3               KEY_DASH        = $0E
000000r 3               KEY_EQUALS      = $0F
000000r 3               KEY_LESSTHAN    = $36
000000r 3               KEY_GREATERTHAN = $37
000000r 3               
000000r 3               KEY_ESC     = $1C
000000r 3               KEY_TAB     = $2C
000000r 3               KEY_SPACE   = $21
000000r 3               KEY_RETURN  = $0C
000000r 3               KEY_DELETE  = $34
000000r 3               KEY_CAPS    = $3C
000000r 3               KEY_INVERSE = $27
000000r 3               KEY_HELP    = $11
000000r 3               
000000r 3               KEY_F1      = $03
000000r 3               KEY_F2      = $04
000000r 3               KEY_F3      = $13
000000r 3               KEY_F4      = $14
000000r 3               
000000r 3               KEY_SHIFT   = $40
000000r 3               KEY_CTRL    = $80
000000r 3               
000000r 3               ; Composed keys
000000r 3               
000000r 3               KEY_EXCLAMATIONMARK = KEY_1 | KEY_SHIFT
000000r 3               KEY_QUOTE           = KEY_2 | KEY_SHIFT
000000r 3               KEY_HASH            = KEY_3 | KEY_SHIFT
000000r 3               KEY_DOLLAR          = KEY_4 | KEY_SHIFT
000000r 3               KEY_PERCENT         = KEY_5 | KEY_SHIFT
000000r 3               KEY_AMPERSAND       = KEY_6 | KEY_SHIFT
000000r 3               KEY_APOSTROPHE      = KEY_7 | KEY_SHIFT
000000r 3               KEY_AT              = KEY_8 | KEY_SHIFT
000000r 3               KEY_OPENINGPARAN    = KEY_9 | KEY_SHIFT
000000r 3               KEY_CLOSINGPARAN    = KEY_0 | KEY_SHIFT
000000r 3               KEY_UNDERLINE       = KEY_DASH | KEY_SHIFT
000000r 3               KEY_BAR             = KEY_EQUALS | KEY_SHIFT
000000r 3               KEY_COLON           = KEY_SEMICOLON | KEY_SHIFT
000000r 3               KEY_BACKSLASH       = KEY_PLUS | KEY_SHIFT
000000r 3               KEY_CIRCUMFLEX      = KEY_ASTERISK | KEY_SHIFT
000000r 3               KEY_OPENINGBRACKET  = KEY_COMMA | KEY_SHIFT
000000r 3               KEY_CLOSINGBRACKET  = KEY_PERIOD | KEY_SHIFT
000000r 3               KEY_QUESTIONMARK    = KEY_SLASH | KEY_SHIFT
000000r 3               KEY_CLEAR           = KEY_LESSTHAN | KEY_SHIFT
000000r 3               KEY_INSERT          = KEY_GREATERTHAN | KEY_SHIFT
000000r 3               
000000r 3               KEY_UP              = KEY_UNDERLINE | KEY_CTRL
000000r 3               KEY_DOWN            = KEY_EQUALS | KEY_CTRL
000000r 3               KEY_LEFT            = KEY_PLUS | KEY_CTRL
000000r 3               KEY_RIGHT           = KEY_ASTERISK | KEY_CTRL
000000r 3               
000000r 3               ;-------------------------------------------------------------------------
000000r 3               ; ANTIC Address Equates
000000r 3               ;-------------------------------------------------------------------------
000000r 3               
000000r 3               ANTIC     = $D400         ;ANTIC area
000000r 3               .include  "atari_antic.inc"
000000r 4               ;-------------------------------------------------------------------------
000000r 4               ; ANTIC Address Equates
000000r 4               ;-------------------------------------------------------------------------
000000r 4               
000000r 4               ; Read Addresses
000000r 4               
000000r 4               VCOUNT  = ANTIC + $0B         ;vertical line counter
000000r 4               PENH    = ANTIC + $0C         ;light pen horizontal position
000000r 4               PENV    = ANTIC + $0D         ;light pen vertical position
000000r 4               NMIST   = ANTIC + $0F         ;NMI interrupt status
000000r 4               
000000r 4               ; Write Addresses
000000r 4               
000000r 4               DMACTL  = ANTIC + $00         ;DMA control
000000r 4               CHACTL  = ANTIC + $01         ;character control
000000r 4               DLISTL  = ANTIC + $02         ;low display list address
000000r 4               DLISTH  = ANTIC + $03         ;high display list address
000000r 4               HSCROL  = ANTIC + $04         ;horizontal scroll
000000r 4               VSCROL  = ANTIC + $05         ;vertical scroll
000000r 4               PMBASE  = ANTIC + $07         ;player-missile base address
000000r 4               CHBASE  = ANTIC + $09         ;character base address
000000r 4               WSYNC   = ANTIC + $0A         ;wait for HBLANK synchronization
000000r 4               NMIEN   = ANTIC + $0E         ;NMI enable
000000r 4               NMIRES  = ANTIC + $0F         ;NMI interrupt reset
000000r 4               
000000r 4               
000000r 4               ;-------------------------------------------------------------------------
000000r 4               ; Antic opcodes
000000r 4               ;-------------------------------------------------------------------------
000000r 4               
000000r 4               ; usage example:
000000r 4               ;
000000r 4               ; ScreenDL:
000000r 4               ; .byte DL_BLK8
000000r 4               ; .byte DL_BLK8
000000r 4               ; .byte DL_CHR40x8x1 | DL_LMS | DL_DLI
000000r 4               ; .word ScreenAlignment
000000r 4               ; .byte DL_BLK1 | DL_DLI
000000r 4               ; .byte DL_MAP320x1x1 | DL_LMS
000000r 4               ; .word Screen
000000r 4               ;
000000r 4               ; .repeat 99
000000r 4               ; .byte DL_MAP320x1x1
000000r 4               ; .endrepeat
000000r 4               ; .byte DL_MAP320x1x1 | DL_LMS
000000r 4               ; .word Screen + 40 * 100       ; 100 lines a 40 byte, 'Screen' has to be aligned correctly!
000000r 4               ; .repeat 92
000000r 4               ; .byte DL_MAP320x1x1
000000r 4               ; .endrepeat
000000r 4               ;
000000r 4               ; .byte DL_JVB
000000r 4               
000000r 4               ; absolute instructions (non mode lines)
000000r 4               
000000r 4               DL_JMP  = 1
000000r 4               DL_JVB  = 65
000000r 4               
000000r 4               ; DL_BLKn display n empty lines (just background)
000000r 4               
000000r 4               DL_BLK1  = 0
000000r 4               DL_BLK2  = 16
000000r 4               DL_BLK3  = 32
000000r 4               DL_BLK4  = 48
000000r 4               DL_BLK5  = 64
000000r 4               DL_BLK6  = 80
000000r 4               DL_BLK7  = 96
000000r 4               DL_BLK8  = 112
000000r 4               
000000r 4               ; absolute instructions (mode lines)
000000r 4               
000000r 4               DL_CHR40x8x1  = 2               ; monochrome, 40 character & 8 scanlines per mode line (GR. 0)
000000r 4               DL_CHR40x10x1 = 3               ; monochrome, 40 character & 10 scanlines per mode line
000000r 4               DL_CHR40x8x4  = 4               ; colour, 40 character & 8 scanlines per mode line (GR. 12)
000000r 4               DL_CHR40x16x4 = 5               ; colour, 40 character & 16 scanlines per mode line (GR. 13)
000000r 4               DL_CHR20x8x2  = 6               ; colour (duochrome per character), 20 character & 8 scanlines per mode line (GR. 1)
000000r 4               DL_CHR20x16x2 = 7               ; colour (duochrome per character), 20 character & 16 scanlines per mode line (GR. 2)
000000r 4               
000000r 4               DL_MAP40x8x4  = 8               ; colour, 40 pixel & 8 scanlines per mode line (GR. 3)
000000r 4               DL_MAP80x4x2  = 9               ; 'duochrome', 80 pixel & 4 scanlines per mode line (GR.4)
000000r 4               DL_MAP80x4x4  = 10              ; colour, 80 pixel & 4 scanlines per mode line (GR.5)
000000r 4               DL_MAP160x2x2 = 11              ; 'duochrome', 160 pixel & 2 scanlines per mode line (GR.6)
000000r 4               DL_MAP160x1x2 = 12              ; 'duochrome', 160 pixel & 1 scanline per mode line (GR.14)
000000r 4               DL_MAP160x2x4 = 13              ; 4 colours, 160 pixel & 2 scanlines per mode line (GR.7)
000000r 4               DL_MAP160x1x4 = 14              ; 4 colours, 160 pixel & 1 scanline per mode line (GR.15)
000000r 4               DL_MAP320x1x1 = 15              ; monochrome, 320 pixel & 1 scanline per mode line (GR.8)
000000r 4               
000000r 4               ; modifiers on mode lines...
000000r 4               
000000r 4               DL_HSCROL = 16
000000r 4               DL_VSCROL = 32
000000r 4               DL_LMS    = 64
000000r 4               
000000r 4               ; general modifier...
000000r 4               
000000r 4               DL_DLI    = 128
000000r 4               
000000r 3               
000000r 3               ; PBI RAM Address Equates
000000r 3               
000000r 3               PBIRAM  = $D600         ;##rev2## parallel bus interface RAM area
000000r 3               
000000r 3               ; Parallel Device Address Equates
000000r 3               
000000r 3               PDID1   = $D803         ;##rev2## parallel device ID 1
000000r 3               PDIDV   = $D805         ;##rev2## parallel device I/O vector
000000r 3               PDIRQV  = $D808         ;##rev2## parallel device IRQ vector
000000r 3               PDID2   = $D80B         ;##rev2## parallel device ID 2
000000r 3               PDVV    = $D80D         ;##rev2## parallel device vector table
000000r 3               
000000r 3               ;-------------------------------------------------------------------------
000000r 3               ; PIA Address Equates
000000r 3               ;-------------------------------------------------------------------------
000000r 3               
000000r 3               PIA     = $D300         ;PIA area
000000r 3               
000000r 3               PORTA   = $D300         ;port A direction register or jacks one/two
000000r 3               PORTB   = $D301         ;port B direction register or memory management
000000r 3               
000000r 3               PACTL   = $D302         ;port A control
000000r 3               PBCTL   = $D303         ;port B control
000000r 3               
000000r 3               ;-------------------------------------------------------------------------
000000r 3               ; Floating Point Package Address Equates
000000r 3               ;-------------------------------------------------------------------------
000000r 3               
000000r 3               AFP     = $D800         ;convert ASCII to floating point
000000r 3               FASC    = $D8E6         ;convert floating point to ASCII
000000r 3               IFP     = $D9AA         ;convert integer to floating point
000000r 3               FPI     = $D9D2         ;convert floating point to integer
000000r 3               ZFR0    = $DA44         ;zero FR0
000000r 3               ZF1     = $DA46         ;zero floating point number
000000r 3               FSUB    = $DA60         ;subtract floating point numbers
000000r 3               FADD    = $DA66         ;add floating point numbers
000000r 3               FMUL    = $DADB         ;multiply floating point numbers
000000r 3               FDIV    = $DB28         ;divide floating point numbers
000000r 3               PLYEVL  = $DD40         ;evaluate floating point polynomial
000000r 3               FLD0R   = $DD89         ;load floating point number
000000r 3               FLD0P   = $DD8D         ;load floating point number
000000r 3               FLD1R   = $DD98         ;load floating point number
000000r 3               PLD1P   = $DD9C         ;load floating point number
000000r 3               FST0R   = $DDA7         ;store floating point number
000000r 3               FST0P   = $DDAB         ;store floating point number
000000r 3               FMOVE   = $DDB6         ;move floating point number
000000r 3               LOG     = $DECD         ;calculate floating point logarithm
000000r 3               LOG10   = $DED1         ;calculate floating point base 10 logarithm
000000r 3               EXP     = $DDC0         ;calculate floating point exponential
000000r 3               EXP10   = $DDCC         ;calculate floating point base 10 exponential
000000r 3               
000000r 3               ;-------------------------------------------------------------------------
000000r 3               ; Device Handler Vector Table Address Equates
000000r 3               ;-------------------------------------------------------------------------
000000r 3               
000000r 3               EDITRV  = $E400         ;editor handler vector table
000000r 3               SCRENV  = $E410         ;screen handler vector table
000000r 3               KEYBDV  = $E420         ;keyboard handler vector table
000000r 3               PRINTV  = $E430         ;printer handler vector table
000000r 3               CASETV  = $E440         ;cassette handler vector table
000000r 3               
000000r 3               ;-------------------------------------------------------------------------
000000r 3               ; Jump Vector Address Equates
000000r 3               ;-------------------------------------------------------------------------
000000r 3               
000000r 3               DISKIV  = $E450         ;vector to initialize DIO
000000r 3               DSKINV  = $E453         ;vector to DIO
000000r 3               .ifdef __ATARIXL__
000000r 3               .ifndef SHRAM_HANDLERS
000000r 3               .import CIO_handler, SIO_handler, SETVBV_handler
000000r 3               .endif
000000r 3               .define CIOV    CIO_handler
000000r 3               .define SIOV    SIO_handler
000000r 3               .define SETVBV  SETVBV_handler
000000r 3               CIOV_org    = $E456     ;vector to CIO
000000r 3               SIOV_org    = $E459     ;vector to SIO
000000r 3               SETVBV_org  = $E45C     ;vector to set VBLANK parameters
000000r 3               .else
000000r 3               CIOV    = $E456         ;vector to CIO
000000r 3               SIOV    = $E459         ;vector to SIO
000000r 3               SETVBV  = $E45C         ;vector to set VBLANK parameters
000000r 3               ; aliases in order not to have to sprinkle common code with .ifdefs
000000r 3               CIOV_org    = CIOV
000000r 3               SIOV_org    = SIOV
000000r 3               SETVBV_org  = SETVBV
000000r 3               .endif
000000r 3               SYSVBV  = $E45F         ;vector to process immediate VBLANK
000000r 3               XITVBV  = $E462         ;vector to process deferred VBLANK
000000r 3               SIOINV  = $E465         ;vector to initialize SIO
000000r 3               SENDEV  = $E468         ;vector to enable SEND
000000r 3               INTINV  = $E46B         ;vector to initialize interrupt handler
000000r 3               CIOINV  = $E46E         ;vector to initialize CIO
000000r 3               BLKBDV  = $E471         ;vector to power-up display
000000r 3               WARMSV  = $E474         ;vector to warmstart
000000r 3               COLDSV  = $E477         ;vector to coldstart
000000r 3               RBLOKV  = $E47A         ;vector to read cassette block
000000r 3               CSOPIV  = $E47D         ;vector to open cassette for input
000000r 3               VCTABL  = $E480         ;RAM vector initial value table
000000r 3               PUPDIV  = $E480         ;##rev2## vector to power-up display
000000r 3               SLFTSV  = $E483         ;##rev2## vector to self-test
000000r 3               PHENTV  = $E486         ;##rev2## vector to enter peripheral handler
000000r 3               PHUNLV  = $E489         ;##rev2## vector to unlink peripheral handler
000000r 3               PHINIV  = $E48C         ;##rev2## vector to initialize peripheral handler
000000r 3               GPDVV   = $E48F         ;##rev2## generic parallel device handler vector
000000r 3               
000000r 3               ; NOTE: OS rom self-test labels are not included in this file
000000r 3               
000000r 3               ;-------------------------------------------------------------------------
000000r 3               ; Some misc. stuff from the 400/800 rev.B source
000000r 3               ;-------------------------------------------------------------------------
000000r 3               
000000r 3               ; THE FOLLOWING ARE IN BASIC CARTRIDGE:
000000r 3               SIN     = $BD81         ;FR0 <- SIN (FR0) DEGFLG (0=RAD,6=DEG) CARRY
000000r 3               COS     = $BD73         ;FR0 <- COS (FR0) CARRY
000000r 3               ATAN    = $BE43         ;FR0 <- ATAN(FR0) CARRY
000000r 3               SQR     = $BEB1         ;FR0 <- ROOT(FR0) CARRY
000000r 3               
000000r 3               RADON   = 0             ;INDICATES RADIANS
000000r 3               DEGON   = 6             ;INDICATES DEGREES
000000r 3               
000000r 3               ASCZER  = '0'           ;ASCII ZERO
000000r 3               COLON   = $3A           ;ASCII COLON
000000r 3               CR      = $9B           ;SYSTEM EOL (CARRIAGE RETURN)
000000r 3               
000000r 3               ;-------------------------------------------------------------------------
000000r 3               ; 6502
000000r 3               ;-------------------------------------------------------------------------
000000r 3               
000000r 3               NMIVEC  = $FFFA
000000r 3               RESVEC  = $FFFC
000000r 3               IRQVEC  = $FFFE
000000r 3               
000000r 3               ;-------------------------------------------------------------------------
000000r 3               ; BASIC
000000r 3               ;-------------------------------------------------------------------------
000000r 3               
000000r 3               LOMEM   = $80           ;2-byte low memory pointer
000000r 3               VNTP    = $82           ;2-byte variable name table address
000000r 3               VNTD    = $84           ;2-byte variable name table end + 1
000000r 3               VVTP    = $86           ;2-byte variable value table
000000r 3               STMTAB  = $88           ;2-byte statement table address
000000r 3               STMCUR  = $8A           ;2-byte current statement pointer
000000r 3               STARP   = $8C           ;2-byte string and array table pointer
000000r 3               RUNSTK  = $8E           ;2-byte runtime stack address
000000r 3               BMEMTOP = $90           ;2-byte top of memory pointer
000000r 3               STOPLN  = $BA           ;2-byte stopped line number
000000r 3               ERRSAVE = $C3           ;1-byte error code
000000r 3               PTABW   = $C9           ;1-byte tab width
000000r 3               
000000r 3               ;-------------------------------------------------------------------------
000000r 3               ; ATASCII CHARACTER DEFS
000000r 3               ;-------------------------------------------------------------------------
000000r 3               
000000r 3               ATCLR   = $7D           ;CLEAR SCREEN CHARACTER
000000r 3               ATRUB   = $7E           ;BACK SPACE (RUBOUT)
000000r 3               ATTAB   = $7F           ;TAB
000000r 3               ATEOL   = $9B           ;END-OF-LINE
000000r 3               ATDELL  = $9C           ;delete line
000000r 3               ATINSL  = $9D           ;insert line
000000r 3               ATCTAB  = $9E           ;clear TAB
000000r 3               ATSTAB  = $9F           ;set TAB
000000r 3               ATBEL   = $FD           ;CONSOLE BELL
000000r 3               ATDEL   = $FE           ;delete char.
000000r 3               ATINS   = $FF           ;insert char.
000000r 3               ATURW   = $1C           ;UP-ARROW
000000r 3               ATDRW   = $1D           ;DOWN-ARROW
000000r 3               ATLRW   = $1E           ;LEFT-ARROW
000000r 3               ATRRW   = $1F           ;RIGHT-ARROW
000000r 3               ATESC   = $1B           ;ESCAPE
000000r 3               
000000r 3               ;-------------------------------------------------------------------------
000000r 3               ; OFFSETS INTO SECTSIZETAB (DIO functions)
000000r 3               ;-------------------------------------------------------------------------
000000r 3               
000000r 3               sst_flag     = 0        ; length 1
000000r 3               sst_sectsize = 1        ;        2
000000r 3               sst_driveno  = 3        ;        1  (drive #)
000000r 3               sst_size     = 4        ; size of one entry
000000r 3                                       ; if changed, adapt diopncls.s
000000r 3               
000000r 3               ;-------------------------------------------------------------------------
000000r 3               ; OFFSETS INTO dio_phys_pos
000000r 3               ;-------------------------------------------------------------------------
000000r 3               
000000r 3               diopp_head   = 0        ; head
000000r 3               diopp_track  = 1        ; track / cylinder
000000r 3               diopp_sector = 3        ; sector
000000r 3               diopp_size   = 5        ; size of structure
000000r 3               
000000r 3               ;-------------------------------------------------------------------------
000000r 3               ; VALUES for dos_type
000000r 3               ;-------------------------------------------------------------------------
000000r 3               
000000r 3               SPARTADOS    = 0
000000r 3               REALDOS      = 1
000000r 3               BWDOS        = 2
000000r 3               OSADOS       = 3        ; OS/A+
000000r 3               XDOS         = 4
000000r 3               ATARIDOS     = 5
000000r 3               MYDOS        = 6
000000r 3               NODOS        = 255
000000r 3               ; The DOSes with dos_type below or equal MAX_DOS_WITH_CMDLINE do support
000000r 3               ; command line arguments.
000000r 3               MAX_DOS_WITH_CMDLINE = XDOS
000000r 3               
000000r 3               ;-------------------------------------------------------------------------
000000r 3               ; XDOS defines (version 2.4, taken from xdos24.pdf)
000000r 3               ;-------------------------------------------------------------------------
000000r 3               
000000r 3               XOPT         = $070B    ; XDOS options
000000r 3               XCAR         = $070C    ; XDOS cartridge address (+ $70D)
000000r 3               XPAT         = $086F    ; XDOS bugfix and patch number
000000r 3               XVER         = $0870    ; XDOS version number
000000r 3               XFILE        = $087D    ; XDOS filename buffer
000000r 3               XLINE        = $0880    ; XDOS DUP input line
000000r 3               XGLIN        = $0871    ; get line
000000r 3               XSKIP        = $0874    ; skip parameter
000000r 3               .ifdef __ATARIXL__
000000r 3               .ifndef SHRAM_HANDLERS
000000r 3               .import XMOVE_handler
000000r 3               .endif
000000r 3               .define XMOVE XMOVE_handler
000000r 3               XMOVE_org    = $0877    ; move filename
000000r 3               .else
000000r 3               XMOVE        = $0877    ; move filename
000000r 3               .endif
000000r 3               XGNUM        = $087A    ; get number
000000r 3               
000000r 3               ;-------------------------------------------------------------------------
000000r 3               ; End of atari.inc
000000r 3               ;-------------------------------------------------------------------------
000000r 3               
000000r 2               RTCLOK1 = $13
000000r 2               RTCLOK2 = $14
000000r 2               .endif
000000r 2               
000000r 2               ; vi:syntax=asm_ca65
000000r 2               
000000r 1               
000000r 1               ; TOKENS:
000000r 1               	.importzp	TOK_0
000000r 1               	.importzp	TOK_1
000000r 1               	.importzp	TOK_ADD
000000r 1               	.importzp	TOK_ADD_VAR
000000r 1               	.importzp	TOK_BIT_EXOR
000000r 1               	.importzp	TOK_BIT_OR
000000r 1               	.importzp	TOK_BYTE
000000r 1               	.importzp	TOK_BYTE_POKE
000000r 1               	.importzp	TOK_BYTE_PUT
000000r 1               	.importzp	TOK_CALL
000000r 1               	.importzp	TOK_CAT_STR
000000r 1               	.importzp	TOK_CHR
000000r 1               	.importzp	TOK_CJUMP
000000r 1               	.importzp	TOK_CMP_STR
000000r 1               	.importzp	TOK_CNJUMP
000000r 1               	.importzp	TOK_CNRET
000000r 1               	.importzp	TOK_COMP_0
000000r 1               	.importzp	TOK_COPY_STR
000000r 1               	.importzp	TOK_CRET
000000r 1               	.importzp	TOK_CSTRING
000000r 1               	.importzp	TOK_DECVAR
000000r 1               	.importzp	TOK_DIM
000000r 1               	.importzp	TOK_DIV
000000r 1               	.importzp	TOK_DPEEK
000000r 1               	.importzp	TOK_DPOKE
000000r 1               	.importzp	TOK_END
000000r 1               	.importzp	TOK_EQ
000000r 1               	.importzp	TOK_FOR
000000r 1               	.importzp	TOK_FOR_EXIT
000000r 1               	.importzp	TOK_FOR_NEXT
000000r 1               	.importzp	TOK_GETKEY
000000r 1               	.importzp	TOK_GT
000000r 1               	.importzp	TOK_INCVAR
000000r 1               	.importzp	TOK_INT_STR
000000r 1               	.importzp	TOK_JUMP
000000r 1               	.importzp	TOK_LT
000000r 1               	.importzp	TOK_L_AND
000000r 1               	.importzp	TOK_L_NOT
000000r 1               	.importzp	TOK_L_OR
000000r 1               	.importzp	TOK_MOD
000000r 1               	.importzp	TOK_MOVE
000000r 1               	.importzp	TOK_MSET
000000r 1               	.importzp	TOK_MUL
000000r 1               	.importzp	TOK_NEG
000000r 1               	.importzp	TOK_NEQ
000000r 1               	.importzp	TOK_NUM
000000r 1               	.importzp	TOK_NUM_POKE
000000r 1               	.importzp	TOK_PAUSE
000000r 1               	.importzp	TOK_PEEK
000000r 1               	.importzp	TOK_PMGRAPHICS
000000r 1               	.importzp	TOK_POKE
000000r 1               	.importzp	TOK_POP
000000r 1               	.importzp	TOK_PRINT_STR
000000r 1               	.importzp	TOK_PUSH
000000r 1               	.importzp	TOK_PUSH_0
000000r 1               	.importzp	TOK_PUSH_1
000000r 1               	.importzp	TOK_PUSH_BYTE
000000r 1               	.importzp	TOK_PUSH_NUM
000000r 1               	.importzp	TOK_PUSH_VAR_LOAD
000000r 1               	.importzp	TOK_RET
000000r 1               	.importzp	TOK_SADDR
000000r 1               	.importzp	TOK_SHL8
000000r 1               	.importzp	TOK_STR_IDX
000000r 1               	.importzp	TOK_SUB
000000r 1               	.importzp	TOK_TIME
000000r 1               	.importzp	TOK_USHL
000000r 1               	.importzp	TOK_USR_ADDR
000000r 1               	.importzp	TOK_USR_CALL
000000r 1               	.importzp	TOK_VAL
000000r 1               	.importzp	TOK_VAR_LOAD
000000r 1               	.importzp	TOK_VAR_SADDR
000000r 1               	.importzp	TOK_VAR_STORE
000000r 1               	.importzp	TOK_VAR_STORE_0
000000r 1               ;-----------------------------
000000r 1               ; Macro to get variable ID from name
000000r 1               	.import __HEAP_RUN__
000000r 1               .macro makevar name
000000r 1               	.byte <((.ident (.concat ("fb_var_", name)) - __HEAP_RUN__)/2)
000000r 1               .endmacro
000000r 1               ; Variables
000000r 1               	.segment "HEAP"
000000r 1               	.export fb_var_RELEASEMAJOR
000000r 1  xx xx        fb_var_RELEASEMAJOR:	.res 2	; word variable
000002r 1               	.export fb_var_RELEASEMINOR
000002r 1  xx xx        fb_var_RELEASEMINOR:	.res 2	; word variable
000004r 1               	.export fb_var_AK_LOBBY_CREATOR_ID
000004r 1  xx xx        fb_var_AK_LOBBY_CREATOR_ID:	.res 2	; word variable
000006r 1               	.export fb_var_AK_LOBBY_APP_ID
000006r 1  xx xx        fb_var_AK_LOBBY_APP_ID:	.res 2	; word variable
000008r 1               	.export fb_var_AK_LOBBY_KEY_USERNAME
000008r 1  xx xx        fb_var_AK_LOBBY_KEY_USERNAME:	.res 2	; word variable
00000Ar 1               	.export fb_var_AK_LOBBY_KEY_SERVER
00000Ar 1  xx xx        fb_var_AK_LOBBY_KEY_SERVER:	.res 2	; word variable
00000Cr 1               	.export fb_var_AK_CREATOR_ID
00000Cr 1  xx xx        fb_var_AK_CREATOR_ID:	.res 2	; word variable
00000Er 1               	.export fb_var_AK_APP_ID
00000Er 1  xx xx        fb_var_AK_APP_ID:	.res 2	; word variable
000010r 1               	.export fb_var_AK_KEY_SHOWHELP
000010r 1  xx xx        fb_var_AK_KEY_SHOWHELP:	.res 2	; word variable
000012r 1               	.export fb_var_AK_KEY_COLORTHEME
000012r 1  xx xx        fb_var_AK_KEY_COLORTHEME:	.res 2	; word variable
000014r 1               	.export fb_var_TABLEID
000014r 1  xx xx        fb_var_TABLEID:	.res 2	; string array variable
000016r 1               	.export fb_var_TABLENAME
000016r 1  xx xx        fb_var_TABLENAME:	.res 2	; string array variable
000018r 1               	.export fb_var_PLAYERNAME
000018r 1  xx xx        fb_var_PLAYERNAME:	.res 2	; string array variable
00001Ar 1               	.export fb_var_PLAYERHAND
00001Ar 1  xx xx        fb_var_PLAYERHAND:	.res 2	; string array variable
00001Cr 1               	.export fb_var_PLAYERVALIDMOVES
00001Cr 1  xx xx        fb_var_PLAYERVALIDMOVES:	.res 2	; string array variable
00001Er 1               	.export fb_var_RESPONSEBUFFER
00001Er 1  xx xx        fb_var_RESPONSEBUFFER:	.res 2	; byte array variable
000020r 1               	.export fb_var_I
000020r 1  xx xx        fb_var_I:	.res 2	; word variable
000022r 1               	.export fb_var_J
000022r 1  xx xx        fb_var_J:	.res 2	; word variable
000024r 1               	.export fb_var_FILLER
000024r 1  xx xx        fb_var_FILLER:	.res 2	; byte array variable
000026r 1               	.export fb_var_SCREENBUFFER
000026r 1  xx xx        fb_var_SCREENBUFFER:	.res 2	; byte array variable
000028r 1               	.export fb_var_CHARBUFFER
000028r 1  xx xx        fb_var_CHARBUFFER:	.res 2	; byte array variable
00002Ar 1               	.export fb_var_SCREEN
00002Ar 1  xx xx        fb_var_SCREEN:	.res 2	; word variable
00002Cr 1               	.export fb_var_COLORTHEME
00002Cr 1  xx xx        fb_var_COLORTHEME:	.res 2	; word variable
00002Er 1               	.export fb_var_SERVERENDPOINT
00002Er 1  xx xx        fb_var_SERVERENDPOINT:	.res 2	; string variable
000030r 1               	.export fb_var_QUERY
000030r 1  xx xx        fb_var_QUERY:	.res 2	; string variable
000032r 1               	.export fb_var_UNIT
000032r 1  xx xx        fb_var_UNIT:	.res 2	; word variable
000034r 1               	.export fb_var_JSON_MODE
000034r 1  xx xx        fb_var_JSON_MODE:	.res 2	; word variable
000036r 1               	.export fb_var_URL
000036r 1  xx xx        fb_var_URL:	.res 2	; string variable
000038r 1               	.export fb_var_JSON
000038r 1  xx xx        fb_var_JSON:	.res 2	; string variable
00003Ar 1               	.export fb_var_DUMMY
00003Ar 1  xx xx        fb_var_DUMMY:	.res 2	; string variable
00003Cr 1               	.export fb_var_TABLECURRENTPLAYERS
00003Cr 1  xx xx        fb_var_TABLECURRENTPLAYERS:	.res 2	; word array variable
00003Er 1               	.export fb_var_TABLEMAXPLAYERS
00003Er 1  xx xx        fb_var_TABLEMAXPLAYERS:	.res 2	; word array variable
000040r 1               	.export fb_var_TABLESTATUS
000040r 1  xx xx        fb_var_TABLESTATUS:	.res 2	; word array variable
000042r 1               	.export fb_var_PLAYERSTATUS
000042r 1  xx xx        fb_var_PLAYERSTATUS:	.res 2	; word array variable
000044r 1               	.export fb_var_PLAYERHANDCOUNT
000044r 1  xx xx        fb_var_PLAYERHANDCOUNT:	.res 2	; word array variable
000046r 1               	.export fb_var_PLAYERWHITETOKENS
000046r 1  xx xx        fb_var_PLAYERWHITETOKENS:	.res 2	; word array variable
000048r 1               	.export fb_var_PLAYERBLACKTOKENS
000048r 1  xx xx        fb_var_PLAYERBLACKTOKENS:	.res 2	; word array variable
00004Ar 1               	.export fb_var_PLAYERSCORE
00004Ar 1  xx xx        fb_var_PLAYERSCORE:	.res 2	; word array variable
00004Cr 1               	.export fb_var_PLAYERROUNDSCORE
00004Cr 1  xx xx        fb_var_PLAYERROUNDSCORE:	.res 2	; word array variable
00004Er 1               	.export fb_var_GAMESTATUS
00004Er 1  xx xx        fb_var_GAMESTATUS:	.res 2	; word array variable
000050r 1               	.export fb_var_XSTART
000050r 1  xx xx        fb_var_XSTART:	.res 2	; word array variable
000052r 1               	.export fb_var_YSTART
000052r 1  xx xx        fb_var_YSTART:	.res 2	; word array variable
000054r 1               	.export fb_var_CARDXSLOT
000054r 1  xx xx        fb_var_CARDXSLOT:	.res 2	; word array variable
000056r 1               	.export fb_var_CARDYSLOT
000056r 1  xx xx        fb_var_CARDYSLOT:	.res 2	; word variable
000058r 1               	.export fb_var_OK
000058r 1  xx xx        fb_var_OK:	.res 2	; word variable
00005Ar 1               	.export fb_var_TABLENUMBER
00005Ar 1  xx xx        fb_var_TABLENUMBER:	.res 2	; word variable
00005Cr 1               	.export fb_var_MYNAME
00005Cr 1  xx xx        fb_var_MYNAME:	.res 2	; string variable
00005Er 1               	.export fb_var__ERR
00005Er 1  xx xx        fb_var__ERR:	.res 2	; word variable
000060r 1               	.export fb_var_INDEX
000060r 1  xx xx        fb_var_INDEX:	.res 2	; word variable
000062r 1               	.export fb_var___NI_UNIT
000062r 1  xx xx        fb_var___NI_UNIT:	.res 2	; word variable
000064r 1               	.export fb_var___NI_INDEX
000064r 1  xx xx        fb_var___NI_INDEX:	.res 2	; word variable
000066r 1               	.export fb_var___NI_BUFFEREND
000066r 1  xx xx        fb_var___NI_BUFFEREND:	.res 2	; word variable
000068r 1               	.export fb_var___NI_INDEXSTOP
000068r 1  xx xx        fb_var___NI_INDEXSTOP:	.res 2	; word variable
00006Ar 1               	.export fb_var___NI_RESULTLEN
00006Ar 1  xx xx        fb_var___NI_RESULTLEN:	.res 2	; word variable
00006Cr 1               	.export fb_var_WAITTIME
00006Cr 1  xx xx        fb_var_WAITTIME:	.res 2	; word variable
00006Er 1               	.export fb_var_DRAWDECK
00006Er 1  xx xx        fb_var_DRAWDECK:	.res 2	; word variable
000070r 1               	.export fb_var_DISCARDTOP
000070r 1  xx xx        fb_var_DISCARDTOP:	.res 2	; word variable
000072r 1               	.export fb_var_LASTMOVEPLAYED
000072r 1  xx xx        fb_var_LASTMOVEPLAYED:	.res 2	; string variable
000074r 1               	.export fb_var_PREVIOUSLASTMOVEPLAYED
000074r 1  xx xx        fb_var_PREVIOUSLASTMOVEPLAYED:	.res 2	; string variable
000076r 1               	.export fb_var_MOVE
000076r 1  xx xx        fb_var_MOVE:	.res 2	; string variable
000078r 1               	.export fb_var_PLAYERINDEX
000078r 1  xx xx        fb_var_PLAYERINDEX:	.res 2	; word variable
00007Ar 1               	.export fb_var_DEALT
00007Ar 1  xx xx        fb_var_DEALT:	.res 2	; word variable
00007Cr 1               	.export fb_var_LEAVETABLEFLAG
00007Cr 1  xx xx        fb_var_LEAVETABLEFLAG:	.res 2	; word variable
00007Er 1               	.export fb_var_COUNTDOWN
00007Er 1  xx xx        fb_var_COUNTDOWN:	.res 2	; word variable
000080r 1               	.export fb_var_JIFFY
000080r 1  xx xx        fb_var_JIFFY:	.res 2	; word variable
000082r 1               	.export fb_var_CURRENTPLAYER
000082r 1  xx xx        fb_var_CURRENTPLAYER:	.res 2	; word variable
000084r 1               	.export fb_var_A
000084r 1  xx xx        fb_var_A:	.res 2	; word variable
000086r 1               	.export fb_var_X
000086r 1  xx xx        fb_var_X:	.res 2	; word variable
000088r 1               	.export fb_var_K
000088r 1  xx xx        fb_var_K:	.res 2	; word variable
00008Ar 1               	.export fb_var_Y
00008Ar 1  xx xx        fb_var_Y:	.res 2	; word variable
00008Cr 1               	.export fb_var__MOVE
00008Cr 1  xx xx        fb_var__MOVE:	.res 2	; word variable
00008Er 1               	.export fb_var_KEYPRESSED
00008Er 1  xx xx        fb_var_KEYPRESSED:	.res 2	; word variable
000090r 1               	.export fb_var_B
000090r 1  xx xx        fb_var_B:	.res 2	; word variable
000092r 1               	.export fb_var__CARD
000092r 1  xx xx        fb_var__CARD:	.res 2	; word variable
000094r 1               	.export fb_var_C
000094r 1  xx xx        fb_var_C:	.res 2	; word variable
000096r 1               	.export fb_var_VALUE
000096r 1  xx xx        fb_var_VALUE:	.res 2	; string variable
000098r 1               	.export fb_var_CARD
000098r 1  xx xx        fb_var_CARD:	.res 2	; word variable
00009Ar 1               	.export fb_var_ENDX
00009Ar 1  xx xx        fb_var_ENDX:	.res 2	; word variable
00009Cr 1               	.export fb_var_ENDY
00009Cr 1  xx xx        fb_var_ENDY:	.res 2	; word variable
00009Er 1               	.export fb_var_DX
00009Er 1  xx xx        fb_var_DX:	.res 2	; word variable
0000A0r 1               	.export fb_var_DY
0000A0r 1  xx xx        fb_var_DY:	.res 2	; word variable
0000A2r 1               	.export fb_var_XCHANGE
0000A2r 1  xx xx        fb_var_XCHANGE:	.res 2	; word variable
0000A4r 1               	.export fb_var_YCHANGE
0000A4r 1  xx xx        fb_var_YCHANGE:	.res 2	; word variable
0000A6r 1               	.export fb_var__TYPE
0000A6r 1  xx xx        fb_var__TYPE:	.res 2	; word variable
0000A8r 1               	.export fb_var_CURSOR
0000A8r 1  xx xx        fb_var_CURSOR:	.res 2	; word variable
0000AAr 1               	.export fb_var_FRAME
0000AAr 1  xx xx        fb_var_FRAME:	.res 2	; word variable
0000ACr 1               	.export fb_var_KEY
0000ACr 1  xx xx        fb_var_KEY:	.res 2	; string variable
0000AEr 1               	.export fb_var_CARDNUMBER
0000AEr 1  xx xx        fb_var_CARDNUMBER:	.res 2	; word variable
0000B0r 1               	.export fb_var_PLAYER
0000B0r 1  xx xx        fb_var_PLAYER:	.res 2	; word variable
0000B2r 1               	.export fb_var__ENDX
0000B2r 1  xx xx        fb_var__ENDX:	.res 2	; word variable
0000B4r 1               	.export fb_var__ENDY
0000B4r 1  xx xx        fb_var__ENDY:	.res 2	; word variable
0000B6r 1               	.export fb_var__PLAYERINDEX
0000B6r 1  xx xx        fb_var__PLAYERINDEX:	.res 2	; word variable
0000B8r 1               	.export fb_var__INDEX
0000B8r 1  xx xx        fb_var__INDEX:	.res 2	; word variable
0000BAr 1               	.export fb_var_DISPLAYINDEX
0000BAr 1  xx xx        fb_var_DISPLAYINDEX:	.res 2	; word variable
0000BCr 1               	.export fb_var_YY
0000BCr 1  xx xx        fb_var_YY:	.res 2	; word variable
0000BEr 1               	.export fb_var_XX
0000BEr 1  xx xx        fb_var_XX:	.res 2	; word variable
0000C0r 1               	.export fb_var_CARD1
0000C0r 1  xx xx        fb_var_CARD1:	.res 2	; word variable
0000C2r 1               	.export fb_var_CARD2
0000C2r 1  xx xx        fb_var_CARD2:	.res 2	; word variable
0000C4r 1               	.export fb_var_CARD3
0000C4r 1  xx xx        fb_var_CARD3:	.res 2	; word variable
0000C6r 1               	.export fb_var_CARD4
0000C6r 1  xx xx        fb_var_CARD4:	.res 2	; word variable
0000C8r 1               	.export fb_var_CARD5
0000C8r 1  xx xx        fb_var_CARD5:	.res 2	; word variable
0000CAr 1               	.export fb_var_CARD6
0000CAr 1  xx xx        fb_var_CARD6:	.res 2	; word variable
0000CCr 1               	.export fb_var_CARD7
0000CCr 1  xx xx        fb_var_CARD7:	.res 2	; word variable
0000CEr 1               	.export fb_var__COUNT
0000CEr 1  xx xx        fb_var__COUNT:	.res 2	; word variable
0000D0r 1               	.export fb_var__COL
0000D0r 1  xx xx        fb_var__COL:	.res 2	; word variable
0000D2r 1               	.export fb_var__ROW
0000D2r 1  xx xx        fb_var__ROW:	.res 2	; word variable
0000D4r 1               	.export fb_var_XXX
0000D4r 1  xx xx        fb_var_XXX:	.res 2	; word variable
0000D6r 1               	.export fb_var_YYY
0000D6r 1  xx xx        fb_var_YYY:	.res 2	; word variable
0000D8r 1               	.export fb_var_DRAWNCARD
0000D8r 1  xx xx        fb_var_DRAWNCARD:	.res 2	; word variable
0000DAr 1               	.export fb_var__BLACKTOKENS
0000DAr 1  xx xx        fb_var__BLACKTOKENS:	.res 2	; word variable
0000DCr 1               	.export fb_var__WHITETOKENS
0000DCr 1  xx xx        fb_var__WHITETOKENS:	.res 2	; word variable
0000DEr 1               	.export fb_var_BT
0000DEr 1  xx xx        fb_var_BT:	.res 2	; word variable
0000E0r 1               	.export fb_var_WT
0000E0r 1  xx xx        fb_var_WT:	.res 2	; word variable
0000E2r 1               	.export fb_var_XOFFSET
0000E2r 1  xx xx        fb_var_XOFFSET:	.res 2	; word variable
0000E4r 1               	.export fb_var_SLOT
0000E4r 1  xx xx        fb_var_SLOT:	.res 2	; word variable
0000E6r 1               	.export fb_var_FOLDED
0000E6r 1  xx xx        fb_var_FOLDED:	.res 2	; word variable
0000E8r 1               	.export fb_var__NUMCARDS
0000E8r 1  xx xx        fb_var__NUMCARDS:	.res 2	; word variable
0000EAr 1               	.export fb_var__FOLDED
0000EAr 1  xx xx        fb_var__FOLDED:	.res 2	; word variable
0000ECr 1               	.export fb_var_NUMCARDS
0000ECr 1  xx xx        fb_var_NUMCARDS:	.res 2	; word variable
0000EEr 1               	.export fb_var__SIZEX
0000EEr 1  xx xx        fb_var__SIZEX:	.res 2	; word variable
0000F0r 1               	.export fb_var__SIZEY
0000F0r 1  xx xx        fb_var__SIZEY:	.res 2	; word variable
0000F2r 1               	.export fb_var__COLOUR
0000F2r 1  xx xx        fb_var__COLOUR:	.res 2	; word variable
0000F4r 1               	.export fb_var__X
0000F4r 1  xx xx        fb_var__X:	.res 2	; word variable
0000F6r 1               	.export fb_var__Y
0000F6r 1  xx xx        fb_var__Y:	.res 2	; word variable
0000F8r 1               	.export fb_var_XSIZE
0000F8r 1  xx xx        fb_var_XSIZE:	.res 2	; word variable
0000FAr 1               	.export fb_var_YSIZE
0000FAr 1  xx xx        fb_var_YSIZE:	.res 2	; word variable
0000FCr 1               	.export fb_var_COLOUR
0000FCr 1  xx xx        fb_var_COLOUR:	.res 2	; word variable
0000FEr 1               	.export fb_var_XSTEP
0000FEr 1  xx xx        fb_var_XSTEP:	.res 2	; word variable
000100r 1               	.export fb_var_YSTEP
000100r 1  xx xx        fb_var_YSTEP:	.res 2	; word variable
000102r 1               	.export fb_var_AA
000102r 1  xx xx        fb_var_AA:	.res 2	; word variable
000104r 1               	.export fb_var_LOSER
000104r 1  xx xx        fb_var_LOSER:	.res 2	; word variable
000106r 1               	.export fb_var__XOFFSET
000106r 1  xx xx        fb_var__XOFFSET:	.res 2	; word variable
000108r 1               	.export fb_var__YOFFSET
000108r 1  xx xx        fb_var__YOFFSET:	.res 2	; word variable
00010Ar 1               	.export fb_var___NI_STRINGPOINTER
00010Ar 1  xx xx        fb_var___NI_STRINGPOINTER:	.res 2	; word variable
00010Cr 1               	.export fb_var_MOVE_COLOR
00010Cr 1  xx xx        fb_var_MOVE_COLOR:	.res 2	; word variable
00010Er 1               	.export fb_var_TEXT_COLOR
00010Er 1  xx xx        fb_var_TEXT_COLOR:	.res 2	; word variable
000110r 1               	.export fb_var_DL
000110r 1  xx xx        fb_var_DL:	.res 2	; string variable
000112r 1               	.export fb_var_DISPLAYLIST
000112r 1  xx xx        fb_var_DISPLAYLIST:	.res 2	; word variable
000114r 1               	.export fb_var_TEMP
000114r 1  xx xx        fb_var_TEMP:	.res 2	; string variable
000116r 1               	.export fb_var_H
000116r 1  xx xx        fb_var_H:	.res 2	; word variable
000118r 1               	.export fb_var_BACKGROUND_COLOR
000118r 1  xx xx        fb_var_BACKGROUND_COLOR:	.res 2	; word variable
00011Ar 1               	.export fb_var_TEXT
00011Ar 1  xx xx        fb_var_TEXT:	.res 2	; word variable
00011Cr 1               	.export fb_var___I
00011Cr 1  xx xx        fb_var___I:	.res 2	; word variable
00011Er 1               	.export fb_var___LOC
00011Er 1  xx xx        fb_var___LOC:	.res 2	; word variable
000120r 1               	.export fb_var___PRINT_INVERSE
000120r 1  xx xx        fb_var___PRINT_INVERSE:	.res 2	; word variable
000122r 1               	.export fb_var___PRINT_REVERSE
000122r 1  xx xx        fb_var___PRINT_REVERSE:	.res 2	; word variable
000124r 1               	.export fb_var___LEN
000124r 1  xx xx        fb_var___LEN:	.res 2	; word variable
000126r 1               	.export fb_var___CHARSLEFT
000126r 1  xx xx        fb_var___CHARSLEFT:	.res 2	; word variable
000128r 1               	.export fb_var__CODE
000128r 1  xx xx        fb_var__CODE:	.res 2	; word variable
00012Ar 1               	.export fb_var__BYTE
00012Ar 1  xx xx        fb_var__BYTE:	.res 2	; word variable
00012Cr 1               	.export fb_var___N_CREATOR
00012Cr 1  xx xx        fb_var___N_CREATOR:	.res 2	; word variable
00012Er 1               	.export fb_var___N_APP
00012Er 1  xx xx        fb_var___N_APP:	.res 2	; word variable
000130r 1               	.export fb_var___N_KEY
000130r 1  xx xx        fb_var___N_KEY:	.res 2	; word variable
000132r 1               	.export fb_var___N_MODE
000132r 1  xx xx        fb_var___N_MODE:	.res 2	; word variable
000134r 1               	.export fb_var___N_STRING
000134r 1  xx xx        fb_var___N_STRING:	.res 2	; word variable
000136r 1               ;-----------------------------
000136r 1               ; Bytecode
000136r 1               	.segment "BYTECODE"
000000r 1               bytecode_start:
000000r 1               @FastBasic_LINE_7:	; LINE 7
000000r 1  rr           	.byte	TOK_VAR_STORE_0
000001r 1  rr           	makevar	"RELEASEMAJOR"
000002r 1               @FastBasic_LINE_8:	; LINE 8
000002r 1  rr           	.byte	TOK_1
000003r 1  rr           	.byte	TOK_VAR_STORE
000004r 1  rr           	makevar	"RELEASEMINOR"
000005r 1               @FastBasic_LINE_11:	; LINE 11
000005r 1  rr           	.byte	TOK_1
000006r 1  rr           	.byte	TOK_VAR_STORE
000007r 1  rr           	makevar	"AK_LOBBY_CREATOR_ID"
000008r 1               @FastBasic_LINE_12:	; LINE 12
000008r 1  rr           	.byte	TOK_1
000009r 1  rr           	.byte	TOK_VAR_STORE
00000Ar 1  rr           	makevar	"AK_LOBBY_APP_ID"
00000Br 1               @FastBasic_LINE_13:	; LINE 13
00000Br 1  rr           	.byte	TOK_VAR_STORE_0
00000Cr 1  rr           	makevar	"AK_LOBBY_KEY_USERNAME"
00000Dr 1               @FastBasic_LINE_14:	; LINE 14
00000Dr 1  rr           	.byte	TOK_BYTE
00000Er 1  04           	.byte	4
00000Fr 1  rr           	.byte	TOK_VAR_STORE
000010r 1  rr           	makevar	"AK_LOBBY_KEY_SERVER"
000011r 1               @FastBasic_LINE_17:	; LINE 17
000011r 1  rr           	.byte	TOK_NUM
000012r 1  0B B0        	.word	45067
000014r 1  rr           	.byte	TOK_VAR_STORE
000015r 1  rr           	makevar	"AK_CREATOR_ID"
000016r 1               @FastBasic_LINE_18:	; LINE 18
000016r 1  rr           	.byte	TOK_1
000017r 1  rr           	.byte	TOK_VAR_STORE
000018r 1  rr           	makevar	"AK_APP_ID"
000019r 1               @FastBasic_LINE_19:	; LINE 19
000019r 1  rr           	.byte	TOK_VAR_STORE_0
00001Ar 1  rr           	makevar	"AK_KEY_SHOWHELP"
00001Br 1               @FastBasic_LINE_20:	; LINE 20
00001Br 1  rr           	.byte	TOK_1
00001Cr 1  rr           	.byte	TOK_VAR_STORE
00001Dr 1  rr           	makevar	"AK_KEY_COLORTHEME"
00001Er 1               @FastBasic_LINE_23:	; LINE 23
00001Er 1  rr           	.byte	TOK_0
00001Fr 1  rr           	.byte	TOK_BYTE_POKE
000020r 1  41           	.byte	65
000021r 1               @FastBasic_LINE_29:	; LINE 29
000021r 1  rr           	.byte	TOK_NUM
000022r 1  E5 02        	.word	741
000024r 1  rr           	.byte	TOK_DPEEK
000025r 1  rr           	.byte	TOK_PUSH_NUM
000026r 1  00 BC        	.word	48128
000028r 1  rr           	.byte	TOK_SUB
000029r 1  rr           	.byte	TOK_PUSH_0
00002Ar 1  rr           	.byte	TOK_LT
00002Br 1  rr           	.byte	TOK_CJUMP
00002Cr 1  rr rr        	.word	jump_lbl_2
00002Er 1               @FastBasic_LINE_31:	; LINE 31
00002Er 1  rr           	.byte	TOK_0
00002Fr 1  rr           	.byte	TOK_PAUSE
000030r 1  rr           	.byte	TOK_NUM
000031r 1  01 D3        	.word	54017
000033r 1  rr           	.byte	TOK_SADDR
000034r 1  rr           	.byte	TOK_NUM
000035r 1  01 D3        	.word	54017
000037r 1  rr           	.byte	TOK_PEEK
000038r 1  rr           	.byte	TOK_PUSH_BYTE
000039r 1  02           	.byte	2
00003Ar 1  rr           	.byte	TOK_BIT_OR
00003Br 1  rr           	.byte	TOK_POKE
00003Cr 1  rr           	.byte	TOK_1
00003Dr 1  rr           	.byte	TOK_NUM_POKE
00003Er 1  F8 03        	.word	1016
000040r 1               @FastBasic_LINE_33:	; LINE 33
000040r 1  rr           	.byte	TOK_NUM
000041r 1  E5 02        	.word	741
000043r 1  rr           	.byte	TOK_SADDR
000044r 1  rr           	.byte	TOK_NUM
000045r 1  00 BC        	.word	48128
000047r 1  rr           	.byte	TOK_DPOKE
000048r 1               @FastBasic_LINE_34:	; LINE 34
000048r 1               jump_lbl_2:
000048r 1               @FastBasic_LINE_37:	; LINE 37
000048r 1  rr           	.byte	TOK_BYTE
000049r 1  0E           	.byte	14
00004Ar 1  rr           	.byte	TOK_DIM
00004Br 1  rr           	makevar	"TABLEID"
00004Cr 1  rr           	.byte	TOK_BYTE
00004Dr 1  0E           	.byte	14
00004Er 1  rr           	.byte	TOK_DIM
00004Fr 1  rr           	makevar	"TABLENAME"
000050r 1  rr           	.byte	TOK_BYTE
000051r 1  0C           	.byte	12
000052r 1  rr           	.byte	TOK_DIM
000053r 1  rr           	makevar	"PLAYERNAME"
000054r 1  rr           	.byte	TOK_BYTE
000055r 1  0C           	.byte	12
000056r 1  rr           	.byte	TOK_DIM
000057r 1  rr           	makevar	"PLAYERHAND"
000058r 1  rr           	.byte	TOK_BYTE
000059r 1  0C           	.byte	12
00005Ar 1  rr           	.byte	TOK_DIM
00005Br 1  rr           	makevar	"PLAYERVALIDMOVES"
00005Cr 1               @FastBasic_LINE_46:	; LINE 46
00005Cr 1  rr           	.byte	TOK_NUM
00005Dr 1  00 04        	.word	1024
00005Fr 1  rr           	.byte	TOK_DIM
000060r 1  rr           	makevar	"RESPONSEBUFFER"
000061r 1               @FastBasic_LINE_49:	; LINE 49
000061r 1  rr           	.byte	TOK_NUM
000062r 1  FF 03        	.word	1023
000064r 1  rr           	.byte	TOK_ADD_VAR
000065r 1  rr           	makevar	"RESPONSEBUFFER"
000066r 1  rr           	.byte	TOK_PUSH_NUM
000067r 1  00 10        	.word	4096
000069r 1  rr           	.byte	TOK_DIV
00006Ar 1  rr           	.byte	TOK_PUSH_NUM
00006Br 1  00 10        	.word	4096
00006Dr 1  rr           	.byte	TOK_MUL
00006Er 1  rr           	.byte	TOK_PUSH_VAR_LOAD
00006Fr 1  rr           	makevar	"RESPONSEBUFFER"
000070r 1  rr           	.byte	TOK_SUB
000071r 1  rr           	.byte	TOK_PUSH_NUM
000072r 1  FF 0B        	.word	3071
000074r 1  rr           	.byte	TOK_ADD
000075r 1  rr           	.byte	TOK_VAR_STORE
000076r 1  rr           	makevar	"I"
000077r 1               @FastBasic_LINE_53:	; LINE 53
000077r 1  rr           	.byte	TOK_VAR_STORE_0
000078r 1  rr           	makevar	"J"
000079r 1               @FastBasic_LINE_54:	; LINE 54
000079r 1               jump_lbl_3:
000079r 1  rr           	.byte	TOK_VAR_LOAD
00007Ar 1  rr           	makevar	"I"
00007Br 1  rr           	.byte	TOK_PUSH_NUM
00007Cr 1  00 03        	.word	768
00007Er 1  rr           	.byte	TOK_GT
00007Fr 1  rr           	.byte	TOK_CJUMP
000080r 1  rr rr        	.word	jump_lbl_4
000082r 1               @FastBasic_LINE_55:	; LINE 55
000082r 1  rr           	.byte	TOK_VAR_LOAD
000083r 1  rr           	makevar	"J"
000084r 1  rr           	.byte	TOK_USHL
000085r 1  rr           	.byte	TOK_ADD_VAR
000086r 1  rr           	makevar	"TABLEID"
000087r 1  rr           	.byte	TOK_SADDR
000088r 1  rr           	.byte	TOK_CSTRING
000089r 1  00           	.byte	0
00008Ar 1  rr           	.byte	TOK_COPY_STR
00008Br 1  rr           	.byte	TOK_VAR_LOAD
00008Cr 1  rr           	makevar	"J"
00008Dr 1  rr           	.byte	TOK_USHL
00008Er 1  rr           	.byte	TOK_ADD_VAR
00008Fr 1  rr           	makevar	"TABLENAME"
000090r 1  rr           	.byte	TOK_SADDR
000091r 1  rr           	.byte	TOK_CSTRING
000092r 1  00           	.byte	0
000093r 1  rr           	.byte	TOK_COPY_STR
000094r 1  rr           	.byte	TOK_VAR_LOAD
000095r 1  rr           	makevar	"J"
000096r 1  rr           	.byte	TOK_USHL
000097r 1  rr           	.byte	TOK_ADD_VAR
000098r 1  rr           	makevar	"PLAYERNAME"
000099r 1  rr           	.byte	TOK_SADDR
00009Ar 1  rr           	.byte	TOK_CSTRING
00009Br 1  00           	.byte	0
00009Cr 1  rr           	.byte	TOK_COPY_STR
00009Dr 1               @FastBasic_LINE_56:	; LINE 56
00009Dr 1  rr           	.byte	TOK_VAR_LOAD
00009Er 1  rr           	makevar	"I"
00009Fr 1  rr           	.byte	TOK_PUSH_NUM
0000A0r 1  00 03        	.word	768
0000A2r 1  rr           	.byte	TOK_SUB
0000A3r 1  rr           	.byte	TOK_VAR_STORE
0000A4r 1  rr           	makevar	"I"
0000A5r 1               @FastBasic_LINE_57:	; LINE 57
0000A5r 1  rr           	.byte	TOK_INCVAR
0000A6r 1  rr           	makevar	"J"
0000A7r 1               @FastBasic_LINE_58:	; LINE 58
0000A7r 1  rr           	.byte	TOK_JUMP
0000A8r 1  rr rr        	.word	jump_lbl_3
0000AAr 1               jump_lbl_4:
0000AAr 1               @FastBasic_LINE_61:	; LINE 61
0000AAr 1  rr           	.byte	TOK_VAR_LOAD
0000ABr 1  rr           	makevar	"I"
0000ACr 1  rr           	.byte	TOK_PUSH_0
0000ADr 1  rr           	.byte	TOK_GT
0000AEr 1  rr           	.byte	TOK_CJUMP
0000AFr 1  rr rr        	.word	jump_lbl_5
0000B1r 1  rr           	.byte	TOK_1
0000B2r 1  rr           	.byte	TOK_ADD_VAR
0000B3r 1  rr           	makevar	"I"
0000B4r 1  rr           	.byte	TOK_DIM
0000B5r 1  rr           	makevar	"FILLER"
0000B6r 1               jump_lbl_5:
0000B6r 1               @FastBasic_LINE_69:	; LINE 69
0000B6r 1  rr           	.byte	TOK_NUM
0000B7r 1  00 09        	.word	2304
0000B9r 1  rr           	.byte	TOK_DIM
0000BAr 1  rr           	makevar	"SCREENBUFFER"
0000BBr 1               @FastBasic_LINE_72:	; LINE 72
0000BBr 1  rr           	.byte	TOK_VAR_LOAD
0000BCr 1  rr           	makevar	"J"
0000BDr 1  rr           	.byte	TOK_USHL
0000BEr 1  rr           	.byte	TOK_ADD_VAR
0000BFr 1  rr           	makevar	"TABLEID"
0000C0r 1  rr           	.byte	TOK_SADDR
0000C1r 1  rr           	.byte	TOK_CSTRING
0000C2r 1  00           	.byte	0
0000C3r 1  rr           	.byte	TOK_COPY_STR
0000C4r 1  rr           	.byte	TOK_VAR_LOAD
0000C5r 1  rr           	makevar	"J"
0000C6r 1  rr           	.byte	TOK_USHL
0000C7r 1  rr           	.byte	TOK_ADD_VAR
0000C8r 1  rr           	makevar	"TABLENAME"
0000C9r 1  rr           	.byte	TOK_SADDR
0000CAr 1  rr           	.byte	TOK_CSTRING
0000CBr 1  00           	.byte	0
0000CCr 1  rr           	.byte	TOK_COPY_STR
0000CDr 1  rr           	.byte	TOK_VAR_LOAD
0000CEr 1  rr           	makevar	"J"
0000CFr 1  rr           	.byte	TOK_USHL
0000D0r 1  rr           	.byte	TOK_ADD_VAR
0000D1r 1  rr           	makevar	"PLAYERNAME"
0000D2r 1  rr           	.byte	TOK_SADDR
0000D3r 1  rr           	.byte	TOK_CSTRING
0000D4r 1  00           	.byte	0
0000D5r 1  rr           	.byte	TOK_COPY_STR
0000D6r 1               @FastBasic_LINE_75:	; LINE 75
0000D6r 1  rr           	.byte	TOK_NUM
0000D7r 1  00 04        	.word	1024
0000D9r 1  rr           	.byte	TOK_DIM
0000DAr 1  rr           	makevar	"CHARBUFFER"
0000DBr 1               @FastBasic_LINE_222:	; LINE 222
0000DBr 1  rr           	.byte	TOK_1
0000DCr 1  rr           	.byte	TOK_NEG
0000DDr 1  rr           	.byte	TOK_VAR_STORE
0000DEr 1  rr           	makevar	"COLORTHEME"
0000DFr 1               @FastBasic_LINE_224:	; LINE 224
0000DFr 1  rr           	.byte	TOK_VAR_SADDR
0000E0r 1  rr           	makevar	"SERVERENDPOINT"
0000E1r 1  rr           	.byte	TOK_CSTRING
0000E2r 1  00           	.byte	0
0000E3r 1  rr           	.byte	TOK_COPY_STR
0000E4r 1               @FastBasic_LINE_225:	; LINE 225
0000E4r 1  rr           	.byte	TOK_VAR_SADDR
0000E5r 1  rr           	makevar	"QUERY"
0000E6r 1  rr           	.byte	TOK_CSTRING
0000E7r 1  00           	.byte	0
0000E8r 1  rr           	.byte	TOK_COPY_STR
0000E9r 1               @FastBasic_LINE_227:	; LINE 227
0000E9r 1  rr           	.byte	TOK_VAR_LOAD
0000EAr 1  rr           	makevar	"AK_LOBBY_CREATOR_ID"
0000EBr 1  rr           	.byte	TOK_PUSH_VAR_LOAD
0000ECr 1  rr           	makevar	"AK_LOBBY_APP_ID"
0000EDr 1  rr           	.byte	TOK_PUSH_VAR_LOAD
0000EEr 1  rr           	makevar	"AK_LOBBY_KEY_SERVER"
0000EFr 1  rr           	.byte	TOK_PUSH_VAR_LOAD
0000F0r 1  rr           	makevar	"SERVERENDPOINT"
0000F1r 1  rr           	.byte	TOK_PUSH
0000F2r 1  rr           	.byte	TOK_CALL
0000F3r 1  rr rr        	.word	fb_lbl_NREADAPPKEY
0000F5r 1               @FastBasic_LINE_230:	; LINE 230
0000F5r 1  rr           	.byte	TOK_VAR_LOAD
0000F6r 1  rr           	makevar	"SERVERENDPOINT"
0000F7r 1  rr           	.byte	TOK_PUSH
0000F8r 1  rr           	.byte	TOK_CSTRING
0000F9r 1  00           	.byte	0
0000FAr 1  rr           	.byte	TOK_CMP_STR
0000FBr 1  rr           	.byte	TOK_NEQ
0000FCr 1  rr           	.byte	TOK_CJUMP
0000FDr 1  rr rr        	.word	jump_lbl_10
0000FFr 1               @FastBasic_LINE_231:	; LINE 231
0000FFr 1  rr           	.byte	TOK_VAR_SADDR
000100r 1  rr           	makevar	"I"
000101r 1  rr           	.byte	TOK_PUSH_1
000102r 1  rr           	.byte	TOK_DPOKE
000103r 1  rr           	.byte	TOK_VAR_LOAD
000104r 1  rr           	makevar	"SERVERENDPOINT"
000105r 1  rr           	.byte	TOK_PEEK
000106r 1  rr           	.byte	TOK_PUSH_1
000107r 1  rr           	.byte	TOK_FOR
000108r 1  rr           	.byte	TOK_CNJUMP
000109r 1  rr rr        	.word	jump_lbl_12_x
00010Br 1               jump_lbl_12:
00010Br 1               @FastBasic_LINE_232:	; LINE 232
00010Br 1  rr           	.byte	TOK_VAR_LOAD
00010Cr 1  rr           	makevar	"SERVERENDPOINT"
00010Dr 1  rr           	.byte	TOK_PUSH_VAR_LOAD
00010Er 1  rr           	makevar	"I"
00010Fr 1  rr           	.byte	TOK_PUSH_1
000110r 1  rr           	.byte	TOK_STR_IDX
000111r 1  rr           	.byte	TOK_PUSH
000112r 1  rr           	.byte	TOK_CSTRING
000113r 1  01 3F        	.byte	1, "?"
000115r 1  rr           	.byte	TOK_CMP_STR
000116r 1  rr           	.byte	TOK_EQ
000117r 1  rr           	.byte	TOK_CJUMP
000118r 1  rr rr        	.word	jump_lbl_13
00011Ar 1               @FastBasic_LINE_233:	; LINE 233
00011Ar 1  rr           	.byte	TOK_VAR_SADDR
00011Br 1  rr           	makevar	"QUERY"
00011Cr 1  rr           	.byte	TOK_VAR_LOAD
00011Dr 1  rr           	makevar	"SERVERENDPOINT"
00011Er 1  rr           	.byte	TOK_PUSH_VAR_LOAD
00011Fr 1  rr           	makevar	"I"
000120r 1  rr           	.byte	TOK_PUSH_BYTE
000121r 1  FF           	.byte	255
000122r 1  rr           	.byte	TOK_STR_IDX
000123r 1  rr           	.byte	TOK_COPY_STR
000124r 1               @FastBasic_LINE_234:	; LINE 234
000124r 1  rr           	.byte	TOK_VAR_SADDR
000125r 1  rr           	makevar	"SERVERENDPOINT"
000126r 1  rr           	.byte	TOK_VAR_LOAD
000127r 1  rr           	makevar	"SERVERENDPOINT"
000128r 1  rr           	.byte	TOK_PUSH_1
000129r 1  rr           	.byte	TOK_PUSH_VAR_LOAD
00012Ar 1  rr           	makevar	"I"
00012Br 1  rr           	.byte	TOK_PUSH_BYTE
00012Cr 1  02           	.byte	2
00012Dr 1  rr           	.byte	TOK_SUB
00012Er 1  rr           	.byte	TOK_STR_IDX
00012Fr 1  rr           	.byte	TOK_COPY_STR
000130r 1               @FastBasic_LINE_235:	; LINE 235
000130r 1  rr           	.byte	TOK_JUMP
000131r 1  rr rr        	.word	jump_lbl_12_x
000133r 1               @FastBasic_LINE_236:	; LINE 236
000133r 1               jump_lbl_13:
000133r 1               @FastBasic_LINE_237:	; LINE 237
000133r 1  rr           	.byte	TOK_FOR_NEXT
000134r 1  rr           	.byte	TOK_CJUMP
000135r 1  rr rr        	.word	jump_lbl_12
000137r 1               jump_lbl_12_x:
000137r 1  rr           	.byte	TOK_FOR_EXIT
000138r 1               @FastBasic_LINE_238:	; LINE 238
000138r 1  rr           	.byte	TOK_JUMP
000139r 1  rr rr        	.word	jump_lbl_14
00013Br 1               jump_lbl_10:
00013Br 1               @FastBasic_LINE_240:	; LINE 240
00013Br 1  rr           	.byte	TOK_VAR_SADDR
00013Cr 1  rr           	makevar	"SERVERENDPOINT"
00013Dr 1  rr           	.byte	TOK_CSTRING
00013Er 1  1D 4E 3A 68  	.byte	29, "N:https://bunnyhop.spysoft.nz"
000142r 1  74 74 70 73  
000146r 1  3A 2F 2F 62  
00015Cr 1  rr           	.byte	TOK_COPY_STR
00015Dr 1               @FastBasic_LINE_241:	; LINE 241
00015Dr 1  rr           	.byte	TOK_VAR_SADDR
00015Er 1  rr           	makevar	"QUERY"
00015Fr 1  rr           	.byte	TOK_CSTRING
000160r 1  01 9B        	.byte	1, 155
000162r 1  rr           	.byte	TOK_COPY_STR
000163r 1               @FastBasic_LINE_243:	; LINE 243
000163r 1               jump_lbl_14:
000163r 1               @FastBasic_LINE_246:	; LINE 246
000163r 1  rr           	.byte	TOK_VAR_LOAD
000164r 1  rr           	makevar	"AK_LOBBY_CREATOR_ID"
000165r 1  rr           	.byte	TOK_PUSH_VAR_LOAD
000166r 1  rr           	makevar	"AK_LOBBY_APP_ID"
000167r 1  rr           	.byte	TOK_PUSH_VAR_LOAD
000168r 1  rr           	makevar	"AK_LOBBY_KEY_SERVER"
000169r 1  rr           	.byte	TOK_PUSH_VAR_LOAD
00016Ar 1  rr           	makevar	"SERVERENDPOINT"
00016Br 1  rr           	.byte	TOK_PUSH
00016Cr 1  rr           	.byte	TOK_CALL
00016Dr 1  rr rr        	.word	fb_lbl_NWRITEAPPKEY
00016Fr 1               @FastBasic_LINE_248:	; LINE 248
00016Fr 1  rr           	.byte	TOK_VAR_SADDR
000170r 1  rr           	makevar	"SERVERENDPOINT"
000171r 1  rr           	.byte	TOK_CSTRING
000172r 1  1C 4E 3A 68  	.byte	28, "N:http://192.168.68.200:8080"
000176r 1  74 74 70 3A  
00017Ar 1  2F 2F 31 39  
00018Fr 1  rr           	.byte	TOK_COPY_STR
000190r 1               @FastBasic_LINE_251:	; LINE 251
000190r 1  rr           	.byte	TOK_1
000191r 1  rr           	.byte	TOK_VAR_STORE
000192r 1  rr           	makevar	"UNIT"
000193r 1               @FastBasic_LINE_252:	; LINE 252
000193r 1  rr           	.byte	TOK_1
000194r 1  rr           	.byte	TOK_VAR_STORE
000195r 1  rr           	makevar	"JSON_MODE"
000196r 1               @FastBasic_LINE_253:	; LINE 253
000196r 1  rr           	.byte	TOK_VAR_SADDR
000197r 1  rr           	makevar	"URL"
000198r 1  rr           	.byte	TOK_CSTRING
000199r 1  00           	.byte	0
00019Ar 1  rr           	.byte	TOK_COPY_STR
00019Br 1               @FastBasic_LINE_254:	; LINE 254
00019Br 1  rr           	.byte	TOK_VAR_SADDR
00019Cr 1  rr           	makevar	"JSON"
00019Dr 1  rr           	.byte	TOK_CSTRING
00019Er 1  07 2F 74 61  	.byte	7, "/tables"
0001A2r 1  62 6C 65 73  
0001A6r 1  rr           	.byte	TOK_COPY_STR
0001A7r 1               @FastBasic_LINE_255:	; LINE 255
0001A7r 1  rr           	.byte	TOK_VAR_SADDR
0001A8r 1  rr           	makevar	"DUMMY"
0001A9r 1  rr           	.byte	TOK_CSTRING
0001AAr 1  00           	.byte	0
0001ABr 1  rr           	.byte	TOK_COPY_STR
0001ACr 1               @FastBasic_LINE_258:	; LINE 258
0001ACr 1  rr           	.byte	TOK_BYTE
0001ADr 1  0E           	.byte	14
0001AEr 1  rr           	.byte	TOK_DIM
0001AFr 1  rr           	makevar	"TABLECURRENTPLAYERS"
0001B0r 1  rr           	.byte	TOK_BYTE
0001B1r 1  0E           	.byte	14
0001B2r 1  rr           	.byte	TOK_DIM
0001B3r 1  rr           	makevar	"TABLEMAXPLAYERS"
0001B4r 1  rr           	.byte	TOK_BYTE
0001B5r 1  0E           	.byte	14
0001B6r 1  rr           	.byte	TOK_DIM
0001B7r 1  rr           	makevar	"TABLESTATUS"
0001B8r 1  rr           	.byte	TOK_BYTE
0001B9r 1  0C           	.byte	12
0001BAr 1  rr           	.byte	TOK_DIM
0001BBr 1  rr           	makevar	"PLAYERSTATUS"
0001BCr 1  rr           	.byte	TOK_BYTE
0001BDr 1  0C           	.byte	12
0001BEr 1  rr           	.byte	TOK_DIM
0001BFr 1  rr           	makevar	"PLAYERHANDCOUNT"
0001C0r 1  rr           	.byte	TOK_BYTE
0001C1r 1  0C           	.byte	12
0001C2r 1  rr           	.byte	TOK_DIM
0001C3r 1  rr           	makevar	"PLAYERWHITETOKENS"
0001C4r 1  rr           	.byte	TOK_BYTE
0001C5r 1  0C           	.byte	12
0001C6r 1  rr           	.byte	TOK_DIM
0001C7r 1  rr           	makevar	"PLAYERBLACKTOKENS"
0001C8r 1               @FastBasic_LINE_259:	; LINE 259
0001C8r 1  rr           	.byte	TOK_BYTE
0001C9r 1  0C           	.byte	12
0001CAr 1  rr           	.byte	TOK_DIM
0001CBr 1  rr           	makevar	"PLAYERSCORE"
0001CCr 1  rr           	.byte	TOK_BYTE
0001CDr 1  0C           	.byte	12
0001CEr 1  rr           	.byte	TOK_DIM
0001CFr 1  rr           	makevar	"PLAYERROUNDSCORE"
0001D0r 1  rr           	.byte	TOK_BYTE
0001D1r 1  0C           	.byte	12
0001D2r 1  rr           	.byte	TOK_DIM
0001D3r 1  rr           	makevar	"GAMESTATUS"
0001D4r 1  rr           	.byte	TOK_BYTE
0001D5r 1  0C           	.byte	12
0001D6r 1  rr           	.byte	TOK_DIM
0001D7r 1  rr           	makevar	"XSTART"
0001D8r 1  rr           	.byte	TOK_BYTE
0001D9r 1  0C           	.byte	12
0001DAr 1  rr           	.byte	TOK_DIM
0001DBr 1  rr           	makevar	"YSTART"
0001DCr 1  rr           	.byte	TOK_BYTE
0001DDr 1  10           	.byte	16
0001DEr 1  rr           	.byte	TOK_DIM
0001DFr 1  rr           	makevar	"CARDXSLOT"
0001E0r 1               @FastBasic_LINE_260:	; LINE 260
0001E0r 1  rr           	.byte	TOK_VAR_SADDR
0001E1r 1  rr           	makevar	"I"
0001E2r 1  rr           	.byte	TOK_PUSH_0
0001E3r 1  rr           	.byte	TOK_DPOKE
0001E4r 1  rr           	.byte	TOK_BYTE
0001E5r 1  06           	.byte	6
0001E6r 1  rr           	.byte	TOK_PUSH_1
0001E7r 1  rr           	.byte	TOK_FOR
0001E8r 1  rr           	.byte	TOK_CNJUMP
0001E9r 1  rr rr        	.word	jump_lbl_15
0001EBr 1               jump_lbl_16:
0001EBr 1               @FastBasic_LINE_261:	; LINE 261
0001EBr 1  rr           	.byte	TOK_VAR_LOAD
0001ECr 1  rr           	makevar	"I"
0001EDr 1  rr           	.byte	TOK_USHL
0001EEr 1  rr           	.byte	TOK_ADD_VAR
0001EFr 1  rr           	makevar	"TABLEID"
0001F0r 1  rr           	.byte	TOK_SADDR
0001F1r 1  rr           	.byte	TOK_CSTRING
0001F2r 1  00           	.byte	0
0001F3r 1  rr           	.byte	TOK_COPY_STR
0001F4r 1               @FastBasic_LINE_262:	; LINE 262
0001F4r 1  rr           	.byte	TOK_VAR_LOAD
0001F5r 1  rr           	makevar	"I"
0001F6r 1  rr           	.byte	TOK_USHL
0001F7r 1  rr           	.byte	TOK_ADD_VAR
0001F8r 1  rr           	makevar	"TABLENAME"
0001F9r 1  rr           	.byte	TOK_SADDR
0001FAr 1  rr           	.byte	TOK_CSTRING
0001FBr 1  00           	.byte	0
0001FCr 1  rr           	.byte	TOK_COPY_STR
0001FDr 1               @FastBasic_LINE_263:	; LINE 263
0001FDr 1  rr           	.byte	TOK_VAR_LOAD
0001FEr 1  rr           	makevar	"I"
0001FFr 1  rr           	.byte	TOK_USHL
000200r 1  rr           	.byte	TOK_ADD_VAR
000201r 1  rr           	makevar	"TABLECURRENTPLAYERS"
000202r 1  rr           	.byte	TOK_SADDR
000203r 1  rr           	.byte	TOK_0
000204r 1  rr           	.byte	TOK_DPOKE
000205r 1               @FastBasic_LINE_264:	; LINE 264
000205r 1  rr           	.byte	TOK_VAR_LOAD
000206r 1  rr           	makevar	"I"
000207r 1  rr           	.byte	TOK_USHL
000208r 1  rr           	.byte	TOK_ADD_VAR
000209r 1  rr           	makevar	"TABLEMAXPLAYERS"
00020Ar 1  rr           	.byte	TOK_SADDR
00020Br 1  rr           	.byte	TOK_0
00020Cr 1  rr           	.byte	TOK_DPOKE
00020Dr 1               @FastBasic_LINE_265:	; LINE 265
00020Dr 1  rr           	.byte	TOK_VAR_LOAD
00020Er 1  rr           	makevar	"I"
00020Fr 1  rr           	.byte	TOK_USHL
000210r 1  rr           	.byte	TOK_ADD_VAR
000211r 1  rr           	makevar	"TABLESTATUS"
000212r 1  rr           	.byte	TOK_SADDR
000213r 1  rr           	.byte	TOK_0
000214r 1  rr           	.byte	TOK_DPOKE
000215r 1               @FastBasic_LINE_266:	; LINE 266
000215r 1  rr           	.byte	TOK_FOR_NEXT
000216r 1  rr           	.byte	TOK_CJUMP
000217r 1  rr rr        	.word	jump_lbl_16
000219r 1               jump_lbl_15:
000219r 1  rr           	.byte	TOK_FOR_EXIT
00021Ar 1               @FastBasic_LINE_267:	; LINE 267
00021Ar 1  rr           	.byte	TOK_BYTE
00021Br 1  02           	.byte	2
00021Cr 1  rr           	.byte	TOK_ADD_VAR
00021Dr 1  rr           	makevar	"CARDXSLOT"
00021Er 1  rr           	.byte	TOK_SADDR
00021Fr 1  rr           	.byte	TOK_BYTE
000220r 1  08           	.byte	8
000221r 1  rr           	.byte	TOK_DPOKE
000222r 1  rr           	.byte	TOK_BYTE
000223r 1  04           	.byte	4
000224r 1  rr           	.byte	TOK_ADD_VAR
000225r 1  rr           	makevar	"CARDXSLOT"
000226r 1  rr           	.byte	TOK_SADDR
000227r 1  rr           	.byte	TOK_BYTE
000228r 1  0C           	.byte	12
000229r 1  rr           	.byte	TOK_DPOKE
00022Ar 1  rr           	.byte	TOK_BYTE
00022Br 1  06           	.byte	6
00022Cr 1  rr           	.byte	TOK_ADD_VAR
00022Dr 1  rr           	makevar	"CARDXSLOT"
00022Er 1  rr           	.byte	TOK_SADDR
00022Fr 1  rr           	.byte	TOK_BYTE
000230r 1  10           	.byte	16
000231r 1  rr           	.byte	TOK_DPOKE
000232r 1  rr           	.byte	TOK_BYTE
000233r 1  08           	.byte	8
000234r 1  rr           	.byte	TOK_ADD_VAR
000235r 1  rr           	makevar	"CARDXSLOT"
000236r 1  rr           	.byte	TOK_SADDR
000237r 1  rr           	.byte	TOK_BYTE
000238r 1  14           	.byte	20
000239r 1  rr           	.byte	TOK_DPOKE
00023Ar 1  rr           	.byte	TOK_BYTE
00023Br 1  0A           	.byte	10
00023Cr 1  rr           	.byte	TOK_ADD_VAR
00023Dr 1  rr           	makevar	"CARDXSLOT"
00023Er 1  rr           	.byte	TOK_SADDR
00023Fr 1  rr           	.byte	TOK_BYTE
000240r 1  18           	.byte	24
000241r 1  rr           	.byte	TOK_DPOKE
000242r 1  rr           	.byte	TOK_BYTE
000243r 1  0C           	.byte	12
000244r 1  rr           	.byte	TOK_ADD_VAR
000245r 1  rr           	makevar	"CARDXSLOT"
000246r 1  rr           	.byte	TOK_SADDR
000247r 1  rr           	.byte	TOK_BYTE
000248r 1  1C           	.byte	28
000249r 1  rr           	.byte	TOK_DPOKE
00024Ar 1  rr           	.byte	TOK_BYTE
00024Br 1  0E           	.byte	14
00024Cr 1  rr           	.byte	TOK_ADD_VAR
00024Dr 1  rr           	makevar	"CARDXSLOT"
00024Er 1  rr           	.byte	TOK_SADDR
00024Fr 1  rr           	.byte	TOK_BYTE
000250r 1  20           	.byte	32
000251r 1  rr           	.byte	TOK_DPOKE
000252r 1               @FastBasic_LINE_268:	; LINE 268
000252r 1  rr           	.byte	TOK_BYTE
000253r 1  14           	.byte	20
000254r 1  rr           	.byte	TOK_VAR_STORE
000255r 1  rr           	makevar	"CARDYSLOT"
000256r 1               @FastBasic_LINE_269:	; LINE 269
000256r 1  rr           	.byte	TOK_VAR_STORE_0
000257r 1  rr           	makevar	"OK"
000258r 1               @FastBasic_LINE_271:	; LINE 271
000258r 1  rr           	.byte	TOK_VAR_STORE_0
000259r 1  rr           	makevar	"TABLENUMBER"
00025Ar 1               @FastBasic_LINE_272:	; LINE 272
00025Ar 1  rr           	.byte	TOK_VAR_SADDR
00025Br 1  rr           	makevar	"MYNAME"
00025Cr 1  rr           	.byte	TOK_CSTRING
00025Dr 1  00           	.byte	0
00025Er 1  rr           	.byte	TOK_COPY_STR
00025Fr 1               @FastBasic_LINE_274:	; LINE 274
00025Fr 1  rr           	.byte	TOK_VAR_LOAD
000260r 1  rr           	makevar	"AK_LOBBY_CREATOR_ID"
000261r 1  rr           	.byte	TOK_PUSH_VAR_LOAD
000262r 1  rr           	makevar	"AK_LOBBY_APP_ID"
000263r 1  rr           	.byte	TOK_PUSH_VAR_LOAD
000264r 1  rr           	makevar	"AK_LOBBY_KEY_USERNAME"
000265r 1  rr           	.byte	TOK_PUSH_VAR_LOAD
000266r 1  rr           	makevar	"MYNAME"
000267r 1  rr           	.byte	TOK_PUSH
000268r 1  rr           	.byte	TOK_CALL
000269r 1  rr rr        	.word	fb_lbl_NREADAPPKEY
00026Br 1               @FastBasic_LINE_275:	; LINE 275
00026Br 1  rr           	.byte	TOK_VAR_LOAD
00026Cr 1  rr           	makevar	"MYNAME"
00026Dr 1  rr           	.byte	TOK_PUSH
00026Er 1  rr           	.byte	TOK_CALL
00026Fr 1  rr rr        	.word	fb_lbl_TOUPPER
000271r 1               @FastBasic_LINE_277:	; LINE 277
000271r 1  rr           	.byte	TOK_VAR_LOAD
000272r 1  rr           	makevar	"MYNAME"
000273r 1  rr           	.byte	TOK_PEEK
000274r 1  rr           	.byte	TOK_COMP_0
000275r 1  rr           	.byte	TOK_CNJUMP
000276r 1  rr rr        	.word	jump_lbl_17
000278r 1  rr           	.byte	TOK_VAR_SADDR
000279r 1  rr           	makevar	"MYNAME"
00027Ar 1  rr           	.byte	TOK_CSTRING
00027Br 1  07 4C 4F 52  	.byte	7, "LORENZO"
00027Fr 1  45 4E 5A 4F  
000283r 1  rr           	.byte	TOK_COPY_STR
000284r 1               jump_lbl_17:
000284r 1               @FastBasic_LINE_278:	; LINE 278
000284r 1  rr           	.byte	TOK_VAR_LOAD
000285r 1  rr           	makevar	"MYNAME"
000286r 1  rr           	.byte	TOK_PEEK
000287r 1  rr           	.byte	TOK_PUSH_BYTE
000288r 1  0A           	.byte	10
000289r 1  rr           	.byte	TOK_GT
00028Ar 1  rr           	.byte	TOK_CJUMP
00028Br 1  rr rr        	.word	jump_lbl_18
00028Dr 1  rr           	.byte	TOK_VAR_SADDR
00028Er 1  rr           	makevar	"MYNAME"
00028Fr 1  rr           	.byte	TOK_VAR_LOAD
000290r 1  rr           	makevar	"MYNAME"
000291r 1  rr           	.byte	TOK_PUSH_1
000292r 1  rr           	.byte	TOK_PUSH_BYTE
000293r 1  0A           	.byte	10
000294r 1  rr           	.byte	TOK_STR_IDX
000295r 1  rr           	.byte	TOK_COPY_STR
000296r 1               jump_lbl_18:
000296r 1               @FastBasic_LINE_279:	; LINE 279
000296r 1  rr           	.byte	TOK_VAR_SADDR
000297r 1  rr           	makevar	"I"
000298r 1  rr           	.byte	TOK_PUSH_1
000299r 1  rr           	.byte	TOK_DPOKE
00029Ar 1  rr           	.byte	TOK_VAR_LOAD
00029Br 1  rr           	makevar	"MYNAME"
00029Cr 1  rr           	.byte	TOK_PEEK
00029Dr 1  rr           	.byte	TOK_PUSH_1
00029Er 1  rr           	.byte	TOK_FOR
00029Fr 1  rr           	.byte	TOK_CNJUMP
0002A0r 1  rr rr        	.word	jump_lbl_20_x
0002A2r 1               jump_lbl_20:
0002A2r 1               @FastBasic_LINE_280:	; LINE 280
0002A2r 1  rr           	.byte	TOK_VAR_LOAD
0002A3r 1  rr           	makevar	"MYNAME"
0002A4r 1  rr           	.byte	TOK_PUSH_VAR_LOAD
0002A5r 1  rr           	makevar	"I"
0002A6r 1  rr           	.byte	TOK_PUSH_1
0002A7r 1  rr           	.byte	TOK_STR_IDX
0002A8r 1  rr           	.byte	TOK_PUSH
0002A9r 1  rr           	.byte	TOK_CSTRING
0002AAr 1  01 20        	.byte	1, " "
0002ACr 1  rr           	.byte	TOK_CMP_STR
0002ADr 1  rr           	.byte	TOK_EQ
0002AEr 1  rr           	.byte	TOK_CJUMP
0002AFr 1  rr rr        	.word	jump_lbl_21
0002B1r 1               @FastBasic_LINE_281:	; LINE 281
0002B1r 1  rr           	.byte	TOK_VAR_SADDR
0002B2r 1  rr           	makevar	"MYNAME"
0002B3r 1  rr           	.byte	TOK_VAR_LOAD
0002B4r 1  rr           	makevar	"MYNAME"
0002B5r 1  rr           	.byte	TOK_PUSH_1
0002B6r 1  rr           	.byte	TOK_PUSH_VAR_LOAD
0002B7r 1  rr           	makevar	"I"
0002B8r 1  rr           	.byte	TOK_PUSH_1
0002B9r 1  rr           	.byte	TOK_SUB
0002BAr 1  rr           	.byte	TOK_STR_IDX
0002BBr 1  rr           	.byte	TOK_COPY_STR
0002BCr 1               @FastBasic_LINE_282:	; LINE 282
0002BCr 1  rr           	.byte	TOK_JUMP
0002BDr 1  rr rr        	.word	jump_lbl_20_x
0002BFr 1               @FastBasic_LINE_283:	; LINE 283
0002BFr 1               jump_lbl_21:
0002BFr 1               @FastBasic_LINE_284:	; LINE 284
0002BFr 1  rr           	.byte	TOK_FOR_NEXT
0002C0r 1  rr           	.byte	TOK_CJUMP
0002C1r 1  rr rr        	.word	jump_lbl_20
0002C3r 1               jump_lbl_20_x:
0002C3r 1  rr           	.byte	TOK_FOR_EXIT
0002C4r 1               @FastBasic_LINE_287:	; LINE 287
0002C4r 1  rr           	.byte	TOK_VAR_STORE_0
0002C5r 1  rr           	makevar	"_ERR"
0002C6r 1               @FastBasic_LINE_289:	; LINE 289
0002C6r 1  rr           	.byte	TOK_VAR_STORE_0
0002C7r 1  rr           	makevar	"INDEX"
0002C8r 1               @FastBasic_LINE_291:	; LINE 291
0002C8r 1  rr           	.byte	TOK_VAR_STORE_0
0002C9r 1  rr           	makevar	"__NI_UNIT"
0002CAr 1               @FastBasic_LINE_292:	; LINE 292
0002CAr 1  rr           	.byte	TOK_VAR_STORE_0
0002CBr 1  rr           	makevar	"__NI_INDEX"
0002CCr 1               @FastBasic_LINE_293:	; LINE 293
0002CCr 1  rr           	.byte	TOK_VAR_STORE_0
0002CDr 1  rr           	makevar	"__NI_BUFFEREND"
0002CEr 1               @FastBasic_LINE_294:	; LINE 294
0002CEr 1  rr           	.byte	TOK_VAR_STORE_0
0002CFr 1  rr           	makevar	"__NI_INDEXSTOP"
0002D0r 1               @FastBasic_LINE_295:	; LINE 295
0002D0r 1  rr           	.byte	TOK_VAR_STORE_0
0002D1r 1  rr           	makevar	"__NI_RESULTLEN"
0002D2r 1               @FastBasic_LINE_298:	; LINE 298
0002D2r 1  rr           	.byte	TOK_CALL
0002D3r 1  rr rr        	.word	fb_lbl_CLEARSTATE
0002D5r 1               @FastBasic_LINE_300:	; LINE 300
0002D5r 1  rr           	.byte	TOK_BYTE
0002D6r 1  FF           	.byte	255
0002D7r 1  rr           	.byte	TOK_NUM_POKE
0002D8r 1  DB 02        	.word	731
0002DAr 1               @FastBasic_LINE_301:	; LINE 301
0002DAr 1  rr           	.byte	TOK_0
0002DBr 1  rr           	.byte	TOK_BYTE_POKE
0002DCr 1  13           	.byte	19
0002DDr 1  rr           	.byte	TOK_0
0002DEr 1  rr           	.byte	TOK_BYTE_POKE
0002DFr 1  14           	.byte	20
0002E0r 1               @FastBasic_LINE_302:	; LINE 302
0002E0r 1  rr           	.byte	TOK_TIME
0002E1r 1  rr           	.byte	TOK_VAR_STORE
0002E2r 1  rr           	makevar	"WAITTIME"
0002E3r 1               @FastBasic_LINE_303:	; LINE 303
0002E3r 1  rr           	.byte	TOK_CALL
0002E4r 1  rr rr        	.word	fb_lbl_INITSCREEN
0002E6r 1               @FastBasic_LINE_304:	; LINE 304
0002E6r 1  rr           	.byte	TOK_CALL
0002E7r 1  rr rr        	.word	fb_lbl_TITLESCREEN
0002E9r 1               @FastBasic_LINE_305:	; LINE 305
0002E9r 1  rr           	.byte	TOK_CALL
0002EAr 1  rr rr        	.word	fb_lbl_MAINLOOP
0002ECr 1               @FastBasic_LINE_306:	; LINE 306
0002ECr 1  rr           	.byte	TOK_CALL
0002EDr 1  rr rr        	.word	fb_lbl_QUITGAME
0002EFr 1               @FastBasic_LINE_1968:	; LINE 1968
0002EFr 1  rr           	.byte	TOK_END
0002F0r 1               @FastBasic_LINE_26:	; LINE 26
0002F0r 1               	.segment "DATA"
000000r 1               	.export	fb_lbl_NAPPKEYBLOCK
000000r 1               fb_lbl_NAPPKEYBLOCK:
000000r 1  00 00        	.word	0
000002r 1  00 00        	.word	0
000004r 1  00 00        	.word	0
000006r 1               @FastBasic_LINE_83:	; LINE 83
000006r 1               	.segment "DATA"
000006r 1               	.export	fb_lbl_FONT
000006r 1               fb_lbl_FONT:
000006r 1  00           	.byte	0
000007r 1  00           	.byte	0
000008r 1  00           	.byte	0
000009r 1  00           	.byte	0
00000Ar 1  00           	.byte	0
00000Br 1  00           	.byte	0
00000Cr 1  00           	.byte	0
00000Dr 1  00           	.byte	0
00000Er 1               @FastBasic_LINE_84:	; LINE 84
00000Er 1  05           	.byte	5
00000Fr 1  15           	.byte	21
000010r 1  1F           	.byte	31
000011r 1  1F           	.byte	31
000012r 1  7E           	.byte	126
000013r 1  7E           	.byte	126
000014r 1  7E           	.byte	126
000015r 1  7E           	.byte	126
000016r 1               @FastBasic_LINE_85:	; LINE 85
000016r 1  55           	.byte	85
000017r 1  55           	.byte	85
000018r 1  FF           	.byte	255
000019r 1  EF           	.byte	239
00001Ar 1  EE           	.byte	238
00001Br 1  EE           	.byte	238
00001Cr 1  EE           	.byte	238
00001Dr 1  EE           	.byte	238
00001Er 1               @FastBasic_LINE_86:	; LINE 86
00001Er 1  40           	.byte	64
00001Fr 1  50           	.byte	80
000020r 1  D0           	.byte	208
000021r 1  D4           	.byte	212
000022r 1  F4           	.byte	244
000023r 1  F4           	.byte	244
000024r 1  F4           	.byte	244
000025r 1  F4           	.byte	244
000026r 1               @FastBasic_LINE_87:	; LINE 87
000026r 1  7E           	.byte	126
000027r 1  7E           	.byte	126
000028r 1  7E           	.byte	126
000029r 1  7E           	.byte	126
00002Ar 1  7A           	.byte	122
00002Br 1  7A           	.byte	122
00002Cr 1  7A           	.byte	122
00002Dr 1  7B           	.byte	123
00002Er 1               @FastBasic_LINE_88:	; LINE 88
00002Er 1  EE           	.byte	238
00002Fr 1  EE           	.byte	238
000030r 1  EE           	.byte	238
000031r 1  EE           	.byte	238
000032r 1  EE           	.byte	238
000033r 1  EE           	.byte	238
000034r 1  EE           	.byte	238
000035r 1  EF           	.byte	239
000036r 1               @FastBasic_LINE_89:	; LINE 89
000036r 1  F4           	.byte	244
000037r 1  F4           	.byte	244
000038r 1  F4           	.byte	244
000039r 1  F4           	.byte	244
00003Ar 1  B4           	.byte	180
00003Br 1  B4           	.byte	180
00003Cr 1  B4           	.byte	180
00003Dr 1  B4           	.byte	180
00003Er 1               @FastBasic_LINE_90:	; LINE 90
00003Er 1  7B           	.byte	123
00003Fr 1  7B           	.byte	123
000040r 1  7F           	.byte	127
000041r 1  7F           	.byte	127
000042r 1  75           	.byte	117
000043r 1  77           	.byte	119
000044r 1  77           	.byte	119
000045r 1  75           	.byte	117
000046r 1               @FastBasic_LINE_91:	; LINE 91
000046r 1  EF           	.byte	239
000047r 1  EF           	.byte	239
000048r 1  FF           	.byte	255
000049r 1  FF           	.byte	255
00004Ar 1  77           	.byte	119
00004Br 1  F7           	.byte	247
00004Cr 1  F7           	.byte	247
00004Dr 1  F5           	.byte	245
00004Er 1               @FastBasic_LINE_92:	; LINE 92
00004Er 1  B4           	.byte	180
00004Fr 1  B4           	.byte	180
000050r 1  F4           	.byte	244
000051r 1  F4           	.byte	244
000052r 1  74           	.byte	116
000053r 1  74           	.byte	116
000054r 1  74           	.byte	116
000055r 1  74           	.byte	116
000056r 1               @FastBasic_LINE_93:	; LINE 93
000056r 1  77           	.byte	119
000057r 1  77           	.byte	119
000058r 1  77           	.byte	119
000059r 1  77           	.byte	119
00005Ar 1  1F           	.byte	31
00005Br 1  1F           	.byte	31
00005Cr 1  15           	.byte	21
00005Dr 1  05           	.byte	5
00005Er 1               @FastBasic_LINE_94:	; LINE 94
00005Er 1  F5           	.byte	245
00005Fr 1  F7           	.byte	247
000060r 1  F7           	.byte	247
000061r 1  F7           	.byte	247
000062r 1  FF           	.byte	255
000063r 1  FF           	.byte	255
000064r 1  55           	.byte	85
000065r 1  55           	.byte	85
000066r 1               @FastBasic_LINE_95:	; LINE 95
000066r 1  74           	.byte	116
000067r 1  74           	.byte	116
000068r 1  74           	.byte	116
000069r 1  74           	.byte	116
00006Ar 1  D4           	.byte	212
00006Br 1  D0           	.byte	208
00006Cr 1  50           	.byte	80
00006Dr 1  40           	.byte	64
00006Er 1               @FastBasic_LINE_96:	; LINE 96
00006Er 1  A5           	.byte	165
00006Fr 1  95           	.byte	149
000070r 1  9A           	.byte	154
000071r 1  9A           	.byte	154
000072r 1  6A           	.byte	106
000073r 1  6A           	.byte	106
000074r 1  6A           	.byte	106
000075r 1  6A           	.byte	106
000076r 1               @FastBasic_LINE_97:	; LINE 97
000076r 1  AA           	.byte	170
000077r 1  AA           	.byte	170
000078r 1  AA           	.byte	170
000079r 1  AA           	.byte	170
00007Ar 1  AA           	.byte	170
00007Br 1  AA           	.byte	170
00007Cr 1  AA           	.byte	170
00007Dr 1  AA           	.byte	170
00007Er 1               @FastBasic_LINE_98:	; LINE 98
00007Er 1  00           	.byte	0
00007Fr 1  08           	.byte	8
000080r 1  08           	.byte	8
000081r 1  20           	.byte	32
000082r 1  20           	.byte	32
000083r 1  80           	.byte	128
000084r 1  80           	.byte	128
000085r 1  00           	.byte	0
000086r 1               @FastBasic_LINE_99:	; LINE 99
000086r 1  00           	.byte	0
000087r 1  20           	.byte	32
000088r 1  88           	.byte	136
000089r 1  88           	.byte	136
00008Ar 1  88           	.byte	136
00008Br 1  88           	.byte	136
00008Cr 1  88           	.byte	136
00008Dr 1  20           	.byte	32
00008Er 1               @FastBasic_LINE_100:	; LINE 100
00008Er 1  00           	.byte	0
00008Fr 1  20           	.byte	32
000090r 1  A0           	.byte	160
000091r 1  20           	.byte	32
000092r 1  20           	.byte	32
000093r 1  20           	.byte	32
000094r 1  20           	.byte	32
000095r 1  A8           	.byte	168
000096r 1               @FastBasic_LINE_101:	; LINE 101
000096r 1  00           	.byte	0
000097r 1  20           	.byte	32
000098r 1  88           	.byte	136
000099r 1  88           	.byte	136
00009Ar 1  08           	.byte	8
00009Br 1  20           	.byte	32
00009Cr 1  80           	.byte	128
00009Dr 1  A8           	.byte	168
00009Er 1               @FastBasic_LINE_102:	; LINE 102
00009Er 1  00           	.byte	0
00009Fr 1  20           	.byte	32
0000A0r 1  88           	.byte	136
0000A1r 1  08           	.byte	8
0000A2r 1  20           	.byte	32
0000A3r 1  08           	.byte	8
0000A4r 1  88           	.byte	136
0000A5r 1  20           	.byte	32
0000A6r 1               @FastBasic_LINE_103:	; LINE 103
0000A6r 1  00           	.byte	0
0000A7r 1  08           	.byte	8
0000A8r 1  88           	.byte	136
0000A9r 1  88           	.byte	136
0000AAr 1  A8           	.byte	168
0000ABr 1  08           	.byte	8
0000ACr 1  08           	.byte	8
0000ADr 1  08           	.byte	8
0000AEr 1               @FastBasic_LINE_104:	; LINE 104
0000AEr 1  00           	.byte	0
0000AFr 1  A8           	.byte	168
0000B0r 1  80           	.byte	128
0000B1r 1  A0           	.byte	160
0000B2r 1  08           	.byte	8
0000B3r 1  08           	.byte	8
0000B4r 1  08           	.byte	8
0000B5r 1  A0           	.byte	160
0000B6r 1               @FastBasic_LINE_105:	; LINE 105
0000B6r 1  00           	.byte	0
0000B7r 1  28           	.byte	40
0000B8r 1  80           	.byte	128
0000B9r 1  A0           	.byte	160
0000BAr 1  88           	.byte	136
0000BBr 1  88           	.byte	136
0000BCr 1  88           	.byte	136
0000BDr 1  20           	.byte	32
0000BEr 1               @FastBasic_LINE_106:	; LINE 106
0000BEr 1  00           	.byte	0
0000BFr 1  A8           	.byte	168
0000C0r 1  88           	.byte	136
0000C1r 1  08           	.byte	8
0000C2r 1  20           	.byte	32
0000C3r 1  20           	.byte	32
0000C4r 1  20           	.byte	32
0000C5r 1  20           	.byte	32
0000C6r 1               @FastBasic_LINE_107:	; LINE 107
0000C6r 1  00           	.byte	0
0000C7r 1  20           	.byte	32
0000C8r 1  88           	.byte	136
0000C9r 1  88           	.byte	136
0000CAr 1  20           	.byte	32
0000CBr 1  88           	.byte	136
0000CCr 1  88           	.byte	136
0000CDr 1  20           	.byte	32
0000CEr 1               @FastBasic_LINE_108:	; LINE 108
0000CEr 1  00           	.byte	0
0000CFr 1  20           	.byte	32
0000D0r 1  88           	.byte	136
0000D1r 1  88           	.byte	136
0000D2r 1  88           	.byte	136
0000D3r 1  28           	.byte	40
0000D4r 1  08           	.byte	8
0000D5r 1  A0           	.byte	160
0000D6r 1               @FastBasic_LINE_109:	; LINE 109
0000D6r 1  00           	.byte	0
0000D7r 1  00           	.byte	0
0000D8r 1  20           	.byte	32
0000D9r 1  20           	.byte	32
0000DAr 1  00           	.byte	0
0000DBr 1  00           	.byte	0
0000DCr 1  20           	.byte	32
0000DDr 1  20           	.byte	32
0000DEr 1               @FastBasic_LINE_110:	; LINE 110
0000DEr 1  0A           	.byte	10
0000DFr 1  2F           	.byte	47
0000E0r 1  BF           	.byte	191
0000E1r 1  B5           	.byte	181
0000E2r 1  B7           	.byte	183
0000E3r 1  B7           	.byte	183
0000E4r 1  B7           	.byte	183
0000E5r 1  B5           	.byte	181
0000E6r 1               @FastBasic_LINE_111:	; LINE 111
0000E6r 1  80           	.byte	128
0000E7r 1  E0           	.byte	224
0000E8r 1  F8           	.byte	248
0000E9r 1  78           	.byte	120
0000EAr 1  F8           	.byte	248
0000EBr 1  F8           	.byte	248
0000ECr 1  F8           	.byte	248
0000EDr 1  F8           	.byte	248
0000EEr 1               @FastBasic_LINE_112:	; LINE 112
0000EEr 1  B7           	.byte	183
0000EFr 1  B7           	.byte	183
0000F0r 1  B7           	.byte	183
0000F1r 1  B7           	.byte	183
0000F2r 1  B7           	.byte	183
0000F3r 1  BF           	.byte	191
0000F4r 1  2F           	.byte	47
0000F5r 1  0A           	.byte	10
0000F6r 1               @FastBasic_LINE_113:	; LINE 113
0000F6r 1  F8           	.byte	248
0000F7r 1  F8           	.byte	248
0000F8r 1  F8           	.byte	248
0000F9r 1  F8           	.byte	248
0000FAr 1  F8           	.byte	248
0000FBr 1  F8           	.byte	248
0000FCr 1  E0           	.byte	224
0000FDr 1  80           	.byte	128
0000FEr 1               @FastBasic_LINE_114:	; LINE 114
0000FEr 1  0C           	.byte	12
0000FFr 1  0C           	.byte	12
000100r 1  0C           	.byte	12
000101r 1  0C           	.byte	12
000102r 1  0C           	.byte	12
000103r 1  0C           	.byte	12
000104r 1  0C           	.byte	12
000105r 1  0C           	.byte	12
000106r 1               @FastBasic_LINE_115:	; LINE 115
000106r 1  00           	.byte	0
000107r 1  00           	.byte	0
000108r 1  00           	.byte	0
000109r 1  00           	.byte	0
00010Ar 1  FF           	.byte	255
00010Br 1  FF           	.byte	255
00010Cr 1  00           	.byte	0
00010Dr 1  00           	.byte	0
00010Er 1               @FastBasic_LINE_116:	; LINE 116
00010Er 1  00           	.byte	0
00010Fr 1  20           	.byte	32
000110r 1  A8           	.byte	168
000111r 1  88           	.byte	136
000112r 1  88           	.byte	136
000113r 1  A8           	.byte	168
000114r 1  88           	.byte	136
000115r 1  88           	.byte	136
000116r 1               @FastBasic_LINE_117:	; LINE 117
000116r 1  00           	.byte	0
000117r 1  A0           	.byte	160
000118r 1  88           	.byte	136
000119r 1  88           	.byte	136
00011Ar 1  A0           	.byte	160
00011Br 1  88           	.byte	136
00011Cr 1  88           	.byte	136
00011Dr 1  A0           	.byte	160
00011Er 1               @FastBasic_LINE_118:	; LINE 118
00011Er 1  00           	.byte	0
00011Fr 1  28           	.byte	40
000120r 1  80           	.byte	128
000121r 1  80           	.byte	128
000122r 1  80           	.byte	128
000123r 1  80           	.byte	128
000124r 1  80           	.byte	128
000125r 1  28           	.byte	40
000126r 1               @FastBasic_LINE_119:	; LINE 119
000126r 1  00           	.byte	0
000127r 1  A0           	.byte	160
000128r 1  88           	.byte	136
000129r 1  88           	.byte	136
00012Ar 1  88           	.byte	136
00012Br 1  88           	.byte	136
00012Cr 1  88           	.byte	136
00012Dr 1  A0           	.byte	160
00012Er 1               @FastBasic_LINE_120:	; LINE 120
00012Er 1  00           	.byte	0
00012Fr 1  A8           	.byte	168
000130r 1  88           	.byte	136
000131r 1  80           	.byte	128
000132r 1  A0           	.byte	160
000133r 1  80           	.byte	128
000134r 1  80           	.byte	128
000135r 1  A8           	.byte	168
000136r 1               @FastBasic_LINE_121:	; LINE 121
000136r 1  00           	.byte	0
000137r 1  A8           	.byte	168
000138r 1  88           	.byte	136
000139r 1  80           	.byte	128
00013Ar 1  A0           	.byte	160
00013Br 1  80           	.byte	128
00013Cr 1  80           	.byte	128
00013Dr 1  80           	.byte	128
00013Er 1               @FastBasic_LINE_122:	; LINE 122
00013Er 1  00           	.byte	0
00013Fr 1  28           	.byte	40
000140r 1  88           	.byte	136
000141r 1  80           	.byte	128
000142r 1  98           	.byte	152
000143r 1  88           	.byte	136
000144r 1  88           	.byte	136
000145r 1  28           	.byte	40
000146r 1               @FastBasic_LINE_123:	; LINE 123
000146r 1  00           	.byte	0
000147r 1  88           	.byte	136
000148r 1  88           	.byte	136
000149r 1  88           	.byte	136
00014Ar 1  A8           	.byte	168
00014Br 1  88           	.byte	136
00014Cr 1  88           	.byte	136
00014Dr 1  88           	.byte	136
00014Er 1               @FastBasic_LINE_124:	; LINE 124
00014Er 1  00           	.byte	0
00014Fr 1  A8           	.byte	168
000150r 1  20           	.byte	32
000151r 1  20           	.byte	32
000152r 1  20           	.byte	32
000153r 1  20           	.byte	32
000154r 1  20           	.byte	32
000155r 1  A8           	.byte	168
000156r 1               @FastBasic_LINE_125:	; LINE 125
000156r 1  00           	.byte	0
000157r 1  28           	.byte	40
000158r 1  08           	.byte	8
000159r 1  08           	.byte	8
00015Ar 1  08           	.byte	8
00015Br 1  08           	.byte	8
00015Cr 1  88           	.byte	136
00015Dr 1  20           	.byte	32
00015Er 1               @FastBasic_LINE_126:	; LINE 126
00015Er 1  00           	.byte	0
00015Fr 1  88           	.byte	136
000160r 1  88           	.byte	136
000161r 1  A0           	.byte	160
000162r 1  A0           	.byte	160
000163r 1  88           	.byte	136
000164r 1  88           	.byte	136
000165r 1  88           	.byte	136
000166r 1               @FastBasic_LINE_127:	; LINE 127
000166r 1  00           	.byte	0
000167r 1  80           	.byte	128
000168r 1  80           	.byte	128
000169r 1  80           	.byte	128
00016Ar 1  80           	.byte	128
00016Br 1  80           	.byte	128
00016Cr 1  80           	.byte	128
00016Dr 1  A8           	.byte	168
00016Er 1               @FastBasic_LINE_128:	; LINE 128
00016Er 1  00           	.byte	0
00016Fr 1  88           	.byte	136
000170r 1  A8           	.byte	168
000171r 1  A8           	.byte	168
000172r 1  88           	.byte	136
000173r 1  88           	.byte	136
000174r 1  88           	.byte	136
000175r 1  88           	.byte	136
000176r 1               @FastBasic_LINE_129:	; LINE 129
000176r 1  00           	.byte	0
000177r 1  88           	.byte	136
000178r 1  88           	.byte	136
000179r 1  A8           	.byte	168
00017Ar 1  A8           	.byte	168
00017Br 1  A8           	.byte	168
00017Cr 1  88           	.byte	136
00017Dr 1  88           	.byte	136
00017Er 1               @FastBasic_LINE_130:	; LINE 130
00017Er 1  00           	.byte	0
00017Fr 1  20           	.byte	32
000180r 1  88           	.byte	136
000181r 1  88           	.byte	136
000182r 1  88           	.byte	136
000183r 1  88           	.byte	136
000184r 1  88           	.byte	136
000185r 1  20           	.byte	32
000186r 1               @FastBasic_LINE_131:	; LINE 131
000186r 1  00           	.byte	0
000187r 1  A0           	.byte	160
000188r 1  88           	.byte	136
000189r 1  88           	.byte	136
00018Ar 1  88           	.byte	136
00018Br 1  A0           	.byte	160
00018Cr 1  80           	.byte	128
00018Dr 1  80           	.byte	128
00018Er 1               @FastBasic_LINE_132:	; LINE 132
00018Er 1  00           	.byte	0
00018Fr 1  20           	.byte	32
000190r 1  88           	.byte	136
000191r 1  88           	.byte	136
000192r 1  88           	.byte	136
000193r 1  88           	.byte	136
000194r 1  20           	.byte	32
000195r 1  08           	.byte	8
000196r 1               @FastBasic_LINE_133:	; LINE 133
000196r 1  00           	.byte	0
000197r 1  A0           	.byte	160
000198r 1  88           	.byte	136
000199r 1  88           	.byte	136
00019Ar 1  88           	.byte	136
00019Br 1  A0           	.byte	160
00019Cr 1  88           	.byte	136
00019Dr 1  88           	.byte	136
00019Er 1               @FastBasic_LINE_134:	; LINE 134
00019Er 1  00           	.byte	0
00019Fr 1  28           	.byte	40
0001A0r 1  88           	.byte	136
0001A1r 1  80           	.byte	128
0001A2r 1  20           	.byte	32
0001A3r 1  08           	.byte	8
0001A4r 1  88           	.byte	136
0001A5r 1  A0           	.byte	160
0001A6r 1               @FastBasic_LINE_135:	; LINE 135
0001A6r 1  00           	.byte	0
0001A7r 1  A8           	.byte	168
0001A8r 1  20           	.byte	32
0001A9r 1  20           	.byte	32
0001AAr 1  20           	.byte	32
0001ABr 1  20           	.byte	32
0001ACr 1  20           	.byte	32
0001ADr 1  20           	.byte	32
0001AEr 1               @FastBasic_LINE_136:	; LINE 136
0001AEr 1  00           	.byte	0
0001AFr 1  88           	.byte	136
0001B0r 1  88           	.byte	136
0001B1r 1  88           	.byte	136
0001B2r 1  88           	.byte	136
0001B3r 1  88           	.byte	136
0001B4r 1  88           	.byte	136
0001B5r 1  A8           	.byte	168
0001B6r 1               @FastBasic_LINE_137:	; LINE 137
0001B6r 1  00           	.byte	0
0001B7r 1  88           	.byte	136
0001B8r 1  88           	.byte	136
0001B9r 1  88           	.byte	136
0001BAr 1  88           	.byte	136
0001BBr 1  A8           	.byte	168
0001BCr 1  20           	.byte	32
0001BDr 1  20           	.byte	32
0001BEr 1               @FastBasic_LINE_138:	; LINE 138
0001BEr 1  00           	.byte	0
0001BFr 1  88           	.byte	136
0001C0r 1  88           	.byte	136
0001C1r 1  88           	.byte	136
0001C2r 1  88           	.byte	136
0001C3r 1  A8           	.byte	168
0001C4r 1  A8           	.byte	168
0001C5r 1  88           	.byte	136
0001C6r 1               @FastBasic_LINE_139:	; LINE 139
0001C6r 1  00           	.byte	0
0001C7r 1  88           	.byte	136
0001C8r 1  88           	.byte	136
0001C9r 1  20           	.byte	32
0001CAr 1  20           	.byte	32
0001CBr 1  88           	.byte	136
0001CCr 1  88           	.byte	136
0001CDr 1  88           	.byte	136
0001CEr 1               @FastBasic_LINE_140:	; LINE 140
0001CEr 1  00           	.byte	0
0001CFr 1  88           	.byte	136
0001D0r 1  88           	.byte	136
0001D1r 1  88           	.byte	136
0001D2r 1  A8           	.byte	168
0001D3r 1  20           	.byte	32
0001D4r 1  20           	.byte	32
0001D5r 1  20           	.byte	32
0001D6r 1               @FastBasic_LINE_141:	; LINE 141
0001D6r 1  00           	.byte	0
0001D7r 1  A8           	.byte	168
0001D8r 1  08           	.byte	8
0001D9r 1  20           	.byte	32
0001DAr 1  20           	.byte	32
0001DBr 1  80           	.byte	128
0001DCr 1  80           	.byte	128
0001DDr 1  A8           	.byte	168
0001DEr 1               @FastBasic_LINE_142:	; LINE 142
0001DEr 1  FF           	.byte	255
0001DFr 1  FC           	.byte	252
0001E0r 1  F0           	.byte	240
0001E1r 1  F0           	.byte	240
0001E2r 1  C0           	.byte	192
0001E3r 1  C0           	.byte	192
0001E4r 1  C0           	.byte	192
0001E5r 1  00           	.byte	0
0001E6r 1               @FastBasic_LINE_143:	; LINE 143
0001E6r 1  FF           	.byte	255
0001E7r 1  3F           	.byte	63
0001E8r 1  0F           	.byte	15
0001E9r 1  0F           	.byte	15
0001EAr 1  03           	.byte	3
0001EBr 1  03           	.byte	3
0001ECr 1  03           	.byte	3
0001EDr 1  00           	.byte	0
0001EEr 1               @FastBasic_LINE_144:	; LINE 144
0001EEr 1  00           	.byte	0
0001EFr 1  C0           	.byte	192
0001F0r 1  C0           	.byte	192
0001F1r 1  C0           	.byte	192
0001F2r 1  F0           	.byte	240
0001F3r 1  F0           	.byte	240
0001F4r 1  FC           	.byte	252
0001F5r 1  FF           	.byte	255
0001F6r 1               @FastBasic_LINE_145:	; LINE 145
0001F6r 1  00           	.byte	0
0001F7r 1  03           	.byte	3
0001F8r 1  03           	.byte	3
0001F9r 1  03           	.byte	3
0001FAr 1  0F           	.byte	15
0001FBr 1  0F           	.byte	15
0001FCr 1  3F           	.byte	63
0001FDr 1  FF           	.byte	255
0001FEr 1               @FastBasic_LINE_146:	; LINE 146
0001FEr 1  10           	.byte	16
0001FFr 1  30           	.byte	48
000200r 1  B8           	.byte	184
000201r 1  EC           	.byte	236
000202r 1  EC           	.byte	236
000203r 1  EC           	.byte	236
000204r 1  B8           	.byte	184
000205r 1  30           	.byte	48
000206r 1               @FastBasic_LINE_147:	; LINE 147
000206r 1  05           	.byte	5
000207r 1  15           	.byte	21
000208r 1  1A           	.byte	26
000209r 1  1A           	.byte	26
00020Ar 1  6A           	.byte	106
00020Br 1  6A           	.byte	106
00020Cr 1  6A           	.byte	106
00020Dr 1  6A           	.byte	106
00020Er 1               @FastBasic_LINE_148:	; LINE 148
00020Er 1  55           	.byte	85
00020Fr 1  55           	.byte	85
000210r 1  AA           	.byte	170
000211r 1  AA           	.byte	170
000212r 1  AA           	.byte	170
000213r 1  AA           	.byte	170
000214r 1  AA           	.byte	170
000215r 1  AA           	.byte	170
000216r 1               @FastBasic_LINE_149:	; LINE 149
000216r 1  40           	.byte	64
000217r 1  50           	.byte	80
000218r 1  90           	.byte	144
000219r 1  94           	.byte	148
00021Ar 1  A4           	.byte	164
00021Br 1  A4           	.byte	164
00021Cr 1  A4           	.byte	164
00021Dr 1  A4           	.byte	164
00021Er 1               @FastBasic_LINE_150:	; LINE 150
00021Er 1  6A           	.byte	106
00021Fr 1  6A           	.byte	106
000220r 1  6A           	.byte	106
000221r 1  6A           	.byte	106
000222r 1  6A           	.byte	106
000223r 1  6A           	.byte	106
000224r 1  6A           	.byte	106
000225r 1  6A           	.byte	106
000226r 1               @FastBasic_LINE_151:	; LINE 151
000226r 1  A4           	.byte	164
000227r 1  A4           	.byte	164
000228r 1  A4           	.byte	164
000229r 1  A4           	.byte	164
00022Ar 1  A4           	.byte	164
00022Br 1  A4           	.byte	164
00022Cr 1  A4           	.byte	164
00022Dr 1  A4           	.byte	164
00022Er 1               @FastBasic_LINE_152:	; LINE 152
00022Er 1  6A           	.byte	106
00022Fr 1  6A           	.byte	106
000230r 1  6A           	.byte	106
000231r 1  6A           	.byte	106
000232r 1  1A           	.byte	26
000233r 1  1A           	.byte	26
000234r 1  15           	.byte	21
000235r 1  05           	.byte	5
000236r 1               @FastBasic_LINE_153:	; LINE 153
000236r 1  AA           	.byte	170
000237r 1  AA           	.byte	170
000238r 1  AA           	.byte	170
000239r 1  AA           	.byte	170
00023Ar 1  AA           	.byte	170
00023Br 1  AA           	.byte	170
00023Cr 1  55           	.byte	85
00023Dr 1  55           	.byte	85
00023Er 1               @FastBasic_LINE_154:	; LINE 154
00023Er 1  A4           	.byte	164
00023Fr 1  A4           	.byte	164
000240r 1  A4           	.byte	164
000241r 1  A4           	.byte	164
000242r 1  94           	.byte	148
000243r 1  90           	.byte	144
000244r 1  50           	.byte	80
000245r 1  40           	.byte	64
000246r 1               @FastBasic_LINE_155:	; LINE 155
000246r 1  AA           	.byte	170
000247r 1  FE           	.byte	254
000248r 1  FE           	.byte	254
000249r 1  FE           	.byte	254
00024Ar 1  BE           	.byte	190
00024Br 1  BE           	.byte	190
00024Cr 1  BE           	.byte	190
00024Dr 1  BE           	.byte	190
00024Er 1               @FastBasic_LINE_156:	; LINE 156
00024Er 1  BE           	.byte	190
00024Fr 1  BE           	.byte	190
000250r 1  BE           	.byte	190
000251r 1  BE           	.byte	190
000252r 1  BE           	.byte	190
000253r 1  FF           	.byte	255
000254r 1  FF           	.byte	255
000255r 1  AA           	.byte	170
000256r 1               @FastBasic_LINE_157:	; LINE 157
000256r 1  FF           	.byte	255
000257r 1  FF           	.byte	255
000258r 1  AB           	.byte	171
000259r 1  AB           	.byte	171
00025Ar 1  AB           	.byte	171
00025Br 1  AB           	.byte	171
00025Cr 1  AB           	.byte	171
00025Dr 1  FF           	.byte	255
00025Er 1               @FastBasic_LINE_158:	; LINE 158
00025Er 1  FF           	.byte	255
00025Fr 1  EA           	.byte	234
000260r 1  EA           	.byte	234
000261r 1  EA           	.byte	234
000262r 1  EA           	.byte	234
000263r 1  EA           	.byte	234
000264r 1  FF           	.byte	255
000265r 1  FF           	.byte	255
000266r 1               @FastBasic_LINE_159:	; LINE 159
000266r 1  FF           	.byte	255
000267r 1  AB           	.byte	171
000268r 1  AB           	.byte	171
000269r 1  AB           	.byte	171
00026Ar 1  AB           	.byte	171
00026Br 1  AB           	.byte	171
00026Cr 1  FF           	.byte	255
00026Dr 1  FF           	.byte	255
00026Er 1               @FastBasic_LINE_160:	; LINE 160
00026Er 1  AB           	.byte	171
00026Fr 1  AB           	.byte	171
000270r 1  EB           	.byte	235
000271r 1  EB           	.byte	235
000272r 1  EB           	.byte	235
000273r 1  EB           	.byte	235
000274r 1  EB           	.byte	235
000275r 1  FF           	.byte	255
000276r 1               @FastBasic_LINE_161:	; LINE 161
000276r 1  FF           	.byte	255
000277r 1  AB           	.byte	171
000278r 1  AB           	.byte	171
000279r 1  AB           	.byte	171
00027Ar 1  AB           	.byte	171
00027Br 1  AB           	.byte	171
00027Cr 1  AB           	.byte	171
00027Dr 1  AB           	.byte	171
00027Er 1               @FastBasic_LINE_162:	; LINE 162
00027Er 1  AA           	.byte	170
00027Fr 1  FF           	.byte	255
000280r 1  FF           	.byte	255
000281r 1  EA           	.byte	234
000282r 1  EA           	.byte	234
000283r 1  EA           	.byte	234
000284r 1  EA           	.byte	234
000285r 1  FF           	.byte	255
000286r 1               @FastBasic_LINE_163:	; LINE 163
000286r 1  AA           	.byte	170
000287r 1  FF           	.byte	255
000288r 1  FF           	.byte	255
000289r 1  EB           	.byte	235
00028Ar 1  EB           	.byte	235
00028Br 1  EA           	.byte	234
00028Cr 1  EA           	.byte	234
00028Dr 1  EA           	.byte	234
00028Er 1               @FastBasic_LINE_164:	; LINE 164
00028Er 1  FF           	.byte	255
00028Fr 1  EB           	.byte	235
000290r 1  EB           	.byte	235
000291r 1  EB           	.byte	235
000292r 1  EB           	.byte	235
000293r 1  EB           	.byte	235
000294r 1  EB           	.byte	235
000295r 1  FF           	.byte	255
000296r 1               @FastBasic_LINE_165:	; LINE 165
000296r 1  FF           	.byte	255
000297r 1  FF           	.byte	255
000298r 1  EB           	.byte	235
000299r 1  EB           	.byte	235
00029Ar 1  AB           	.byte	171
00029Br 1  AB           	.byte	171
00029Cr 1  AF           	.byte	175
00029Dr 1  AE           	.byte	174
00029Er 1               @FastBasic_LINE_166:	; LINE 166
00029Er 1  BA           	.byte	186
00029Fr 1  BA           	.byte	186
0002A0r 1  BA           	.byte	186
0002A1r 1  BA           	.byte	186
0002A2r 1  BA           	.byte	186
0002A3r 1  BA           	.byte	186
0002A4r 1  BA           	.byte	186
0002A5r 1  AA           	.byte	170
0002A6r 1               @FastBasic_LINE_167:	; LINE 167
0002A6r 1  05           	.byte	5
0002A7r 1  15           	.byte	21
0002A8r 1  1A           	.byte	26
0002A9r 1  1A           	.byte	26
0002AAr 1  6A           	.byte	106
0002ABr 1  6B           	.byte	107
0002ACr 1  6B           	.byte	107
0002ADr 1  6B           	.byte	107
0002AEr 1               @FastBasic_LINE_168:	; LINE 168
0002AEr 1  55           	.byte	85
0002AFr 1  55           	.byte	85
0002B0r 1  AA           	.byte	170
0002B1r 1  AA           	.byte	170
0002B2r 1  AA           	.byte	170
0002B3r 1  FF           	.byte	255
0002B4r 1  FF           	.byte	255
0002B5r 1  AA           	.byte	170
0002B6r 1               @FastBasic_LINE_169:	; LINE 169
0002B6r 1  40           	.byte	64
0002B7r 1  50           	.byte	80
0002B8r 1  90           	.byte	144
0002B9r 1  94           	.byte	148
0002BAr 1  A4           	.byte	164
0002BBr 1  A4           	.byte	164
0002BCr 1  A4           	.byte	164
0002BDr 1  E4           	.byte	228
0002BEr 1               @FastBasic_LINE_170:	; LINE 170
0002BEr 1  6B           	.byte	107
0002BFr 1  6B           	.byte	107
0002C0r 1  6B           	.byte	107
0002C1r 1  6B           	.byte	107
0002C2r 1  6B           	.byte	107
0002C3r 1  6B           	.byte	107
0002C4r 1  6B           	.byte	107
0002C5r 1  6B           	.byte	107
0002C6r 1               @FastBasic_LINE_171:	; LINE 171
0002C6r 1  AA           	.byte	170
0002C7r 1  AA           	.byte	170
0002C8r 1  AA           	.byte	170
0002C9r 1  AA           	.byte	170
0002CAr 1  AA           	.byte	170
0002CBr 1  AA           	.byte	170
0002CCr 1  AA           	.byte	170
0002CDr 1  FF           	.byte	255
0002CEr 1               @FastBasic_LINE_172:	; LINE 172
0002CEr 1  E4           	.byte	228
0002CFr 1  E4           	.byte	228
0002D0r 1  E4           	.byte	228
0002D1r 1  E4           	.byte	228
0002D2r 1  E4           	.byte	228
0002D3r 1  E4           	.byte	228
0002D4r 1  E4           	.byte	228
0002D5r 1  E4           	.byte	228
0002D6r 1               @FastBasic_LINE_173:	; LINE 173
0002D6r 1  6B           	.byte	107
0002D7r 1  6B           	.byte	107
0002D8r 1  6B           	.byte	107
0002D9r 1  6B           	.byte	107
0002DAr 1  6B           	.byte	107
0002DBr 1  6B           	.byte	107
0002DCr 1  6B           	.byte	107
0002DDr 1  6B           	.byte	107
0002DEr 1               @FastBasic_LINE_174:	; LINE 174
0002DEr 1  FF           	.byte	255
0002DFr 1  AA           	.byte	170
0002E0r 1  AA           	.byte	170
0002E1r 1  AA           	.byte	170
0002E2r 1  AA           	.byte	170
0002E3r 1  AA           	.byte	170
0002E4r 1  AA           	.byte	170
0002E5r 1  AA           	.byte	170
0002E6r 1               @FastBasic_LINE_175:	; LINE 175
0002E6r 1  E4           	.byte	228
0002E7r 1  E4           	.byte	228
0002E8r 1  E4           	.byte	228
0002E9r 1  E4           	.byte	228
0002EAr 1  E4           	.byte	228
0002EBr 1  E4           	.byte	228
0002ECr 1  E4           	.byte	228
0002EDr 1  E4           	.byte	228
0002EEr 1               @FastBasic_LINE_176:	; LINE 176
0002EEr 1  6B           	.byte	107
0002EFr 1  6B           	.byte	107
0002F0r 1  6B           	.byte	107
0002F1r 1  6A           	.byte	106
0002F2r 1  1A           	.byte	26
0002F3r 1  1A           	.byte	26
0002F4r 1  16           	.byte	22
0002F5r 1  05           	.byte	5
0002F6r 1               @FastBasic_LINE_177:	; LINE 177
0002F6r 1  AA           	.byte	170
0002F7r 1  FF           	.byte	255
0002F8r 1  FF           	.byte	255
0002F9r 1  AA           	.byte	170
0002FAr 1  AA           	.byte	170
0002FBr 1  AA           	.byte	170
0002FCr 1  AA           	.byte	170
0002FDr 1  55           	.byte	85
0002FEr 1               @FastBasic_LINE_178:	; LINE 178
0002FEr 1  E4           	.byte	228
0002FFr 1  A4           	.byte	164
000300r 1  A4           	.byte	164
000301r 1  A4           	.byte	164
000302r 1  94           	.byte	148
000303r 1  90           	.byte	144
000304r 1  50           	.byte	80
000305r 1  40           	.byte	64
000306r 1               @FastBasic_LINE_179:	; LINE 179
000306r 1  05           	.byte	5
000307r 1  15           	.byte	21
000308r 1  1A           	.byte	26
000309r 1  1A           	.byte	26
00030Ar 1  6A           	.byte	106
00030Br 1  6B           	.byte	107
00030Cr 1  6B           	.byte	107
00030Dr 1  6B           	.byte	107
00030Er 1               @FastBasic_LINE_180:	; LINE 180
00030Er 1  55           	.byte	85
00030Fr 1  55           	.byte	85
000310r 1  AA           	.byte	170
000311r 1  AA           	.byte	170
000312r 1  AA           	.byte	170
000313r 1  FF           	.byte	255
000314r 1  FF           	.byte	255
000315r 1  AA           	.byte	170
000316r 1               @FastBasic_LINE_181:	; LINE 181
000316r 1  40           	.byte	64
000317r 1  50           	.byte	80
000318r 1  90           	.byte	144
000319r 1  94           	.byte	148
00031Ar 1  A4           	.byte	164
00031Br 1  A4           	.byte	164
00031Cr 1  A4           	.byte	164
00031Dr 1  E4           	.byte	228
00031Er 1               @FastBasic_LINE_182:	; LINE 182
00031Er 1  6B           	.byte	107
00031Fr 1  6B           	.byte	107
000320r 1  6B           	.byte	107
000321r 1  6B           	.byte	107
000322r 1  6B           	.byte	107
000323r 1  6B           	.byte	107
000324r 1  6B           	.byte	107
000325r 1  6B           	.byte	107
000326r 1               @FastBasic_LINE_183:	; LINE 183
000326r 1  AA           	.byte	170
000327r 1  AA           	.byte	170
000328r 1  AA           	.byte	170
000329r 1  AA           	.byte	170
00032Ar 1  AA           	.byte	170
00032Br 1  AA           	.byte	170
00032Cr 1  AA           	.byte	170
00032Dr 1  AA           	.byte	170
00032Er 1               @FastBasic_LINE_184:	; LINE 184
00032Er 1  E4           	.byte	228
00032Fr 1  E4           	.byte	228
000330r 1  E4           	.byte	228
000331r 1  E4           	.byte	228
000332r 1  E4           	.byte	228
000333r 1  E4           	.byte	228
000334r 1  E4           	.byte	228
000335r 1  E4           	.byte	228
000336r 1               @FastBasic_LINE_185:	; LINE 185
000336r 1  6B           	.byte	107
000337r 1  6B           	.byte	107
000338r 1  6B           	.byte	107
000339r 1  6B           	.byte	107
00033Ar 1  6B           	.byte	107
00033Br 1  6B           	.byte	107
00033Cr 1  6B           	.byte	107
00033Dr 1  6B           	.byte	107
00033Er 1               @FastBasic_LINE_186:	; LINE 186
00033Er 1  AA           	.byte	170
00033Fr 1  AA           	.byte	170
000340r 1  AA           	.byte	170
000341r 1  AA           	.byte	170
000342r 1  AA           	.byte	170
000343r 1  AA           	.byte	170
000344r 1  AA           	.byte	170
000345r 1  AA           	.byte	170
000346r 1               @FastBasic_LINE_187:	; LINE 187
000346r 1  E4           	.byte	228
000347r 1  E4           	.byte	228
000348r 1  E4           	.byte	228
000349r 1  E4           	.byte	228
00034Ar 1  E4           	.byte	228
00034Br 1  E4           	.byte	228
00034Cr 1  E4           	.byte	228
00034Dr 1  E4           	.byte	228
00034Er 1               @FastBasic_LINE_188:	; LINE 188
00034Er 1  6B           	.byte	107
00034Fr 1  6B           	.byte	107
000350r 1  6B           	.byte	107
000351r 1  6A           	.byte	106
000352r 1  1A           	.byte	26
000353r 1  1A           	.byte	26
000354r 1  16           	.byte	22
000355r 1  05           	.byte	5
000356r 1               @FastBasic_LINE_189:	; LINE 189
000356r 1  AA           	.byte	170
000357r 1  FF           	.byte	255
000358r 1  FF           	.byte	255
000359r 1  AA           	.byte	170
00035Ar 1  AA           	.byte	170
00035Br 1  AA           	.byte	170
00035Cr 1  AA           	.byte	170
00035Dr 1  55           	.byte	85
00035Er 1               @FastBasic_LINE_190:	; LINE 190
00035Er 1  E4           	.byte	228
00035Fr 1  A4           	.byte	164
000360r 1  A4           	.byte	164
000361r 1  A4           	.byte	164
000362r 1  94           	.byte	148
000363r 1  90           	.byte	144
000364r 1  50           	.byte	80
000365r 1  40           	.byte	64
000366r 1               @FastBasic_LINE_191:	; LINE 191
000366r 1  00           	.byte	0
000367r 1  0A           	.byte	10
000368r 1  2F           	.byte	47
000369r 1  BF           	.byte	191
00036Ar 1  B5           	.byte	181
00036Br 1  B7           	.byte	183
00036Cr 1  B7           	.byte	183
00036Dr 1  B7           	.byte	183
00036Er 1               @FastBasic_LINE_192:	; LINE 192
00036Er 1  00           	.byte	0
00036Fr 1  80           	.byte	128
000370r 1  E0           	.byte	224
000371r 1  F8           	.byte	248
000372r 1  78           	.byte	120
000373r 1  F8           	.byte	248
000374r 1  F8           	.byte	248
000375r 1  F8           	.byte	248
000376r 1               @FastBasic_LINE_193:	; LINE 193
000376r 1  B7           	.byte	183
000377r 1  B7           	.byte	183
000378r 1  B7           	.byte	183
000379r 1  B5           	.byte	181
00037Ar 1  BF           	.byte	191
00037Br 1  2F           	.byte	47
00037Cr 1  0A           	.byte	10
00037Dr 1  00           	.byte	0
00037Er 1               @FastBasic_LINE_194:	; LINE 194
00037Er 1  F8           	.byte	248
00037Fr 1  F8           	.byte	248
000380r 1  F8           	.byte	248
000381r 1  78           	.byte	120
000382r 1  F8           	.byte	248
000383r 1  E0           	.byte	224
000384r 1  80           	.byte	128
000385r 1  00           	.byte	0
000386r 1               @FastBasic_LINE_195:	; LINE 195
000386r 1  10           	.byte	16
000387r 1  20           	.byte	32
000388r 1  A8           	.byte	168
000389r 1  A9           	.byte	169
00038Ar 1  A8           	.byte	168
00038Br 1  A8           	.byte	168
00038Cr 1  20           	.byte	32
00038Dr 1  10           	.byte	16
00038Er 1               @FastBasic_LINE_196:	; LINE 196
00038Er 1  10           	.byte	16
00038Fr 1  10           	.byte	16
000390r 1  10           	.byte	16
000391r 1  55           	.byte	85
000392r 1  10           	.byte	16
000393r 1  10           	.byte	16
000394r 1  10           	.byte	16
000395r 1  10           	.byte	16
000396r 1               @FastBasic_LINE_197:	; LINE 197
000396r 1  00           	.byte	0
000397r 1  00           	.byte	0
000398r 1  10           	.byte	16
000399r 1  15           	.byte	21
00039Ar 1  10           	.byte	16
00039Br 1  10           	.byte	16
00039Cr 1  00           	.byte	0
00039Dr 1  00           	.byte	0
00039Er 1               @FastBasic_LINE_198:	; LINE 198
00039Er 1  00           	.byte	0
00039Fr 1  00           	.byte	0
0003A0r 1  00           	.byte	0
0003A1r 1  00           	.byte	0
0003A2r 1  00           	.byte	0
0003A3r 1  20           	.byte	32
0003A4r 1  20           	.byte	32
0003A5r 1  00           	.byte	0
0003A6r 1               @FastBasic_LINE_199:	; LINE 199
0003A6r 1  00           	.byte	0
0003A7r 1  00           	.byte	0
0003A8r 1  00           	.byte	0
0003A9r 1  00           	.byte	0
0003AAr 1  00           	.byte	0
0003ABr 1  20           	.byte	32
0003ACr 1  20           	.byte	32
0003ADr 1  80           	.byte	128
0003AEr 1               @FastBasic_LINE_200:	; LINE 200
0003AEr 1  0C           	.byte	12
0003AFr 1  0C           	.byte	12
0003B0r 1  0C           	.byte	12
0003B1r 1  0C           	.byte	12
0003B2r 1  0C           	.byte	12
0003B3r 1  0C           	.byte	12
0003B4r 1  0C           	.byte	12
0003B5r 1  0C           	.byte	12
0003B6r 1               @FastBasic_LINE_201:	; LINE 201
0003B6r 1  00           	.byte	0
0003B7r 1  00           	.byte	0
0003B8r 1  00           	.byte	0
0003B9r 1  00           	.byte	0
0003BAr 1  FF           	.byte	255
0003BBr 1  FF           	.byte	255
0003BCr 1  0C           	.byte	12
0003BDr 1  0C           	.byte	12
0003BEr 1               @FastBasic_LINE_202:	; LINE 202
0003BEr 1  00           	.byte	0
0003BFr 1  00           	.byte	0
0003C0r 1  00           	.byte	0
0003C1r 1  00           	.byte	0
0003C2r 1  0F           	.byte	15
0003C3r 1  0F           	.byte	15
0003C4r 1  0C           	.byte	12
0003C5r 1  0C           	.byte	12
0003C6r 1               @FastBasic_LINE_203:	; LINE 203
0003C6r 1  00           	.byte	0
0003C7r 1  00           	.byte	0
0003C8r 1  00           	.byte	0
0003C9r 1  00           	.byte	0
0003CAr 1  FC           	.byte	252
0003CBr 1  FC           	.byte	252
0003CCr 1  0C           	.byte	12
0003CDr 1  0C           	.byte	12
0003CEr 1               @FastBasic_LINE_204:	; LINE 204
0003CEr 1  0C           	.byte	12
0003CFr 1  0C           	.byte	12
0003D0r 1  0C           	.byte	12
0003D1r 1  0C           	.byte	12
0003D2r 1  0F           	.byte	15
0003D3r 1  0F           	.byte	15
0003D4r 1  00           	.byte	0
0003D5r 1  00           	.byte	0
0003D6r 1               @FastBasic_LINE_205:	; LINE 205
0003D6r 1  0C           	.byte	12
0003D7r 1  0C           	.byte	12
0003D8r 1  0C           	.byte	12
0003D9r 1  0C           	.byte	12
0003DAr 1  FC           	.byte	252
0003DBr 1  FC           	.byte	252
0003DCr 1  00           	.byte	0
0003DDr 1  00           	.byte	0
0003DEr 1               @FastBasic_LINE_206:	; LINE 206
0003DEr 1  0C           	.byte	12
0003DFr 1  0C           	.byte	12
0003E0r 1  0C           	.byte	12
0003E1r 1  0C           	.byte	12
0003E2r 1  FC           	.byte	252
0003E3r 1  FC           	.byte	252
0003E4r 1  0C           	.byte	12
0003E5r 1  0C           	.byte	12
0003E6r 1               @FastBasic_LINE_207:	; LINE 207
0003E6r 1  0C           	.byte	12
0003E7r 1  0C           	.byte	12
0003E8r 1  0C           	.byte	12
0003E9r 1  0C           	.byte	12
0003EAr 1  0F           	.byte	15
0003EBr 1  0F           	.byte	15
0003ECr 1  0C           	.byte	12
0003EDr 1  0C           	.byte	12
0003EEr 1               @FastBasic_LINE_208:	; LINE 208
0003EEr 1  00           	.byte	0
0003EFr 1  00           	.byte	0
0003F0r 1  00           	.byte	0
0003F1r 1  A8           	.byte	168
0003F2r 1  00           	.byte	0
0003F3r 1  00           	.byte	0
0003F4r 1  00           	.byte	0
0003F5r 1  00           	.byte	0
0003F6r 1               @FastBasic_LINE_209:	; LINE 209
0003F6r 1  0C           	.byte	12
0003F7r 1  0C           	.byte	12
0003F8r 1  0C           	.byte	12
0003F9r 1  0C           	.byte	12
0003FAr 1  FF           	.byte	255
0003FBr 1  FF           	.byte	255
0003FCr 1  00           	.byte	0
0003FDr 1  00           	.byte	0
0003FEr 1               @FastBasic_LINE_210:	; LINE 210
0003FEr 1  00           	.byte	0
0003FFr 1  00           	.byte	0
000400r 1  00           	.byte	0
000401r 1  00           	.byte	0
000402r 1  00           	.byte	0
000403r 1  00           	.byte	0
000404r 1  00           	.byte	0
000405r 1  00           	.byte	0
000406r 1               @FastBasic_LINE_215:	; LINE 215
000406r 1               	.segment "DATA"
000406r 1               	.export	fb_lbl_BACKGROUND_COLOR
000406r 1               fb_lbl_BACKGROUND_COLOR:
000406r 1  00           	.byte	0
000407r 1  00           	.byte	0
000408r 1  00           	.byte	0
000409r 1               @FastBasic_LINE_216:	; LINE 216
000409r 1               	.segment "DATA"
000409r 1               	.export	fb_lbl_TEXT_COLOR
000409r 1               fb_lbl_TEXT_COLOR:
000409r 1  0E           	.byte	14
00040Ar 1  0E           	.byte	14
00040Br 1  00           	.byte	0
00040Cr 1               @FastBasic_LINE_220:	; LINE 220
00040Cr 1               	.segment "DATA"
00040Cr 1               	.export	fb_lbl_COLORTHEMEMAP
00040Cr 1               fb_lbl_COLORTHEMEMAP:
00040Cr 1  B4 00        	.word	180
00040Er 1  88 00        	.word	136
000410r 1  84 00        	.word	132
000412r 1  08 00        	.word	8
000414r 1  22 00        	.word	34
000416r 1  28 00        	.word	40
000418r 1  04 00        	.word	4
00041Ar 1  08 00        	.word	8
00041Cr 1               @FastBasic_LINE_221:	; LINE 221
00041Cr 1  A4 00        	.word	164
00041Er 1  78 00        	.word	120
000420r 1  74 00        	.word	116
000422r 1  08 00        	.word	8
000424r 1  12 00        	.word	18
000426r 1  18 00        	.word	24
000428r 1  04 00        	.word	4
00042Ar 1  08 00        	.word	8
00042Cr 1               @FastBasic_LINE_309:	; LINE 309
00042Cr 1               	.segment "BYTECODE"
0002F0r 1               	.export	fb_lbl_CLEARSTATE
0002F0r 1               fb_lbl_CLEARSTATE:
0002F0r 1               @FastBasic_LINE_310:	; LINE 310
0002F0r 1  rr           	.byte	TOK_VAR_STORE_0
0002F1r 1  rr           	makevar	"DRAWDECK"
0002F2r 1               @FastBasic_LINE_311:	; LINE 311
0002F2r 1  rr           	.byte	TOK_VAR_STORE_0
0002F3r 1  rr           	makevar	"DISCARDTOP"
0002F4r 1               @FastBasic_LINE_312:	; LINE 312
0002F4r 1  rr           	.byte	TOK_VAR_SADDR
0002F5r 1  rr           	makevar	"LASTMOVEPLAYED"
0002F6r 1  rr           	.byte	TOK_CSTRING
0002F7r 1  00           	.byte	0
0002F8r 1  rr           	.byte	TOK_COPY_STR
0002F9r 1               @FastBasic_LINE_313:	; LINE 313
0002F9r 1  rr           	.byte	TOK_VAR_SADDR
0002FAr 1  rr           	makevar	"PREVIOUSLASTMOVEPLAYED"
0002FBr 1  rr           	.byte	TOK_CSTRING
0002FCr 1  00           	.byte	0
0002FDr 1  rr           	.byte	TOK_COPY_STR
0002FEr 1               @FastBasic_LINE_314:	; LINE 314
0002FEr 1  rr           	.byte	TOK_VAR_SADDR
0002FFr 1  rr           	makevar	"I"
000300r 1  rr           	.byte	TOK_PUSH_0
000301r 1  rr           	.byte	TOK_DPOKE
000302r 1  rr           	.byte	TOK_BYTE
000303r 1  05           	.byte	5
000304r 1  rr           	.byte	TOK_PUSH_1
000305r 1  rr           	.byte	TOK_FOR
000306r 1  rr           	.byte	TOK_CNJUMP
000307r 1  rr rr        	.word	jump_lbl_24
000309r 1               jump_lbl_25:
000309r 1               @FastBasic_LINE_315:	; LINE 315
000309r 1  rr           	.byte	TOK_VAR_LOAD
00030Ar 1  rr           	makevar	"I"
00030Br 1  rr           	.byte	TOK_USHL
00030Cr 1  rr           	.byte	TOK_ADD_VAR
00030Dr 1  rr           	makevar	"PLAYERNAME"
00030Er 1  rr           	.byte	TOK_SADDR
00030Fr 1  rr           	.byte	TOK_CSTRING
000310r 1  00           	.byte	0
000311r 1  rr           	.byte	TOK_COPY_STR
000312r 1               @FastBasic_LINE_316:	; LINE 316
000312r 1  rr           	.byte	TOK_VAR_LOAD
000313r 1  rr           	makevar	"I"
000314r 1  rr           	.byte	TOK_USHL
000315r 1  rr           	.byte	TOK_ADD_VAR
000316r 1  rr           	makevar	"PLAYERSTATUS"
000317r 1  rr           	.byte	TOK_SADDR
000318r 1  rr           	.byte	TOK_0
000319r 1  rr           	.byte	TOK_DPOKE
00031Ar 1               @FastBasic_LINE_317:	; LINE 317
00031Ar 1  rr           	.byte	TOK_VAR_LOAD
00031Br 1  rr           	makevar	"I"
00031Cr 1  rr           	.byte	TOK_USHL
00031Dr 1  rr           	.byte	TOK_ADD_VAR
00031Er 1  rr           	makevar	"PLAYERHANDCOUNT"
00031Fr 1  rr           	.byte	TOK_SADDR
000320r 1  rr           	.byte	TOK_0
000321r 1  rr           	.byte	TOK_DPOKE
000322r 1               @FastBasic_LINE_318:	; LINE 318
000322r 1  rr           	.byte	TOK_VAR_LOAD
000323r 1  rr           	makevar	"I"
000324r 1  rr           	.byte	TOK_USHL
000325r 1  rr           	.byte	TOK_ADD_VAR
000326r 1  rr           	makevar	"PLAYERWHITETOKENS"
000327r 1  rr           	.byte	TOK_SADDR
000328r 1  rr           	.byte	TOK_0
000329r 1  rr           	.byte	TOK_DPOKE
00032Ar 1               @FastBasic_LINE_319:	; LINE 319
00032Ar 1  rr           	.byte	TOK_VAR_LOAD
00032Br 1  rr           	makevar	"I"
00032Cr 1  rr           	.byte	TOK_USHL
00032Dr 1  rr           	.byte	TOK_ADD_VAR
00032Er 1  rr           	makevar	"PLAYERBLACKTOKENS"
00032Fr 1  rr           	.byte	TOK_SADDR
000330r 1  rr           	.byte	TOK_0
000331r 1  rr           	.byte	TOK_DPOKE
000332r 1               @FastBasic_LINE_320:	; LINE 320
000332r 1  rr           	.byte	TOK_VAR_LOAD
000333r 1  rr           	makevar	"I"
000334r 1  rr           	.byte	TOK_USHL
000335r 1  rr           	.byte	TOK_ADD_VAR
000336r 1  rr           	makevar	"PLAYERSCORE"
000337r 1  rr           	.byte	TOK_SADDR
000338r 1  rr           	.byte	TOK_0
000339r 1  rr           	.byte	TOK_DPOKE
00033Ar 1               @FastBasic_LINE_321:	; LINE 321
00033Ar 1  rr           	.byte	TOK_VAR_LOAD
00033Br 1  rr           	makevar	"I"
00033Cr 1  rr           	.byte	TOK_USHL
00033Dr 1  rr           	.byte	TOK_ADD_VAR
00033Er 1  rr           	makevar	"PLAYERHAND"
00033Fr 1  rr           	.byte	TOK_SADDR
000340r 1  rr           	.byte	TOK_CSTRING
000341r 1  00           	.byte	0
000342r 1  rr           	.byte	TOK_COPY_STR
000343r 1               @FastBasic_LINE_322:	; LINE 322
000343r 1  rr           	.byte	TOK_VAR_LOAD
000344r 1  rr           	makevar	"I"
000345r 1  rr           	.byte	TOK_USHL
000346r 1  rr           	.byte	TOK_ADD_VAR
000347r 1  rr           	makevar	"PLAYERVALIDMOVES"
000348r 1  rr           	.byte	TOK_SADDR
000349r 1  rr           	.byte	TOK_CSTRING
00034Ar 1  00           	.byte	0
00034Br 1  rr           	.byte	TOK_COPY_STR
00034Cr 1               @FastBasic_LINE_323:	; LINE 323
00034Cr 1  rr           	.byte	TOK_VAR_LOAD
00034Dr 1  rr           	makevar	"I"
00034Er 1  rr           	.byte	TOK_USHL
00034Fr 1  rr           	.byte	TOK_ADD_VAR
000350r 1  rr           	makevar	"PLAYERROUNDSCORE"
000351r 1  rr           	.byte	TOK_SADDR
000352r 1  rr           	.byte	TOK_0
000353r 1  rr           	.byte	TOK_DPOKE
000354r 1               @FastBasic_LINE_324:	; LINE 324
000354r 1  rr           	.byte	TOK_VAR_LOAD
000355r 1  rr           	makevar	"I"
000356r 1  rr           	.byte	TOK_USHL
000357r 1  rr           	.byte	TOK_ADD_VAR
000358r 1  rr           	makevar	"GAMESTATUS"
000359r 1  rr           	.byte	TOK_SADDR
00035Ar 1  rr           	.byte	TOK_0
00035Br 1  rr           	.byte	TOK_DPOKE
00035Cr 1               @FastBasic_LINE_325:	; LINE 325
00035Cr 1  rr           	.byte	TOK_FOR_NEXT
00035Dr 1  rr           	.byte	TOK_CJUMP
00035Er 1  rr rr        	.word	jump_lbl_25
000360r 1               jump_lbl_24:
000360r 1  rr           	.byte	TOK_FOR_EXIT
000361r 1               @FastBasic_LINE_326:	; LINE 326
000361r 1  rr           	.byte	TOK_VAR_SADDR
000362r 1  rr           	makevar	"MOVE"
000363r 1  rr           	.byte	TOK_CSTRING
000364r 1  00           	.byte	0
000365r 1  rr           	.byte	TOK_COPY_STR
000366r 1               @FastBasic_LINE_327:	; LINE 327
000366r 1  rr           	.byte	TOK_VAR_STORE_0
000367r 1  rr           	makevar	"PLAYERINDEX"
000368r 1               @FastBasic_LINE_328:	; LINE 328
000368r 1  rr           	.byte	TOK_VAR_STORE_0
000369r 1  rr           	makevar	"DEALT"
00036Ar 1               @FastBasic_LINE_329:	; LINE 329
00036Ar 1  rr           	.byte	TOK_VAR_STORE_0
00036Br 1  rr           	makevar	"LEAVETABLEFLAG"
00036Cr 1               @FastBasic_LINE_330:	; LINE 330
00036Cr 1  rr           	.byte	TOK_BYTE
00036Dr 1  3C           	.byte	60
00036Er 1  rr           	.byte	TOK_VAR_STORE
00036Fr 1  rr           	makevar	"COUNTDOWN"
000370r 1               @FastBasic_LINE_331:	; LINE 331
000370r 1  rr           	.byte	TOK_VAR_STORE_0
000371r 1  rr           	makevar	"JIFFY"
000372r 1               @FastBasic_LINE_332:	; LINE 332
000372r 1  rr           	.byte	TOK_RET
000373r 1               @FastBasic_LINE_334:	; LINE 334
000373r 1               	.segment "BYTECODE"
000373r 1               	.export	fb_lbl_MAINLOOP
000373r 1               fb_lbl_MAINLOOP:
000373r 1               @FastBasic_LINE_337:	; LINE 337
000373r 1               jump_lbl_29:
000373r 1               @FastBasic_LINE_338:	; LINE 338
000373r 1  rr           	.byte	TOK_VAR_LOAD
000374r 1  rr           	makevar	"QUERY"
000375r 1  rr           	.byte	TOK_PUSH_1
000376r 1  rr           	.byte	TOK_PUSH_1
000377r 1  rr           	.byte	TOK_STR_IDX
000378r 1  rr           	.byte	TOK_PUSH
000379r 1  rr           	.byte	TOK_CSTRING
00037Ar 1  01 3F        	.byte	1, "?"
00037Cr 1  rr           	.byte	TOK_CMP_STR
00037Dr 1  rr           	.byte	TOK_NEQ
00037Er 1  rr           	.byte	TOK_CJUMP
00037Fr 1  rr rr        	.word	jump_lbl_30
000381r 1               @FastBasic_LINE_339:	; LINE 339
000381r 1  rr           	.byte	TOK_CALL
000382r 1  rr rr        	.word	fb_lbl_TABLESELECTION
000384r 1               @FastBasic_LINE_340:	; LINE 340
000384r 1  rr           	.byte	TOK_JUMP
000385r 1  rr rr        	.word	jump_lbl_31
000387r 1               jump_lbl_30:
000387r 1               @FastBasic_LINE_342:	; LINE 342
000387r 1  rr           	.byte	TOK_VAR_SADDR
000388r 1  rr           	makevar	"I"
000389r 1  rr           	.byte	TOK_PUSH_1
00038Ar 1  rr           	.byte	TOK_DPOKE
00038Br 1  rr           	.byte	TOK_VAR_LOAD
00038Cr 1  rr           	makevar	"QUERY"
00038Dr 1  rr           	.byte	TOK_PEEK
00038Er 1  rr           	.byte	TOK_PUSH_1
00038Fr 1  rr           	.byte	TOK_FOR
000390r 1  rr           	.byte	TOK_CNJUMP
000391r 1  rr rr        	.word	jump_lbl_32
000393r 1               jump_lbl_33:
000393r 1               @FastBasic_LINE_343:	; LINE 343
000393r 1  rr           	.byte	TOK_VAR_LOAD
000394r 1  rr           	makevar	"QUERY"
000395r 1  rr           	.byte	TOK_PUSH_VAR_LOAD
000396r 1  rr           	makevar	"I"
000397r 1  rr           	.byte	TOK_PUSH_1
000398r 1  rr           	.byte	TOK_STR_IDX
000399r 1  rr           	.byte	TOK_PUSH
00039Ar 1  rr           	.byte	TOK_CSTRING
00039Br 1  01 3D        	.byte	1, "="
00039Dr 1  rr           	.byte	TOK_CMP_STR
00039Er 1  rr           	.byte	TOK_EQ
00039Fr 1  rr           	.byte	TOK_CJUMP
0003A0r 1  rr rr        	.word	jump_lbl_34
0003A2r 1               @FastBasic_LINE_344:	; LINE 344
0003A2r 1  rr           	.byte	TOK_VAR_LOAD
0003A3r 1  rr           	makevar	"TABLENUMBER"
0003A4r 1  rr           	.byte	TOK_USHL
0003A5r 1  rr           	.byte	TOK_ADD_VAR
0003A6r 1  rr           	makevar	"TABLEID"
0003A7r 1  rr           	.byte	TOK_SADDR
0003A8r 1  rr           	.byte	TOK_VAR_LOAD
0003A9r 1  rr           	makevar	"QUERY"
0003AAr 1  rr           	.byte	TOK_PUSH_1
0003ABr 1  rr           	.byte	TOK_ADD_VAR
0003ACr 1  rr           	makevar	"I"
0003ADr 1  rr           	.byte	TOK_PUSH_BYTE
0003AEr 1  05           	.byte	5
0003AFr 1  rr           	.byte	TOK_STR_IDX
0003B0r 1  rr           	.byte	TOK_COPY_STR
0003B1r 1               @FastBasic_LINE_345:	; LINE 345
0003B1r 1               jump_lbl_34:
0003B1r 1               @FastBasic_LINE_346:	; LINE 346
0003B1r 1  rr           	.byte	TOK_FOR_NEXT
0003B2r 1  rr           	.byte	TOK_CJUMP
0003B3r 1  rr rr        	.word	jump_lbl_33
0003B5r 1               jump_lbl_32:
0003B5r 1  rr           	.byte	TOK_FOR_EXIT
0003B6r 1               @FastBasic_LINE_347:	; LINE 347
0003B6r 1  rr           	.byte	TOK_CALL
0003B7r 1  rr rr        	.word	fb_lbl_JOINTABLE
0003B9r 1               @FastBasic_LINE_348:	; LINE 348
0003B9r 1               jump_lbl_31:
0003B9r 1               @FastBasic_LINE_349:	; LINE 349
0003B9r 1  rr           	.byte	TOK_CALL
0003BAr 1  rr rr        	.word	fb_lbl_CHECKERRORS
0003BCr 1               @FastBasic_LINE_350:	; LINE 350
0003BCr 1  rr           	.byte	TOK_VAR_LOAD
0003BDr 1  rr           	makevar	"OK"
0003BEr 1  rr           	.byte	TOK_PUSH_1
0003BFr 1  rr           	.byte	TOK_EQ
0003C0r 1  rr           	.byte	TOK_CJUMP
0003C1r 1  rr rr        	.word	jump_lbl_29
0003C3r 1               @FastBasic_LINE_352:	; LINE 352
0003C3r 1               jump_lbl_35:
0003C3r 1               @FastBasic_LINE_353:	; LINE 353
0003C3r 1  rr           	.byte	TOK_TIME
0003C4r 1  rr           	.byte	TOK_PUSH_NUM
0003C5r 1  F4 01        	.word	500
0003C7r 1  rr           	.byte	TOK_GT
0003C8r 1  rr           	.byte	TOK_CJUMP
0003C9r 1  rr rr        	.word	jump_lbl_36
0003CBr 1               @FastBasic_LINE_354:	; LINE 354
0003CBr 1  rr           	.byte	TOK_CALL
0003CCr 1  rr rr        	.word	fb_lbl_READGAMESTATE
0003CEr 1               @FastBasic_LINE_355:	; LINE 355
0003CEr 1  rr           	.byte	TOK_CALL
0003CFr 1  rr rr        	.word	fb_lbl_DRAWGAMESTATE
0003D1r 1               @FastBasic_LINE_356:	; LINE 356
0003D1r 1  rr           	.byte	TOK_0
0003D2r 1  rr           	.byte	TOK_BYTE_POKE
0003D3r 1  13           	.byte	19
0003D4r 1  rr           	.byte	TOK_0
0003D5r 1  rr           	.byte	TOK_BYTE_POKE
0003D6r 1  14           	.byte	20
0003D7r 1               @FastBasic_LINE_357:	; LINE 357
0003D7r 1               jump_lbl_36:
0003D7r 1               @FastBasic_LINE_358:	; LINE 358
0003D7r 1  rr           	.byte	TOK_CALL
0003D8r 1  rr rr        	.word	fb_lbl_READKEYPRESSES
0003DAr 1               @FastBasic_LINE_359:	; LINE 359
0003DAr 1  rr           	.byte	TOK_VAR_LOAD
0003DBr 1  rr           	makevar	"TABLENUMBER"
0003DCr 1  rr           	.byte	TOK_USHL
0003DDr 1  rr           	.byte	TOK_ADD_VAR
0003DEr 1  rr           	makevar	"GAMESTATUS"
0003DFr 1  rr           	.byte	TOK_DPEEK
0003E0r 1  rr           	.byte	TOK_PUSH_BYTE
0003E1r 1  03           	.byte	3
0003E2r 1  rr           	.byte	TOK_EQ
0003E3r 1  rr           	.byte	TOK_CJUMP
0003E4r 1  rr rr        	.word	jump_lbl_35
0003E6r 1               @FastBasic_LINE_360:	; LINE 360
0003E6r 1  rr           	.byte	TOK_CALL
0003E7r 1  rr rr        	.word	fb_lbl_READGAMESTATE
0003E9r 1               @FastBasic_LINE_361:	; LINE 361
0003E9r 1  rr           	.byte	TOK_CALL
0003EAr 1  rr rr        	.word	fb_lbl_DRAWGAMESTATE
0003ECr 1               @FastBasic_LINE_362:	; LINE 362
0003ECr 1               jump_lbl_37:
0003ECr 1               @FastBasic_LINE_363:	; LINE 363
0003ECr 1  rr           	.byte	TOK_VAR_LOAD
0003EDr 1  rr           	makevar	"PLAYERINDEX"
0003EEr 1  rr           	.byte	TOK_USHL
0003EFr 1  rr           	.byte	TOK_ADD_VAR
0003F0r 1  rr           	makevar	"PLAYERSTATUS"
0003F1r 1  rr           	.byte	TOK_DPEEK
0003F2r 1  rr           	.byte	TOK_PUSH_1
0003F3r 1  rr           	.byte	TOK_EQ
0003F4r 1  rr           	.byte	TOK_PUSH
0003F5r 1  rr           	.byte	TOK_TIME
0003F6r 1  rr           	.byte	TOK_PUSH_NUM
0003F7r 1  DC 05        	.word	1500
0003F9r 1  rr           	.byte	TOK_GT
0003FAr 1  rr           	.byte	TOK_L_AND
0003FBr 1  rr           	.byte	TOK_CJUMP
0003FCr 1  rr rr        	.word	jump_lbl_38
0003FEr 1               @FastBasic_LINE_364:	; LINE 364
0003FEr 1  rr           	.byte	TOK_0
0003FFr 1  rr           	.byte	TOK_BYTE_POKE
000400r 1  13           	.byte	19
000401r 1  rr           	.byte	TOK_0
000402r 1  rr           	.byte	TOK_BYTE_POKE
000403r 1  14           	.byte	20
000404r 1               @FastBasic_LINE_365:	; LINE 365
000404r 1  rr           	.byte	TOK_CALL
000405r 1  rr rr        	.word	fb_lbl_READGAMESTATE
000407r 1               @FastBasic_LINE_366:	; LINE 366
000407r 1  rr           	.byte	TOK_VAR_LOAD
000408r 1  rr           	makevar	"LASTMOVEPLAYED"
000409r 1  rr           	.byte	TOK_PUSH_VAR_LOAD
00040Ar 1  rr           	makevar	"PREVIOUSLASTMOVEPLAYED"
00040Br 1  rr           	.byte	TOK_CMP_STR
00040Cr 1  rr           	.byte	TOK_NEQ
00040Dr 1  rr           	.byte	TOK_CJUMP
00040Er 1  rr rr        	.word	jump_lbl_38
000410r 1  rr           	.byte	TOK_CALL
000411r 1  rr rr        	.word	fb_lbl_DRAWGAMESTATE
000413r 1               @FastBasic_LINE_367:	; LINE 367
000413r 1               jump_lbl_38:
000413r 1               @FastBasic_LINE_368:	; LINE 368
000413r 1  rr           	.byte	TOK_VAR_LOAD
000414r 1  rr           	makevar	"PLAYERINDEX"
000415r 1  rr           	.byte	TOK_USHL
000416r 1  rr           	.byte	TOK_ADD_VAR
000417r 1  rr           	makevar	"PLAYERSTATUS"
000418r 1  rr           	.byte	TOK_DPEEK
000419r 1  rr           	.byte	TOK_PUSH_1
00041Ar 1  rr           	.byte	TOK_NEQ
00041Br 1  rr           	.byte	TOK_CJUMP
00041Cr 1  rr rr        	.word	jump_lbl_40
00041Er 1               @FastBasic_LINE_369:	; LINE 369
00041Er 1  rr           	.byte	TOK_CALL
00041Fr 1  rr rr        	.word	fb_lbl_READGAMESTATE
000421r 1               @FastBasic_LINE_370:	; LINE 370
000421r 1  rr           	.byte	TOK_VAR_LOAD
000422r 1  rr           	makevar	"LASTMOVEPLAYED"
000423r 1  rr           	.byte	TOK_PUSH_VAR_LOAD
000424r 1  rr           	makevar	"PREVIOUSLASTMOVEPLAYED"
000425r 1  rr           	.byte	TOK_CMP_STR
000426r 1  rr           	.byte	TOK_NEQ
000427r 1  rr           	.byte	TOK_CJUMP
000428r 1  rr rr        	.word	jump_lbl_41
00042Ar 1  rr           	.byte	TOK_CALL
00042Br 1  rr rr        	.word	fb_lbl_MOVEANIMATION
00042Dr 1               jump_lbl_41:
00042Dr 1               @FastBasic_LINE_371:	; LINE 371
00042Dr 1  rr           	.byte	TOK_CALL
00042Er 1  rr rr        	.word	fb_lbl_DRAWGAMESTATE
000430r 1               @FastBasic_LINE_372:	; LINE 372
000430r 1               jump_lbl_40:
000430r 1               @FastBasic_LINE_373:	; LINE 373
000430r 1  rr           	.byte	TOK_CALL
000431r 1  rr rr        	.word	fb_lbl_READKEYPRESSES
000433r 1               @FastBasic_LINE_374:	; LINE 374
000433r 1  rr           	.byte	TOK_VAR_LOAD
000434r 1  rr           	makevar	"PLAYERINDEX"
000435r 1  rr           	.byte	TOK_USHL
000436r 1  rr           	.byte	TOK_ADD_VAR
000437r 1  rr           	makevar	"PLAYERSTATUS"
000438r 1  rr           	.byte	TOK_DPEEK
000439r 1  rr           	.byte	TOK_PUSH_1
00043Ar 1  rr           	.byte	TOK_EQ
00043Br 1  rr           	.byte	TOK_CJUMP
00043Cr 1  rr rr        	.word	jump_lbl_42
00043Er 1               @FastBasic_LINE_375:	; LINE 375
00043Er 1  rr           	.byte	TOK_1
00043Fr 1  rr           	.byte	TOK_ADD_VAR
000440r 1  rr           	makevar	"JIFFY"
000441r 1  rr           	.byte	TOK_VAR_STORE
000442r 1  rr           	makevar	"JIFFY"
000443r 1               @FastBasic_LINE_376:	; LINE 376
000443r 1  rr           	.byte	TOK_VAR_LOAD
000444r 1  rr           	makevar	"JIFFY"
000445r 1  rr           	.byte	TOK_PUSH_BYTE
000446r 1  32           	.byte	50
000447r 1  rr           	.byte	TOK_EQ
000448r 1  rr           	.byte	TOK_CJUMP
000449r 1  rr rr        	.word	jump_lbl_43
00044Br 1               @FastBasic_LINE_377:	; LINE 377
00044Br 1  rr           	.byte	TOK_VAR_STORE_0
00044Cr 1  rr           	makevar	"JIFFY"
00044Dr 1               @FastBasic_LINE_378:	; LINE 378
00044Dr 1  rr           	.byte	TOK_DECVAR
00044Er 1  rr           	makevar	"COUNTDOWN"
00044Fr 1               @FastBasic_LINE_379:	; LINE 379
00044Fr 1               jump_lbl_43:
00044Fr 1               @FastBasic_LINE_380:	; LINE 380
00044Fr 1  rr           	.byte	TOK_BYTE
000450r 1  24           	.byte	36
000451r 1  rr           	.byte	TOK_PUSH_BYTE
000452r 1  11           	.byte	17
000453r 1  rr           	.byte	TOK_PUSH
000454r 1  rr           	.byte	TOK_CALL
000455r 1  rr rr        	.word	fb_lbl_POS
000457r 1  rr           	.byte	TOK_VAR_LOAD
000458r 1  rr           	makevar	"COUNTDOWN"
000459r 1  rr           	.byte	TOK_PUSH
00045Ar 1  rr           	.byte	TOK_CALL
00045Br 1  rr rr        	.word	fb_lbl_PRINTVAL
00045Dr 1  rr           	.byte	TOK_CSTRING
00045Er 1  01 20        	.byte	1, " "
000460r 1  rr           	.byte	TOK_PUSH
000461r 1  rr           	.byte	TOK_CALL
000462r 1  rr rr        	.word	fb_lbl_PRINT
000464r 1               @FastBasic_LINE_381:	; LINE 381
000464r 1  rr           	.byte	TOK_VAR_LOAD
000465r 1  rr           	makevar	"COUNTDOWN"
000466r 1  rr           	.byte	TOK_PUSH_1
000467r 1  rr           	.byte	TOK_LT
000468r 1  rr           	.byte	TOK_CJUMP
000469r 1  rr rr        	.word	jump_lbl_42
00046Br 1               @FastBasic_LINE_382:	; LINE 382
00046Br 1  rr           	.byte	TOK_VAR_SADDR
00046Cr 1  rr           	makevar	"MOVE"
00046Dr 1  rr           	.byte	TOK_CSTRING
00046Er 1  01 46        	.byte	1, "F"
000470r 1  rr           	.byte	TOK_COPY_STR
000471r 1               @FastBasic_LINE_383:	; LINE 383
000471r 1  rr           	.byte	TOK_CALL
000472r 1  rr rr        	.word	fb_lbl_BADBEEP
000474r 1               @FastBasic_LINE_384:	; LINE 384
000474r 1  rr           	.byte	TOK_CALL
000475r 1  rr rr        	.word	fb_lbl_PLAYMOVE
000477r 1               @FastBasic_LINE_385:	; LINE 385
000477r 1  rr           	.byte	TOK_VAR_LOAD
000478r 1  rr           	makevar	"PLAYERINDEX"
000479r 1  rr           	.byte	TOK_USHL
00047Ar 1  rr           	.byte	TOK_ADD_VAR
00047Br 1  rr           	makevar	"PLAYERSTATUS"
00047Cr 1  rr           	.byte	TOK_SADDR
00047Dr 1  rr           	.byte	TOK_0
00047Er 1  rr           	.byte	TOK_DPOKE
00047Fr 1               @FastBasic_LINE_387:	; LINE 387
00047Fr 1               jump_lbl_42:
00047Fr 1               @FastBasic_LINE_388:	; LINE 388
00047Fr 1  rr           	.byte	TOK_VAR_LOAD
000480r 1  rr           	makevar	"TABLENUMBER"
000481r 1  rr           	.byte	TOK_USHL
000482r 1  rr           	.byte	TOK_ADD_VAR
000483r 1  rr           	makevar	"GAMESTATUS"
000484r 1  rr           	.byte	TOK_DPEEK
000485r 1  rr           	.byte	TOK_PUSH_BYTE
000486r 1  04           	.byte	4
000487r 1  rr           	.byte	TOK_EQ
000488r 1  rr           	.byte	TOK_CJUMP
000489r 1  rr rr        	.word	jump_lbl_45
00048Br 1  rr           	.byte	TOK_CALL
00048Cr 1  rr rr        	.word	fb_lbl_SHOWRESULTS
00048Er 1               jump_lbl_45:
00048Er 1               @FastBasic_LINE_389:	; LINE 389
00048Er 1  rr           	.byte	TOK_VAR_LOAD
00048Fr 1  rr           	makevar	"TABLENUMBER"
000490r 1  rr           	.byte	TOK_USHL
000491r 1  rr           	.byte	TOK_ADD_VAR
000492r 1  rr           	makevar	"GAMESTATUS"
000493r 1  rr           	.byte	TOK_DPEEK
000494r 1  rr           	.byte	TOK_PUSH_BYTE
000495r 1  05           	.byte	5
000496r 1  rr           	.byte	TOK_EQ
000497r 1  rr           	.byte	TOK_CJUMP
000498r 1  rr rr        	.word	jump_lbl_37
00049Ar 1               @FastBasic_LINE_390:	; LINE 390
00049Ar 1  rr           	.byte	TOK_CALL
00049Br 1  rr rr        	.word	fb_lbl_SHOWGAMEOVER
00049Dr 1               @FastBasic_LINE_391:	; LINE 391
00049Dr 1  rr           	.byte	TOK_JUMP
00049Er 1  rr rr        	.word	jump_lbl_29
0004A0r 1               @FastBasic_LINE_394:	; LINE 394
0004A0r 1               	.segment "BYTECODE"
0004A0r 1               	.export	fb_lbl_MOVEANIMATION
0004A0r 1               fb_lbl_MOVEANIMATION:
0004A0r 1               @FastBasic_LINE_395:	; LINE 395
0004A0r 1  rr           	.byte	TOK_VAR_SADDR
0004A1r 1  rr           	makevar	"DUMMY"
0004A2r 1  rr           	.byte	TOK_VAR_LOAD
0004A3r 1  rr           	makevar	"LASTMOVEPLAYED"
0004A4r 1  rr           	.byte	TOK_PUSH_1
0004A5r 1  rr           	.byte	TOK_PUSH_VAR_LOAD
0004A6r 1  rr           	makevar	"PLAYERINDEX"
0004A7r 1  rr           	.byte	TOK_USHL
0004A8r 1  rr           	.byte	TOK_ADD_VAR
0004A9r 1  rr           	makevar	"PLAYERNAME"
0004AAr 1  rr           	.byte	TOK_DPEEK
0004ABr 1  rr           	.byte	TOK_PEEK
0004ACr 1  rr           	.byte	TOK_STR_IDX
0004ADr 1  rr           	.byte	TOK_COPY_STR
0004AEr 1               @FastBasic_LINE_396:	; LINE 396
0004AEr 1  rr           	.byte	TOK_VAR_LOAD
0004AFr 1  rr           	makevar	"DUMMY"
0004B0r 1  rr           	.byte	TOK_PUSH_VAR_LOAD
0004B1r 1  rr           	makevar	"PLAYERINDEX"
0004B2r 1  rr           	.byte	TOK_USHL
0004B3r 1  rr           	.byte	TOK_ADD_VAR
0004B4r 1  rr           	makevar	"PLAYERNAME"
0004B5r 1  rr           	.byte	TOK_DPEEK
0004B6r 1  rr           	.byte	TOK_CMP_STR
0004B7r 1  rr           	.byte	TOK_EQ
0004B8r 1  rr           	.byte	TOK_CNRET
0004B9r 1               @FastBasic_LINE_397:	; LINE 397
0004B9r 1  rr           	.byte	TOK_BYTE
0004BAr 1  06           	.byte	6
0004BBr 1  rr           	.byte	TOK_VAR_STORE
0004BCr 1  rr           	makevar	"CURRENTPLAYER"
0004BDr 1               @FastBasic_LINE_398:	; LINE 398
0004BDr 1  rr           	.byte	TOK_VAR_SADDR
0004BEr 1  rr           	makevar	"A"
0004BFr 1  rr           	.byte	TOK_PUSH_0
0004C0r 1  rr           	.byte	TOK_DPOKE
0004C1r 1  rr           	.byte	TOK_BYTE
0004C2r 1  05           	.byte	5
0004C3r 1  rr           	.byte	TOK_PUSH_1
0004C4r 1  rr           	.byte	TOK_FOR
0004C5r 1  rr           	.byte	TOK_CNJUMP
0004C6r 1  rr rr        	.word	jump_lbl_50_x
0004C8r 1               jump_lbl_50:
0004C8r 1               @FastBasic_LINE_399:	; LINE 399
0004C8r 1  rr           	.byte	TOK_VAR_SADDR
0004C9r 1  rr           	makevar	"DUMMY"
0004CAr 1  rr           	.byte	TOK_VAR_LOAD
0004CBr 1  rr           	makevar	"LASTMOVEPLAYED"
0004CCr 1  rr           	.byte	TOK_PUSH_1
0004CDr 1  rr           	.byte	TOK_PUSH_VAR_LOAD
0004CEr 1  rr           	makevar	"A"
0004CFr 1  rr           	.byte	TOK_USHL
0004D0r 1  rr           	.byte	TOK_ADD_VAR
0004D1r 1  rr           	makevar	"PLAYERNAME"
0004D2r 1  rr           	.byte	TOK_DPEEK
0004D3r 1  rr           	.byte	TOK_PEEK
0004D4r 1  rr           	.byte	TOK_STR_IDX
0004D5r 1  rr           	.byte	TOK_COPY_STR
0004D6r 1               @FastBasic_LINE_400:	; LINE 400
0004D6r 1  rr           	.byte	TOK_VAR_LOAD
0004D7r 1  rr           	makevar	"DUMMY"
0004D8r 1  rr           	.byte	TOK_PUSH_VAR_LOAD
0004D9r 1  rr           	makevar	"A"
0004DAr 1  rr           	.byte	TOK_USHL
0004DBr 1  rr           	.byte	TOK_ADD_VAR
0004DCr 1  rr           	makevar	"PLAYERNAME"
0004DDr 1  rr           	.byte	TOK_DPEEK
0004DEr 1  rr           	.byte	TOK_CMP_STR
0004DFr 1  rr           	.byte	TOK_EQ
0004E0r 1  rr           	.byte	TOK_PUSH_VAR_LOAD
0004E1r 1  rr           	makevar	"DUMMY"
0004E2r 1  rr           	.byte	TOK_PUSH
0004E3r 1  rr           	.byte	TOK_CSTRING
0004E4r 1  00           	.byte	0
0004E5r 1  rr           	.byte	TOK_CMP_STR
0004E6r 1  rr           	.byte	TOK_NEQ
0004E7r 1  rr           	.byte	TOK_L_AND
0004E8r 1  rr           	.byte	TOK_CJUMP
0004E9r 1  rr rr        	.word	jump_lbl_51
0004EBr 1               @FastBasic_LINE_401:	; LINE 401
0004EBr 1  rr           	.byte	TOK_VAR_LOAD
0004ECr 1  rr           	makevar	"A"
0004EDr 1  rr           	.byte	TOK_VAR_STORE
0004EEr 1  rr           	makevar	"CURRENTPLAYER"
0004EFr 1               @FastBasic_LINE_402:	; LINE 402
0004EFr 1  rr           	.byte	TOK_JUMP
0004F0r 1  rr rr        	.word	jump_lbl_50_x
0004F2r 1               @FastBasic_LINE_403:	; LINE 403
0004F2r 1               jump_lbl_51:
0004F2r 1               @FastBasic_LINE_404:	; LINE 404
0004F2r 1  rr           	.byte	TOK_FOR_NEXT
0004F3r 1  rr           	.byte	TOK_CJUMP
0004F4r 1  rr rr        	.word	jump_lbl_50
0004F6r 1               jump_lbl_50_x:
0004F6r 1  rr           	.byte	TOK_FOR_EXIT
0004F7r 1               @FastBasic_LINE_405:	; LINE 405
0004F7r 1  rr           	.byte	TOK_VAR_LOAD
0004F8r 1  rr           	makevar	"CURRENTPLAYER"
0004F9r 1  rr           	.byte	TOK_PUSH_BYTE
0004FAr 1  06           	.byte	6
0004FBr 1  rr           	.byte	TOK_EQ
0004FCr 1  rr           	.byte	TOK_CNRET
0004FDr 1               @FastBasic_LINE_406:	; LINE 406
0004FDr 1  rr           	.byte	TOK_VAR_SADDR
0004FEr 1  rr           	makevar	"DUMMY"
0004FFr 1  rr           	.byte	TOK_VAR_LOAD
000500r 1  rr           	makevar	"LASTMOVEPLAYED"
000501r 1  rr           	.byte	TOK_PUSH_VAR_LOAD
000502r 1  rr           	makevar	"CURRENTPLAYER"
000503r 1  rr           	.byte	TOK_USHL
000504r 1  rr           	.byte	TOK_ADD_VAR
000505r 1  rr           	makevar	"PLAYERNAME"
000506r 1  rr           	.byte	TOK_DPEEK
000507r 1  rr           	.byte	TOK_PEEK
000508r 1  rr           	.byte	TOK_PUSH_BYTE
000509r 1  02           	.byte	2
00050Ar 1  rr           	.byte	TOK_ADD
00050Br 1  rr           	.byte	TOK_PUSH_BYTE
00050Cr 1  04           	.byte	4
00050Dr 1  rr           	.byte	TOK_STR_IDX
00050Er 1  rr           	.byte	TOK_COPY_STR
00050Fr 1               @FastBasic_LINE_407:	; LINE 407
00050Fr 1  rr           	.byte	TOK_1
000510r 1  rr           	.byte	TOK_PUSH_1
000511r 1  rr           	.byte	TOK_PUSH
000512r 1  rr           	.byte	TOK_CALL
000513r 1  rr rr        	.word	fb_lbl_POS
000515r 1               @FastBasic_LINE_408:	; LINE 408
000515r 1  rr           	.byte	TOK_1
000516r 1  rr           	.byte	TOK_PUSH_BYTE
000517r 1  02           	.byte	2
000518r 1  rr           	.byte	TOK_PUSH
000519r 1  rr           	.byte	TOK_CALL
00051Ar 1  rr rr        	.word	fb_lbl_POS
00051Cr 1  rr           	.byte	TOK_VAR_LOAD
00051Dr 1  rr           	makevar	"CURRENTPLAYER"
00051Er 1  rr           	.byte	TOK_USHL
00051Fr 1  rr           	.byte	TOK_ADD_VAR
000520r 1  rr           	makevar	"PLAYERNAME"
000521r 1  rr           	.byte	TOK_DPEEK
000522r 1  rr           	.byte	TOK_PUSH
000523r 1  rr           	.byte	TOK_CALL
000524r 1  rr rr        	.word	fb_lbl_PRINTUPPER
000526r 1  rr           	.byte	TOK_CSTRING
000527r 1  04 20 69 73  	.byte	4, " is:"
00052Br 1  3A           
00052Cr 1  rr           	.byte	TOK_PUSH
00052Dr 1  rr           	.byte	TOK_CALL
00052Er 1  rr rr        	.word	fb_lbl_PRINTUPPER
000530r 1               @FastBasic_LINE_409:	; LINE 409
000530r 1  rr           	.byte	TOK_VAR_LOAD
000531r 1  rr           	makevar	"DUMMY"
000532r 1  rr           	.byte	TOK_PUSH
000533r 1  rr           	.byte	TOK_CSTRING
000534r 1  04 64 72 65  	.byte	4, "drew"
000538r 1  77           
000539r 1  rr           	.byte	TOK_CMP_STR
00053Ar 1  rr           	.byte	TOK_EQ
00053Br 1  rr           	.byte	TOK_CJUMP
00053Cr 1  rr rr        	.word	jump_lbl_53
00053Er 1               @FastBasic_LINE_410:	; LINE 410
00053Er 1  rr           	.byte	TOK_1
00053Fr 1  rr           	.byte	TOK_PUSH_BYTE
000540r 1  03           	.byte	3
000541r 1  rr           	.byte	TOK_PUSH
000542r 1  rr           	.byte	TOK_CALL
000543r 1  rr rr        	.word	fb_lbl_POS
000545r 1  rr           	.byte	TOK_CSTRING
000546r 1  07 44 72 61  	.byte	7, "Drawing"
00054Ar 1  77 69 6E 67  
00054Er 1  rr           	.byte	TOK_PUSH
00054Fr 1  rr           	.byte	TOK_CALL
000550r 1  rr rr        	.word	fb_lbl_PRINTUPPER
000552r 1               @FastBasic_LINE_411:	; LINE 411
000552r 1  rr           	.byte	TOK_INCVAR
000553r 1  rr           	makevar	"DRAWDECK"
000554r 1               @FastBasic_LINE_412:	; LINE 412
000554r 1  rr           	.byte	TOK_CALL
000555r 1  rr rr        	.word	fb_lbl_UPDATESCREENBUFFER
000557r 1               @FastBasic_LINE_413:	; LINE 413
000557r 1  rr           	.byte	TOK_VAR_LOAD
000558r 1  rr           	makevar	"CURRENTPLAYER"
000559r 1  rr           	.byte	TOK_USHL
00055Ar 1  rr           	.byte	TOK_ADD_VAR
00055Br 1  rr           	makevar	"XSTART"
00055Cr 1  rr           	.byte	TOK_DPEEK
00055Dr 1  rr           	.byte	TOK_PUSH_VAR_LOAD
00055Er 1  rr           	makevar	"CURRENTPLAYER"
00055Fr 1  rr           	.byte	TOK_USHL
000560r 1  rr           	.byte	TOK_ADD_VAR
000561r 1  rr           	makevar	"YSTART"
000562r 1  rr           	.byte	TOK_DPEEK
000563r 1  rr           	.byte	TOK_PUSH_BYTE
000564r 1  09           	.byte	9
000565r 1  rr           	.byte	TOK_PUSH
000566r 1  rr           	.byte	TOK_JUMP
000567r 1  rr rr        	.word	fb_lbl_DRAWCARDFROMDECK
000569r 1               @FastBasic_LINE_414:	; LINE 414
000569r 1               jump_lbl_53:
000569r 1  rr           	.byte	TOK_VAR_LOAD
00056Ar 1  rr           	makevar	"DUMMY"
00056Br 1  rr           	.byte	TOK_PUSH
00056Cr 1  rr           	.byte	TOK_CSTRING
00056Dr 1  04 70 6C 61  	.byte	4, "play"
000571r 1  79           
000572r 1  rr           	.byte	TOK_CMP_STR
000573r 1  rr           	.byte	TOK_EQ
000574r 1  rr           	.byte	TOK_CJUMP
000575r 1  rr rr        	.word	jump_lbl_55
000577r 1               @FastBasic_LINE_415:	; LINE 415
000577r 1  rr           	.byte	TOK_1
000578r 1  rr           	.byte	TOK_PUSH_BYTE
000579r 1  03           	.byte	3
00057Ar 1  rr           	.byte	TOK_PUSH
00057Br 1  rr           	.byte	TOK_CALL
00057Cr 1  rr rr        	.word	fb_lbl_POS
00057Er 1  rr           	.byte	TOK_CSTRING
00057Fr 1  0A 44 69 73  	.byte	10, "Discarding"
000583r 1  63 61 72 64  
000587r 1  69 6E 67     
00058Ar 1  rr           	.byte	TOK_PUSH
00058Br 1  rr           	.byte	TOK_CALL
00058Cr 1  rr rr        	.word	fb_lbl_PRINTUPPER
00058Er 1               @FastBasic_LINE_416:	; LINE 416
00058Er 1  rr           	.byte	TOK_VAR_LOAD
00058Fr 1  rr           	makevar	"A"
000590r 1  rr           	.byte	TOK_PUSH
000591r 1  rr           	.byte	TOK_JUMP
000592r 1  rr rr        	.word	fb_lbl_PLAYCARD
000594r 1               @FastBasic_LINE_417:	; LINE 417
000594r 1               jump_lbl_55:
000594r 1  rr           	.byte	TOK_VAR_LOAD
000595r 1  rr           	makevar	"DUMMY"
000596r 1  rr           	.byte	TOK_PUSH
000597r 1  rr           	.byte	TOK_CSTRING
000598r 1  04 66 6F 6C  	.byte	4, "fold"
00059Cr 1  64           
00059Dr 1  rr           	.byte	TOK_CMP_STR
00059Er 1  rr           	.byte	TOK_EQ
00059Fr 1  rr           	.byte	TOK_CRET
0005A0r 1               @FastBasic_LINE_418:	; LINE 418
0005A0r 1  rr           	.byte	TOK_1
0005A1r 1  rr           	.byte	TOK_PUSH_BYTE
0005A2r 1  03           	.byte	3
0005A3r 1  rr           	.byte	TOK_PUSH
0005A4r 1  rr           	.byte	TOK_CALL
0005A5r 1  rr rr        	.word	fb_lbl_POS
0005A7r 1  rr           	.byte	TOK_CSTRING
0005A8r 1  07 46 6F 6C  	.byte	7, "Folding"
0005ACr 1  64 69 6E 67  
0005B0r 1  rr           	.byte	TOK_PUSH
0005B1r 1  rr           	.byte	TOK_JUMP
0005B2r 1  rr rr        	.word	fb_lbl_PRINTUPPER
0005B4r 1               @FastBasic_LINE_422:	; LINE 422
0005B4r 1               	.segment "BYTECODE"
0005B4r 1               	.export	fb_lbl_TITLESCREEN
0005B4r 1               fb_lbl_TITLESCREEN:
0005B4r 1               @FastBasic_LINE_423:	; LINE 423
0005B4r 1  rr           	.byte	TOK_CALL
0005B5r 1  rr rr        	.word	fb_lbl_CLEARKEYQUEUE
0005B7r 1               @FastBasic_LINE_424:	; LINE 424
0005B7r 1  rr           	.byte	TOK_CALL
0005B8r 1  rr rr        	.word	fb_lbl_ENABLEDOUBLEBUFFER
0005BAr 1               @FastBasic_LINE_425:	; LINE 425
0005BAr 1  rr           	.byte	TOK_CALL
0005BBr 1  rr rr        	.word	fb_lbl_RESETSCREEN
0005BDr 1               @FastBasic_LINE_426:	; LINE 426
0005BDr 1  rr           	.byte	TOK_BYTE
0005BEr 1  0D           	.byte	13
0005BFr 1  rr           	.byte	TOK_VAR_STORE
0005C0r 1  rr           	makevar	"X"
0005C1r 1               @FastBasic_LINE_427:	; LINE 427
0005C1r 1  rr           	.byte	TOK_VAR_LOAD
0005C2r 1  rr           	makevar	"X"
0005C3r 1  rr           	.byte	TOK_PUSH_1
0005C4r 1  rr           	.byte	TOK_PUSH
0005C5r 1  rr           	.byte	TOK_CALL
0005C6r 1  rr rr        	.word	fb_lbl_POS
0005C8r 1  rr           	.byte	TOK_CSTRING
0005C9r 1  07 20 20 20  	.byte	7, "      q"
0005CDr 1  20 20 20 71  
0005D1r 1  rr           	.byte	TOK_PUSH
0005D2r 1  rr           	.byte	TOK_CALL
0005D3r 1  rr rr        	.word	fb_lbl_PRINT
0005D5r 1               @FastBasic_LINE_428:	; LINE 428
0005D5r 1  rr           	.byte	TOK_VAR_LOAD
0005D6r 1  rr           	makevar	"X"
0005D7r 1  rr           	.byte	TOK_PUSH_BYTE
0005D8r 1  02           	.byte	2
0005D9r 1  rr           	.byte	TOK_PUSH
0005DAr 1  rr           	.byte	TOK_CALL
0005DBr 1  rr rr        	.word	fb_lbl_POS
0005DDr 1  rr           	.byte	TOK_CSTRING
0005DEr 1  08 20 20 20  	.byte	8, "     qpq"
0005E2r 1  20 20 71 70  
0005E6r 1  71           
0005E7r 1  rr           	.byte	TOK_PUSH
0005E8r 1  rr           	.byte	TOK_CALL
0005E9r 1  rr rr        	.word	fb_lbl_PRINT
0005EBr 1               @FastBasic_LINE_429:	; LINE 429
0005EBr 1  rr           	.byte	TOK_VAR_LOAD
0005ECr 1  rr           	makevar	"X"
0005EDr 1  rr           	.byte	TOK_PUSH_BYTE
0005EEr 1  03           	.byte	3
0005EFr 1  rr           	.byte	TOK_PUSH
0005F0r 1  rr           	.byte	TOK_CALL
0005F1r 1  rr rr        	.word	fb_lbl_POS
0005F3r 1  rr           	.byte	TOK_CSTRING
0005F4r 1  0D 46 55 4A  	.byte	13, "FUJIrpqpq NET"
0005F8r 1  49 72 70 71  
0005FCr 1  70 71 20 4E  
000602r 1  rr           	.byte	TOK_PUSH
000603r 1  rr           	.byte	TOK_CALL
000604r 1  rr rr        	.word	fb_lbl_PRINT
000606r 1               @FastBasic_LINE_430:	; LINE 430
000606r 1  rr           	.byte	TOK_VAR_LOAD
000607r 1  rr           	makevar	"X"
000608r 1  rr           	.byte	TOK_PUSH_BYTE
000609r 1  04           	.byte	4
00060Ar 1  rr           	.byte	TOK_PUSH
00060Br 1  rr           	.byte	TOK_CALL
00060Cr 1  rr rr        	.word	fb_lbl_POS
00060Er 1  rr           	.byte	TOK_CSTRING
00060Fr 1  09 20 20 20  	.byte	9, "     rqpq"
000613r 1  20 20 72 71  
000617r 1  70 71        
000619r 1  rr           	.byte	TOK_PUSH
00061Ar 1  rr           	.byte	TOK_CALL
00061Br 1  rr rr        	.word	fb_lbl_PRINT
00061Dr 1               @FastBasic_LINE_431:	; LINE 431
00061Dr 1  rr           	.byte	TOK_VAR_LOAD
00061Er 1  rr           	makevar	"X"
00061Fr 1  rr           	.byte	TOK_PUSH_BYTE
000620r 1  05           	.byte	5
000621r 1  rr           	.byte	TOK_PUSH
000622r 1  rr           	.byte	TOK_CALL
000623r 1  rr rr        	.word	fb_lbl_POS
000625r 1  rr           	.byte	TOK_CSTRING
000626r 1  09 20 20 20  	.byte	9, "      rqq"
00062Ar 1  20 20 20 72  
00062Er 1  71 71        
000630r 1  rr           	.byte	TOK_PUSH
000631r 1  rr           	.byte	TOK_CALL
000632r 1  rr rr        	.word	fb_lbl_PRINT
000634r 1               @FastBasic_LINE_432:	; LINE 432
000634r 1  rr           	.byte	TOK_BYTE
000635r 1  03           	.byte	3
000636r 1  rr           	.byte	TOK_ADD_VAR
000637r 1  rr           	makevar	"X"
000638r 1  rr           	.byte	TOK_PUSH_BYTE
000639r 1  07           	.byte	7
00063Ar 1  rr           	.byte	TOK_PUSH
00063Br 1  rr           	.byte	TOK_CALL
00063Cr 1  rr rr        	.word	fb_lbl_POS
00063Er 1  rr           	.byte	TOK_CSTRING
00063Fr 1  08 50 52 45  	.byte	8, "PRESENTS"
000643r 1  53 45 4E 54  
000647r 1  53           
000648r 1  rr           	.byte	TOK_PUSH
000649r 1  rr           	.byte	TOK_CALL
00064Ar 1  rr rr        	.word	fb_lbl_PRINT
00064Cr 1               @FastBasic_LINE_433:	; LINE 433
00064Cr 1  rr           	.byte	TOK_BYTE
00064Dr 1  03           	.byte	3
00064Er 1  rr           	.byte	TOK_ADD_VAR
00064Fr 1  rr           	makevar	"X"
000650r 1  rr           	.byte	TOK_PUSH_BYTE
000651r 1  08           	.byte	8
000652r 1  rr           	.byte	TOK_PUSH
000653r 1  rr           	.byte	TOK_CALL
000654r 1  rr rr        	.word	fb_lbl_POS
000656r 1  rr           	.byte	TOK_CSTRING
000657r 1  08 46 55 4A  	.byte	8, "FUJI HOP"
00065Br 1  49 20 48 4F  
00065Fr 1  50           
000660r 1  rr           	.byte	TOK_PUSH
000661r 1  rr           	.byte	TOK_CALL
000662r 1  rr rr        	.word	fb_lbl_PRINT
000664r 1               @FastBasic_LINE_434:	; LINE 434
000664r 1  rr           	.byte	TOK_VAR_LOAD
000665r 1  rr           	makevar	"X"
000666r 1  rr           	.byte	TOK_PUSH_BYTE
000667r 1  08           	.byte	8
000668r 1  rr           	.byte	TOK_SUB
000669r 1  rr           	.byte	TOK_PUSH_BYTE
00066Ar 1  0A           	.byte	10
00066Br 1  rr           	.byte	TOK_PUSH
00066Cr 1  rr           	.byte	TOK_CALL
00066Dr 1  rr rr        	.word	fb_lbl_POS
00066Fr 1  rr           	.byte	TOK_CSTRING
000670r 1  1F 41 20 43  	.byte	31, "A CARD GAME FOR UP TO 6 PLAYERS"
000674r 1  41 52 44 20  
000678r 1  47 41 4D 45  
000690r 1  rr           	.byte	TOK_PUSH
000691r 1  rr           	.byte	TOK_CALL
000692r 1  rr rr        	.word	fb_lbl_PRINT
000694r 1               @FastBasic_LINE_435:	; LINE 435
000694r 1  rr           	.byte	TOK_BYTE
000695r 1  05           	.byte	5
000696r 1  rr           	.byte	TOK_PUSH_BYTE
000697r 1  0D           	.byte	13
000698r 1  rr           	.byte	TOK_PUSH_1
000699r 1  rr           	.byte	TOK_PUSH
00069Ar 1  rr           	.byte	TOK_CALL
00069Br 1  rr rr        	.word	fb_lbl_DRAWCARD
00069Dr 1               @FastBasic_LINE_436:	; LINE 436
00069Dr 1  rr           	.byte	TOK_BYTE
00069Er 1  09           	.byte	9
00069Fr 1  rr           	.byte	TOK_PUSH_BYTE
0006A0r 1  0D           	.byte	13
0006A1r 1  rr           	.byte	TOK_PUSH_BYTE
0006A2r 1  02           	.byte	2
0006A3r 1  rr           	.byte	TOK_PUSH
0006A4r 1  rr           	.byte	TOK_CALL
0006A5r 1  rr rr        	.word	fb_lbl_DRAWCARD
0006A7r 1               @FastBasic_LINE_437:	; LINE 437
0006A7r 1  rr           	.byte	TOK_BYTE
0006A8r 1  0D           	.byte	13
0006A9r 1  rr           	.byte	TOK_PUSH_BYTE
0006AAr 1  0D           	.byte	13
0006ABr 1  rr           	.byte	TOK_PUSH_BYTE
0006ACr 1  03           	.byte	3
0006ADr 1  rr           	.byte	TOK_PUSH
0006AEr 1  rr           	.byte	TOK_CALL
0006AFr 1  rr rr        	.word	fb_lbl_DRAWCARD
0006B1r 1               @FastBasic_LINE_438:	; LINE 438
0006B1r 1  rr           	.byte	TOK_BYTE
0006B2r 1  11           	.byte	17
0006B3r 1  rr           	.byte	TOK_PUSH_BYTE
0006B4r 1  0D           	.byte	13
0006B5r 1  rr           	.byte	TOK_PUSH_BYTE
0006B6r 1  04           	.byte	4
0006B7r 1  rr           	.byte	TOK_PUSH
0006B8r 1  rr           	.byte	TOK_CALL
0006B9r 1  rr rr        	.word	fb_lbl_DRAWCARD
0006BBr 1               @FastBasic_LINE_439:	; LINE 439
0006BBr 1  rr           	.byte	TOK_BYTE
0006BCr 1  15           	.byte	21
0006BDr 1  rr           	.byte	TOK_PUSH_BYTE
0006BEr 1  0D           	.byte	13
0006BFr 1  rr           	.byte	TOK_PUSH_BYTE
0006C0r 1  05           	.byte	5
0006C1r 1  rr           	.byte	TOK_PUSH
0006C2r 1  rr           	.byte	TOK_CALL
0006C3r 1  rr rr        	.word	fb_lbl_DRAWCARD
0006C5r 1               @FastBasic_LINE_440:	; LINE 440
0006C5r 1  rr           	.byte	TOK_BYTE
0006C6r 1  19           	.byte	25
0006C7r 1  rr           	.byte	TOK_PUSH_BYTE
0006C8r 1  0D           	.byte	13
0006C9r 1  rr           	.byte	TOK_PUSH_BYTE
0006CAr 1  06           	.byte	6
0006CBr 1  rr           	.byte	TOK_PUSH
0006CCr 1  rr           	.byte	TOK_CALL
0006CDr 1  rr rr        	.word	fb_lbl_DRAWCARD
0006CFr 1               @FastBasic_LINE_441:	; LINE 441
0006CFr 1  rr           	.byte	TOK_BYTE
0006D0r 1  1D           	.byte	29
0006D1r 1  rr           	.byte	TOK_PUSH_BYTE
0006D2r 1  0D           	.byte	13
0006D3r 1  rr           	.byte	TOK_PUSH_BYTE
0006D4r 1  07           	.byte	7
0006D5r 1  rr           	.byte	TOK_PUSH
0006D6r 1  rr           	.byte	TOK_CALL
0006D7r 1  rr rr        	.word	fb_lbl_DRAWCARD
0006D9r 1               @FastBasic_LINE_442:	; LINE 442
0006D9r 1  rr           	.byte	TOK_BYTE
0006DAr 1  21           	.byte	33
0006DBr 1  rr           	.byte	TOK_PUSH_BYTE
0006DCr 1  0D           	.byte	13
0006DDr 1  rr           	.byte	TOK_PUSH_BYTE
0006DEr 1  08           	.byte	8
0006DFr 1  rr           	.byte	TOK_PUSH
0006E0r 1  rr           	.byte	TOK_CALL
0006E1r 1  rr rr        	.word	fb_lbl_DRAWCARD
0006E3r 1               @FastBasic_LINE_443:	; LINE 443
0006E3r 1  rr           	.byte	TOK_BYTE
0006E4r 1  20           	.byte	32
0006E5r 1  rr           	.byte	TOK_PUSH_VAR_LOAD
0006E6r 1  rr           	makevar	"MYNAME"
0006E7r 1  rr           	.byte	TOK_PEEK
0006E8r 1  rr           	.byte	TOK_SUB
0006E9r 1  rr           	.byte	TOK_PUSH_BYTE
0006EAr 1  02           	.byte	2
0006EBr 1  rr           	.byte	TOK_DIV
0006ECr 1  rr           	.byte	TOK_VAR_STORE
0006EDr 1  rr           	makevar	"X"
0006EEr 1               @FastBasic_LINE_444:	; LINE 444
0006EEr 1  rr           	.byte	TOK_VAR_LOAD
0006EFr 1  rr           	makevar	"X"
0006F0r 1  rr           	.byte	TOK_PUSH_BYTE
0006F1r 1  12           	.byte	18
0006F2r 1  rr           	.byte	TOK_PUSH
0006F3r 1  rr           	.byte	TOK_CALL
0006F4r 1  rr rr        	.word	fb_lbl_POS
0006F6r 1  rr           	.byte	TOK_CSTRING
0006F7r 1  08 57 45 4C  	.byte	8, "WELCOME "
0006FBr 1  43 4F 4D 45  
0006FFr 1  20           
000700r 1  rr           	.byte	TOK_PUSH
000701r 1  rr           	.byte	TOK_CALL
000702r 1  rr rr        	.word	fb_lbl_PRINT
000704r 1  rr           	.byte	TOK_VAR_LOAD
000705r 1  rr           	makevar	"MYNAME"
000706r 1  rr           	.byte	TOK_PUSH
000707r 1  rr           	.byte	TOK_CALL
000708r 1  rr rr        	.word	fb_lbl_PRINT
00070Ar 1               @FastBasic_LINE_445:	; LINE 445
00070Ar 1  rr           	.byte	TOK_BYTE
00070Br 1  07           	.byte	7
00070Cr 1  rr           	.byte	TOK_PUSH_BYTE
00070Dr 1  14           	.byte	20
00070Er 1  rr           	.byte	TOK_PUSH
00070Fr 1  rr           	.byte	TOK_CALL
000710r 1  rr rr        	.word	fb_lbl_POS
000712r 1  rr           	.byte	TOK_CSTRING
000713r 1  19 50 52 45  	.byte	25, "PRESS ANY KEY TO CONTINUE"
000717r 1  53 53 20 41  
00071Br 1  4E 59 20 4B  
00072Dr 1  rr           	.byte	TOK_PUSH
00072Er 1  rr           	.byte	TOK_CALL
00072Fr 1  rr rr        	.word	fb_lbl_PRINT
000731r 1               @FastBasic_LINE_446:	; LINE 446
000731r 1  rr           	.byte	TOK_BYTE
000732r 1  24           	.byte	36
000733r 1  rr           	.byte	TOK_PUSH_BYTE
000734r 1  19           	.byte	25
000735r 1  rr           	.byte	TOK_PUSH
000736r 1  rr           	.byte	TOK_CALL
000737r 1  rr rr        	.word	fb_lbl_POS
000739r 1  rr           	.byte	TOK_CSTRING
00073Ar 1  01 56        	.byte	1, "V"
00073Cr 1  rr           	.byte	TOK_PUSH
00073Dr 1  rr           	.byte	TOK_CALL
00073Er 1  rr rr        	.word	fb_lbl_PRINT
000740r 1  rr           	.byte	TOK_VAR_LOAD
000741r 1  rr           	makevar	"RELEASEMAJOR"
000742r 1  rr           	.byte	TOK_PUSH
000743r 1  rr           	.byte	TOK_CALL
000744r 1  rr rr        	.word	fb_lbl_PRINTVAL
000746r 1  rr           	.byte	TOK_CSTRING
000747r 1  01 2E        	.byte	1, "."
000749r 1  rr           	.byte	TOK_PUSH
00074Ar 1  rr           	.byte	TOK_CALL
00074Br 1  rr rr        	.word	fb_lbl_PRINT
00074Dr 1  rr           	.byte	TOK_VAR_LOAD
00074Er 1  rr           	makevar	"RELEASEMINOR"
00074Fr 1  rr           	.byte	TOK_PUSH
000750r 1  rr           	.byte	TOK_CALL
000751r 1  rr rr        	.word	fb_lbl_PRINTVAL
000753r 1               @FastBasic_LINE_447:	; LINE 447
000753r 1  rr           	.byte	TOK_BYTE
000754r 1  05           	.byte	5
000755r 1  rr           	.byte	TOK_PUSH_BYTE
000756r 1  19           	.byte	25
000757r 1  rr           	.byte	TOK_PUSH
000758r 1  rr           	.byte	TOK_CALL
000759r 1  rr rr        	.word	fb_lbl_POS
00075Br 1  rr           	.byte	TOK_CSTRING
00075Cr 1  1C 48 2D 48  	.byte	28, "H-HELP C-COLOR N-NAME Q-QUIT"
000760r 1  45 4C 50 20  
000764r 1  43 2D 43 4F  
000779r 1  rr           	.byte	TOK_PUSH
00077Ar 1  rr           	.byte	TOK_CALL
00077Br 1  rr rr        	.word	fb_lbl_PRINT
00077Dr 1               @FastBasic_LINE_448:	; LINE 448
00077Dr 1  rr           	.byte	TOK_CALL
00077Er 1  rr rr        	.word	fb_lbl_DRAWBUFFEREND
000780r 1               @FastBasic_LINE_450:	; LINE 450
000780r 1               jump_lbl_60:
000780r 1               @FastBasic_LINE_451:	; LINE 451
000780r 1  rr           	.byte	TOK_GETKEY
000781r 1  rr           	.byte	TOK_VAR_STORE
000782r 1  rr           	makevar	"K"
000783r 1               @FastBasic_LINE_452:	; LINE 452
000783r 1  rr           	.byte	TOK_VAR_LOAD
000784r 1  rr           	makevar	"K"
000785r 1  rr           	.byte	TOK_PUSH_BYTE
000786r 1  43           	.byte	67
000787r 1  rr           	.byte	TOK_EQ
000788r 1  rr           	.byte	TOK_CJUMP
000789r 1  rr rr        	.word	jump_lbl_61
00078Br 1  rr           	.byte	TOK_CALL
00078Cr 1  rr rr        	.word	fb_lbl_CYCLECOLORTHEME
00078Er 1               jump_lbl_61:
00078Er 1               @FastBasic_LINE_453:	; LINE 453
00078Er 1  rr           	.byte	TOK_VAR_LOAD
00078Fr 1  rr           	makevar	"K"
000790r 1  rr           	.byte	TOK_PUSH_BYTE
000791r 1  4E           	.byte	78
000792r 1  rr           	.byte	TOK_EQ
000793r 1  rr           	.byte	TOK_CJUMP
000794r 1  rr rr        	.word	jump_lbl_62
000796r 1               @FastBasic_LINE_454:	; LINE 454
000796r 1  rr           	.byte	TOK_CALL
000797r 1  rr rr        	.word	fb_lbl_GOODBEEP
000799r 1               @FastBasic_LINE_455:	; LINE 455
000799r 1  rr           	.byte	TOK_CALL
00079Ar 1  rr rr        	.word	fb_lbl_SETPLAYERNAME
00079Cr 1               @FastBasic_LINE_456:	; LINE 456
00079Cr 1  rr           	.byte	TOK_CALL
00079Dr 1  rr rr        	.word	fb_lbl_TITLESCREEN
00079Fr 1               @FastBasic_LINE_457:	; LINE 457
00079Fr 1  rr           	.byte	TOK_JUMP
0007A0r 1  rr rr        	.word	jump_lbl_63
0007A2r 1               jump_lbl_62:
0007A2r 1  rr           	.byte	TOK_VAR_LOAD
0007A3r 1  rr           	makevar	"K"
0007A4r 1  rr           	.byte	TOK_PUSH_BYTE
0007A5r 1  48           	.byte	72
0007A6r 1  rr           	.byte	TOK_EQ
0007A7r 1  rr           	.byte	TOK_CJUMP
0007A8r 1  rr rr        	.word	jump_lbl_64
0007AAr 1               @FastBasic_LINE_458:	; LINE 458
0007AAr 1  rr           	.byte	TOK_CALL
0007ABr 1  rr rr        	.word	fb_lbl_GOODBEEP
0007ADr 1               @FastBasic_LINE_459:	; LINE 459
0007ADr 1  rr           	.byte	TOK_CALL
0007AEr 1  rr rr        	.word	fb_lbl_DISPLAYHELPDIALOG
0007B0r 1               @FastBasic_LINE_460:	; LINE 460
0007B0r 1  rr           	.byte	TOK_CALL
0007B1r 1  rr rr        	.word	fb_lbl_TITLESCREEN
0007B3r 1               @FastBasic_LINE_461:	; LINE 461
0007B3r 1  rr           	.byte	TOK_JUMP
0007B4r 1  rr rr        	.word	jump_lbl_63
0007B6r 1               jump_lbl_64:
0007B6r 1  rr           	.byte	TOK_VAR_LOAD
0007B7r 1  rr           	makevar	"K"
0007B8r 1  rr           	.byte	TOK_PUSH_BYTE
0007B9r 1  51           	.byte	81
0007BAr 1  rr           	.byte	TOK_EQ
0007BBr 1  rr           	.byte	TOK_CJUMP
0007BCr 1  rr rr        	.word	jump_lbl_63
0007BEr 1               @FastBasic_LINE_462:	; LINE 462
0007BEr 1  rr           	.byte	TOK_CALL
0007BFr 1  rr rr        	.word	fb_lbl_GOODBEEP
0007C1r 1               @FastBasic_LINE_463:	; LINE 463
0007C1r 1  rr           	.byte	TOK_BYTE
0007C2r 1  02           	.byte	2
0007C3r 1  rr           	.byte	TOK_PUSH
0007C4r 1  rr           	.byte	TOK_CALL
0007C5r 1  rr rr        	.word	fb_lbl_ASKSURE
0007C7r 1               @FastBasic_LINE_464:	; LINE 464
0007C7r 1  rr           	.byte	TOK_CALL
0007C8r 1  rr rr        	.word	fb_lbl_TITLESCREEN
0007CAr 1               @FastBasic_LINE_465:	; LINE 465
0007CAr 1               jump_lbl_63:
0007CAr 1               @FastBasic_LINE_466:	; LINE 466
0007CAr 1  rr           	.byte	TOK_VAR_LOAD
0007CBr 1  rr           	makevar	"K"
0007CCr 1  rr           	.byte	TOK_COMP_0
0007CDr 1  rr           	.byte	TOK_CJUMP
0007CEr 1  rr rr        	.word	jump_lbl_60
0007D0r 1               @FastBasic_LINE_467:	; LINE 467
0007D0r 1  rr           	.byte	TOK_JUMP
0007D1r 1  rr rr        	.word	fb_lbl_GOODBEEP
0007D3r 1               @FastBasic_LINE_470:	; LINE 470
0007D3r 1               	.segment "BYTECODE"
0007D3r 1               	.export	fb_lbl_TABLESELECTION
0007D3r 1               fb_lbl_TABLESELECTION:
0007D3r 1               @FastBasic_LINE_472:	; LINE 472
0007D3r 1  rr           	.byte	TOK_CALL
0007D4r 1  rr rr        	.word	fb_lbl_CLEARSTATE
0007D6r 1               @FastBasic_LINE_473:	; LINE 473
0007D6r 1  rr           	.byte	TOK_CALL
0007D7r 1  rr rr        	.word	fb_lbl_CLEARKEYQUEUE
0007D9r 1               @FastBasic_LINE_474:	; LINE 474
0007D9r 1  rr           	.byte	TOK_CALL
0007DAr 1  rr rr        	.word	fb_lbl_ENABLEDOUBLEBUFFER
0007DCr 1               @FastBasic_LINE_475:	; LINE 475
0007DCr 1  rr           	.byte	TOK_CALL
0007DDr 1  rr rr        	.word	fb_lbl_RESETSCREEN
0007DFr 1               @FastBasic_LINE_476:	; LINE 476
0007DFr 1  rr           	.byte	TOK_CALL
0007E0r 1  rr rr        	.word	fb_lbl_DRAWTABLESELECTION
0007E2r 1               @FastBasic_LINE_477:	; LINE 477
0007E2r 1  rr           	.byte	TOK_CALL
0007E3r 1  rr rr        	.word	fb_lbl_DRAWBUFFEREND
0007E5r 1               @FastBasic_LINE_478:	; LINE 478
0007E5r 1  rr           	.byte	TOK_VAR_SADDR
0007E6r 1  rr           	makevar	"JSON"
0007E7r 1  rr           	.byte	TOK_CSTRING
0007E8r 1  07 2F 74 61  	.byte	7, "/tables"
0007ECr 1  62 6C 65 73  
0007F0r 1  rr           	.byte	TOK_COPY_STR
0007F1r 1               @FastBasic_LINE_479:	; LINE 479
0007F1r 1  rr           	.byte	TOK_CALL
0007F2r 1  rr rr        	.word	fb_lbl_CALLFUJINET
0007F4r 1               @FastBasic_LINE_480:	; LINE 480
0007F4r 1  rr           	.byte	TOK_VAR_LOAD
0007F5r 1  rr           	makevar	"UNIT"
0007F6r 1  rr           	.byte	TOK_PUSH_VAR_LOAD
0007F7r 1  rr           	makevar	"RESPONSEBUFFER"
0007F8r 1  rr           	.byte	TOK_PUSH
0007F9r 1  rr           	.byte	TOK_CALL
0007FAr 1  rr rr        	.word	fb_lbl_NINPUTINIT
0007FCr 1               @FastBasic_LINE_481:	; LINE 481
0007FCr 1  rr           	.byte	TOK_VAR_STORE_0
0007FDr 1  rr           	makevar	"INDEX"
0007FEr 1               @FastBasic_LINE_482:	; LINE 482
0007FEr 1               jump_lbl_69:
0007FEr 1               @FastBasic_LINE_484:	; LINE 484
0007FEr 1  rr           	.byte	TOK_VAR_LOAD
0007FFr 1  rr           	makevar	"DUMMY"
000800r 1  rr           	.byte	TOK_PUSH
000801r 1  rr           	.byte	TOK_CALL
000802r 1  rr rr        	.word	fb_lbl_NINPUT
000804r 1  rr           	.byte	TOK_VAR_LOAD
000805r 1  rr           	makevar	"DUMMY"
000806r 1  rr           	.byte	TOK_PEEK
000807r 1  rr           	.byte	TOK_COMP_0
000808r 1  rr           	.byte	TOK_CJUMP
000809r 1  rr rr        	.word	jump_lbl_69_x
00080Br 1               @FastBasic_LINE_485:	; LINE 485
00080Br 1  rr           	.byte	TOK_VAR_LOAD
00080Cr 1  rr           	makevar	"INDEX"
00080Dr 1  rr           	.byte	TOK_USHL
00080Er 1  rr           	.byte	TOK_ADD_VAR
00080Fr 1  rr           	makevar	"TABLEID"
000810r 1  rr           	.byte	TOK_DPEEK
000811r 1  rr           	.byte	TOK_PUSH
000812r 1  rr           	.byte	TOK_CALL
000813r 1  rr rr        	.word	fb_lbl_NINPUT
000815r 1               @FastBasic_LINE_486:	; LINE 486
000815r 1  rr           	.byte	TOK_VAR_LOAD
000816r 1  rr           	makevar	"DUMMY"
000817r 1  rr           	.byte	TOK_PUSH
000818r 1  rr           	.byte	TOK_CALL
000819r 1  rr rr        	.word	fb_lbl_NINPUT
00081Br 1  rr           	.byte	TOK_VAR_LOAD
00081Cr 1  rr           	makevar	"INDEX"
00081Dr 1  rr           	.byte	TOK_USHL
00081Er 1  rr           	.byte	TOK_ADD_VAR
00081Fr 1  rr           	makevar	"TABLENAME"
000820r 1  rr           	.byte	TOK_DPEEK
000821r 1  rr           	.byte	TOK_PUSH
000822r 1  rr           	.byte	TOK_CALL
000823r 1  rr rr        	.word	fb_lbl_NINPUT
000825r 1               @FastBasic_LINE_487:	; LINE 487
000825r 1  rr           	.byte	TOK_VAR_LOAD
000826r 1  rr           	makevar	"DUMMY"
000827r 1  rr           	.byte	TOK_PUSH
000828r 1  rr           	.byte	TOK_CALL
000829r 1  rr rr        	.word	fb_lbl_NINPUT
00082Br 1  rr           	.byte	TOK_VAR_LOAD
00082Cr 1  rr           	makevar	"DUMMY"
00082Dr 1  rr           	.byte	TOK_PUSH
00082Er 1  rr           	.byte	TOK_CALL
00082Fr 1  rr rr        	.word	fb_lbl_NINPUT
000831r 1  rr           	.byte	TOK_VAR_LOAD
000832r 1  rr           	makevar	"INDEX"
000833r 1  rr           	.byte	TOK_USHL
000834r 1  rr           	.byte	TOK_ADD_VAR
000835r 1  rr           	makevar	"TABLECURRENTPLAYERS"
000836r 1  rr           	.byte	TOK_SADDR
000837r 1  rr           	.byte	TOK_VAR_LOAD
000838r 1  rr           	makevar	"DUMMY"
000839r 1  rr           	.byte	TOK_VAL
00083Ar 1  rr           	.byte	TOK_DPOKE
00083Br 1               @FastBasic_LINE_488:	; LINE 488
00083Br 1  rr           	.byte	TOK_VAR_LOAD
00083Cr 1  rr           	makevar	"DUMMY"
00083Dr 1  rr           	.byte	TOK_PUSH
00083Er 1  rr           	.byte	TOK_CALL
00083Fr 1  rr rr        	.word	fb_lbl_NINPUT
000841r 1  rr           	.byte	TOK_VAR_LOAD
000842r 1  rr           	makevar	"DUMMY"
000843r 1  rr           	.byte	TOK_PUSH
000844r 1  rr           	.byte	TOK_CALL
000845r 1  rr rr        	.word	fb_lbl_NINPUT
000847r 1  rr           	.byte	TOK_VAR_LOAD
000848r 1  rr           	makevar	"INDEX"
000849r 1  rr           	.byte	TOK_USHL
00084Ar 1  rr           	.byte	TOK_ADD_VAR
00084Br 1  rr           	makevar	"TABLEMAXPLAYERS"
00084Cr 1  rr           	.byte	TOK_SADDR
00084Dr 1  rr           	.byte	TOK_VAR_LOAD
00084Er 1  rr           	makevar	"DUMMY"
00084Fr 1  rr           	.byte	TOK_VAL
000850r 1  rr           	.byte	TOK_DPOKE
000851r 1               @FastBasic_LINE_489:	; LINE 489
000851r 1  rr           	.byte	TOK_VAR_LOAD
000852r 1  rr           	makevar	"DUMMY"
000853r 1  rr           	.byte	TOK_PUSH
000854r 1  rr           	.byte	TOK_CALL
000855r 1  rr rr        	.word	fb_lbl_NINPUT
000857r 1  rr           	.byte	TOK_VAR_LOAD
000858r 1  rr           	makevar	"DUMMY"
000859r 1  rr           	.byte	TOK_PUSH
00085Ar 1  rr           	.byte	TOK_CALL
00085Br 1  rr rr        	.word	fb_lbl_NINPUT
00085Dr 1  rr           	.byte	TOK_VAR_LOAD
00085Er 1  rr           	makevar	"INDEX"
00085Fr 1  rr           	.byte	TOK_USHL
000860r 1  rr           	.byte	TOK_ADD_VAR
000861r 1  rr           	makevar	"TABLESTATUS"
000862r 1  rr           	.byte	TOK_SADDR
000863r 1  rr           	.byte	TOK_VAR_LOAD
000864r 1  rr           	makevar	"DUMMY"
000865r 1  rr           	.byte	TOK_VAL
000866r 1  rr           	.byte	TOK_DPOKE
000867r 1               @FastBasic_LINE_490:	; LINE 490
000867r 1  rr           	.byte	TOK_INCVAR
000868r 1  rr           	makevar	"INDEX"
000869r 1               @FastBasic_LINE_491:	; LINE 491
000869r 1  rr           	.byte	TOK_JUMP
00086Ar 1  rr rr        	.word	jump_lbl_69
00086Cr 1               jump_lbl_69_x:
00086Cr 1               @FastBasic_LINE_492:	; LINE 492
00086Cr 1  rr           	.byte	TOK_CALL
00086Dr 1  rr rr        	.word	fb_lbl_ENABLEDOUBLEBUFFER
00086Fr 1               @FastBasic_LINE_493:	; LINE 493
00086Fr 1  rr           	.byte	TOK_CALL
000870r 1  rr rr        	.word	fb_lbl_RESETSCREEN
000872r 1               @FastBasic_LINE_494:	; LINE 494
000872r 1  rr           	.byte	TOK_CALL
000873r 1  rr rr        	.word	fb_lbl_DRAWTABLESELECTION
000875r 1               @FastBasic_LINE_495:	; LINE 495
000875r 1  rr           	.byte	TOK_BYTE
000876r 1  05           	.byte	5
000877r 1  rr           	.byte	TOK_VAR_STORE
000878r 1  rr           	makevar	"X"
000879r 1  rr           	.byte	TOK_BYTE
00087Ar 1  07           	.byte	7
00087Br 1  rr           	.byte	TOK_VAR_STORE
00087Cr 1  rr           	makevar	"Y"
00087Dr 1               @FastBasic_LINE_496:	; LINE 496
00087Dr 1  rr           	.byte	TOK_VAR_SADDR
00087Er 1  rr           	makevar	"A"
00087Fr 1  rr           	.byte	TOK_PUSH_0
000880r 1  rr           	.byte	TOK_DPOKE
000881r 1  rr           	.byte	TOK_BYTE
000882r 1  06           	.byte	6
000883r 1  rr           	.byte	TOK_PUSH_1
000884r 1  rr           	.byte	TOK_FOR
000885r 1  rr           	.byte	TOK_CNJUMP
000886r 1  rr rr        	.word	jump_lbl_71
000888r 1               jump_lbl_72:
000888r 1               @FastBasic_LINE_497:	; LINE 497
000888r 1  rr           	.byte	TOK_VAR_LOAD
000889r 1  rr           	makevar	"X"
00088Ar 1  rr           	.byte	TOK_PUSH_VAR_LOAD
00088Br 1  rr           	makevar	"Y"
00088Cr 1  rr           	.byte	TOK_PUSH
00088Dr 1  rr           	.byte	TOK_CALL
00088Er 1  rr rr        	.word	fb_lbl_POS
000890r 1  rr           	.byte	TOK_1
000891r 1  rr           	.byte	TOK_ADD_VAR
000892r 1  rr           	makevar	"A"
000893r 1  rr           	.byte	TOK_INT_STR
000894r 1  rr           	.byte	TOK_PUSH
000895r 1  rr           	.byte	TOK_CALL
000896r 1  rr rr        	.word	fb_lbl_PRINT
000898r 1               @FastBasic_LINE_498:	; LINE 498
000898r 1  rr           	.byte	TOK_CSTRING
000899r 1  01 3A        	.byte	1, ":"
00089Br 1  rr           	.byte	TOK_PUSH
00089Cr 1  rr           	.byte	TOK_CALL
00089Dr 1  rr rr        	.word	fb_lbl_PRINT
00089Fr 1               @FastBasic_LINE_499:	; LINE 499
00089Fr 1  rr           	.byte	TOK_VAR_LOAD
0008A0r 1  rr           	makevar	"A"
0008A1r 1  rr           	.byte	TOK_USHL
0008A2r 1  rr           	.byte	TOK_ADD_VAR
0008A3r 1  rr           	makevar	"TABLENAME"
0008A4r 1  rr           	.byte	TOK_DPEEK
0008A5r 1  rr           	.byte	TOK_PUSH
0008A6r 1  rr           	.byte	TOK_CALL
0008A7r 1  rr rr        	.word	fb_lbl_PRINTUPPER
0008A9r 1               @FastBasic_LINE_500:	; LINE 500
0008A9r 1  rr           	.byte	TOK_BYTE
0008AAr 1  1B           	.byte	27
0008ABr 1  rr           	.byte	TOK_PUSH_VAR_LOAD
0008ACr 1  rr           	makevar	"Y"
0008ADr 1  rr           	.byte	TOK_PUSH
0008AEr 1  rr           	.byte	TOK_CALL
0008AFr 1  rr rr        	.word	fb_lbl_POS
0008B1r 1               @FastBasic_LINE_501:	; LINE 501
0008B1r 1  rr           	.byte	TOK_VAR_LOAD
0008B2r 1  rr           	makevar	"A"
0008B3r 1  rr           	.byte	TOK_USHL
0008B4r 1  rr           	.byte	TOK_ADD_VAR
0008B5r 1  rr           	makevar	"TABLESTATUS"
0008B6r 1  rr           	.byte	TOK_DPEEK
0008B7r 1  rr           	.byte	TOK_COMP_0
0008B8r 1  rr           	.byte	TOK_L_NOT
0008B9r 1  rr           	.byte	TOK_PUSH_VAR_LOAD
0008BAr 1  rr           	makevar	"A"
0008BBr 1  rr           	.byte	TOK_USHL
0008BCr 1  rr           	.byte	TOK_ADD_VAR
0008BDr 1  rr           	makevar	"TABLESTATUS"
0008BEr 1  rr           	.byte	TOK_DPEEK
0008BFr 1  rr           	.byte	TOK_PUSH_BYTE
0008C0r 1  02           	.byte	2
0008C1r 1  rr           	.byte	TOK_EQ
0008C2r 1  rr           	.byte	TOK_L_OR
0008C3r 1  rr           	.byte	TOK_CJUMP
0008C4r 1  rr rr        	.word	jump_lbl_73
0008C6r 1               @FastBasic_LINE_502:	; LINE 502
0008C6r 1  rr           	.byte	TOK_CSTRING
0008C7r 1  04 4F 50 45  	.byte	4, "OPEN"
0008CBr 1  4E           
0008CCr 1  rr           	.byte	TOK_PUSH
0008CDr 1  rr           	.byte	TOK_CALL
0008CEr 1  rr rr        	.word	fb_lbl_PRINTUPPER
0008D0r 1               @FastBasic_LINE_503:	; LINE 503
0008D0r 1  rr           	.byte	TOK_JUMP
0008D1r 1  rr rr        	.word	jump_lbl_74
0008D3r 1               jump_lbl_73:
0008D3r 1               @FastBasic_LINE_504:	; LINE 504
0008D3r 1  rr           	.byte	TOK_CSTRING
0008D4r 1  04 42 55 53  	.byte	4, "BUSY"
0008D8r 1  59           
0008D9r 1  rr           	.byte	TOK_PUSH
0008DAr 1  rr           	.byte	TOK_CALL
0008DBr 1  rr rr        	.word	fb_lbl_PRINTUPPER
0008DDr 1               @FastBasic_LINE_505:	; LINE 505
0008DDr 1               jump_lbl_74:
0008DDr 1               @FastBasic_LINE_506:	; LINE 506
0008DDr 1  rr           	.byte	TOK_BYTE
0008DEr 1  20           	.byte	32
0008DFr 1  rr           	.byte	TOK_PUSH_VAR_LOAD
0008E0r 1  rr           	makevar	"Y"
0008E1r 1  rr           	.byte	TOK_PUSH
0008E2r 1  rr           	.byte	TOK_CALL
0008E3r 1  rr rr        	.word	fb_lbl_POS
0008E5r 1  rr           	.byte	TOK_VAR_LOAD
0008E6r 1  rr           	makevar	"A"
0008E7r 1  rr           	.byte	TOK_USHL
0008E8r 1  rr           	.byte	TOK_ADD_VAR
0008E9r 1  rr           	makevar	"TABLECURRENTPLAYERS"
0008EAr 1  rr           	.byte	TOK_DPEEK
0008EBr 1  rr           	.byte	TOK_PUSH
0008ECr 1  rr           	.byte	TOK_CALL
0008EDr 1  rr rr        	.word	fb_lbl_PRINTVAL
0008EFr 1               @FastBasic_LINE_507:	; LINE 507
0008EFr 1  rr           	.byte	TOK_BYTE
0008F0r 1  21           	.byte	33
0008F1r 1  rr           	.byte	TOK_PUSH_VAR_LOAD
0008F2r 1  rr           	makevar	"Y"
0008F3r 1  rr           	.byte	TOK_PUSH
0008F4r 1  rr           	.byte	TOK_CALL
0008F5r 1  rr rr        	.word	fb_lbl_POS
0008F7r 1  rr           	.byte	TOK_CSTRING
0008F8r 1  01 2F        	.byte	1, "/"
0008FAr 1  rr           	.byte	TOK_PUSH
0008FBr 1  rr           	.byte	TOK_CALL
0008FCr 1  rr rr        	.word	fb_lbl_PRINTUPPER
0008FEr 1               @FastBasic_LINE_508:	; LINE 508
0008FEr 1  rr           	.byte	TOK_BYTE
0008FFr 1  22           	.byte	34
000900r 1  rr           	.byte	TOK_PUSH_VAR_LOAD
000901r 1  rr           	makevar	"Y"
000902r 1  rr           	.byte	TOK_PUSH
000903r 1  rr           	.byte	TOK_CALL
000904r 1  rr rr        	.word	fb_lbl_POS
000906r 1  rr           	.byte	TOK_VAR_LOAD
000907r 1  rr           	makevar	"A"
000908r 1  rr           	.byte	TOK_USHL
000909r 1  rr           	.byte	TOK_ADD_VAR
00090Ar 1  rr           	makevar	"TABLEMAXPLAYERS"
00090Br 1  rr           	.byte	TOK_DPEEK
00090Cr 1  rr           	.byte	TOK_PUSH
00090Dr 1  rr           	.byte	TOK_CALL
00090Er 1  rr rr        	.word	fb_lbl_PRINTVAL
000910r 1               @FastBasic_LINE_509:	; LINE 509
000910r 1  rr           	.byte	TOK_BYTE
000911r 1  02           	.byte	2
000912r 1  rr           	.byte	TOK_ADD_VAR
000913r 1  rr           	makevar	"Y"
000914r 1  rr           	.byte	TOK_VAR_STORE
000915r 1  rr           	makevar	"Y"
000916r 1               @FastBasic_LINE_510:	; LINE 510
000916r 1  rr           	.byte	TOK_FOR_NEXT
000917r 1  rr           	.byte	TOK_CJUMP
000918r 1  rr rr        	.word	jump_lbl_72
00091Ar 1               jump_lbl_71:
00091Ar 1  rr           	.byte	TOK_FOR_EXIT
00091Br 1               @FastBasic_LINE_511:	; LINE 511
00091Br 1  rr           	.byte	TOK_CALL
00091Cr 1  rr rr        	.word	fb_lbl_DRAWBUFFEREND
00091Er 1               @FastBasic_LINE_512:	; LINE 512
00091Er 1  rr           	.byte	TOK_BYTE
00091Fr 1  06           	.byte	6
000920r 1  rr           	.byte	TOK_PUSH_BYTE
000921r 1  16           	.byte	22
000922r 1  rr           	.byte	TOK_PUSH
000923r 1  rr           	.byte	TOK_CALL
000924r 1  rr rr        	.word	fb_lbl_POS
000926r 1  rr           	.byte	TOK_CSTRING
000927r 1  1C 50 52 45  	.byte	28, "PRESS A TABLE NUMBER TO JOIN"
00092Br 1  53 53 20 41  
00092Fr 1  20 54 41 42  
000944r 1  rr           	.byte	TOK_PUSH
000945r 1  rr           	.byte	TOK_CALL
000946r 1  rr rr        	.word	fb_lbl_PRINT
000948r 1               @FastBasic_LINE_513:	; LINE 513
000948r 1  rr           	.byte	TOK_1
000949r 1  rr           	.byte	TOK_PUSH_BYTE
00094Ar 1  19           	.byte	25
00094Br 1  rr           	.byte	TOK_PUSH
00094Cr 1  rr           	.byte	TOK_CALL
00094Dr 1  rr rr        	.word	fb_lbl_POS
00094Fr 1  rr           	.byte	TOK_CSTRING
000950r 1  26 48 2D 48  	.byte	38, "H-HELP C-COLOR N-NAME Q-QUIT R-REFRESH"
000954r 1  45 4C 50 20  
000958r 1  43 2D 43 4F  
000977r 1  rr           	.byte	TOK_PUSH
000978r 1  rr           	.byte	TOK_CALL
000979r 1  rr rr        	.word	fb_lbl_PRINT
00097Br 1               @FastBasic_LINE_515:	; LINE 515
00097Br 1  rr           	.byte	TOK_VAR_STORE_0
00097Cr 1  rr           	makevar	"TABLENUMBER"
00097Dr 1               @FastBasic_LINE_516:	; LINE 516
00097Dr 1               jump_lbl_75:
00097Dr 1               @FastBasic_LINE_517:	; LINE 517
00097Dr 1  rr           	.byte	TOK_GETKEY
00097Er 1  rr           	.byte	TOK_VAR_STORE
00097Fr 1  rr           	makevar	"K"
000980r 1               @FastBasic_LINE_519:	; LINE 519
000980r 1  rr           	.byte	TOK_VAR_LOAD
000981r 1  rr           	makevar	"K"
000982r 1  rr           	.byte	TOK_PUSH_BYTE
000983r 1  43           	.byte	67
000984r 1  rr           	.byte	TOK_EQ
000985r 1  rr           	.byte	TOK_CJUMP
000986r 1  rr rr        	.word	jump_lbl_76
000988r 1  rr           	.byte	TOK_CALL
000989r 1  rr rr        	.word	fb_lbl_CYCLECOLORTHEME
00098Br 1               jump_lbl_76:
00098Br 1               @FastBasic_LINE_520:	; LINE 520
00098Br 1  rr           	.byte	TOK_VAR_LOAD
00098Cr 1  rr           	makevar	"K"
00098Dr 1  rr           	.byte	TOK_PUSH_BYTE
00098Er 1  4E           	.byte	78
00098Fr 1  rr           	.byte	TOK_EQ
000990r 1  rr           	.byte	TOK_CJUMP
000991r 1  rr rr        	.word	jump_lbl_77
000993r 1               @FastBasic_LINE_521:	; LINE 521
000993r 1  rr           	.byte	TOK_CALL
000994r 1  rr rr        	.word	fb_lbl_GOODBEEP
000996r 1               @FastBasic_LINE_522:	; LINE 522
000996r 1  rr           	.byte	TOK_CALL
000997r 1  rr rr        	.word	fb_lbl_SETPLAYERNAME
000999r 1               @FastBasic_LINE_523:	; LINE 523
000999r 1  rr           	.byte	TOK_CALL
00099Ar 1  rr rr        	.word	fb_lbl_TABLESELECTION
00099Cr 1               @FastBasic_LINE_524:	; LINE 524
00099Cr 1  rr           	.byte	TOK_JUMP
00099Dr 1  rr rr        	.word	jump_lbl_78
00099Fr 1               jump_lbl_77:
00099Fr 1  rr           	.byte	TOK_VAR_LOAD
0009A0r 1  rr           	makevar	"K"
0009A1r 1  rr           	.byte	TOK_PUSH_BYTE
0009A2r 1  48           	.byte	72
0009A3r 1  rr           	.byte	TOK_EQ
0009A4r 1  rr           	.byte	TOK_CJUMP
0009A5r 1  rr rr        	.word	jump_lbl_79
0009A7r 1               @FastBasic_LINE_525:	; LINE 525
0009A7r 1  rr           	.byte	TOK_CALL
0009A8r 1  rr rr        	.word	fb_lbl_GOODBEEP
0009AAr 1               @FastBasic_LINE_526:	; LINE 526
0009AAr 1  rr           	.byte	TOK_CALL
0009ABr 1  rr rr        	.word	fb_lbl_DISPLAYHELPDIALOG
0009ADr 1               @FastBasic_LINE_527:	; LINE 527
0009ADr 1  rr           	.byte	TOK_CALL
0009AEr 1  rr rr        	.word	fb_lbl_TABLESELECTION
0009B0r 1               @FastBasic_LINE_528:	; LINE 528
0009B0r 1  rr           	.byte	TOK_JUMP
0009B1r 1  rr rr        	.word	jump_lbl_78
0009B3r 1               jump_lbl_79:
0009B3r 1  rr           	.byte	TOK_VAR_LOAD
0009B4r 1  rr           	makevar	"K"
0009B5r 1  rr           	.byte	TOK_PUSH_BYTE
0009B6r 1  51           	.byte	81
0009B7r 1  rr           	.byte	TOK_EQ
0009B8r 1  rr           	.byte	TOK_CJUMP
0009B9r 1  rr rr        	.word	jump_lbl_81
0009BBr 1               @FastBasic_LINE_529:	; LINE 529
0009BBr 1  rr           	.byte	TOK_CALL
0009BCr 1  rr rr        	.word	fb_lbl_GOODBEEP
0009BEr 1               @FastBasic_LINE_530:	; LINE 530
0009BEr 1  rr           	.byte	TOK_BYTE
0009BFr 1  02           	.byte	2
0009C0r 1  rr           	.byte	TOK_PUSH
0009C1r 1  rr           	.byte	TOK_CALL
0009C2r 1  rr rr        	.word	fb_lbl_ASKSURE
0009C4r 1               @FastBasic_LINE_531:	; LINE 531
0009C4r 1  rr           	.byte	TOK_CALL
0009C5r 1  rr rr        	.word	fb_lbl_TABLESELECTION
0009C7r 1               @FastBasic_LINE_532:	; LINE 532
0009C7r 1  rr           	.byte	TOK_JUMP
0009C8r 1  rr rr        	.word	jump_lbl_78
0009CAr 1               jump_lbl_81:
0009CAr 1  rr           	.byte	TOK_VAR_LOAD
0009CBr 1  rr           	makevar	"K"
0009CCr 1  rr           	.byte	TOK_PUSH_BYTE
0009CDr 1  52           	.byte	82
0009CEr 1  rr           	.byte	TOK_EQ
0009CFr 1  rr           	.byte	TOK_CJUMP
0009D0r 1  rr rr        	.word	jump_lbl_83
0009D2r 1               @FastBasic_LINE_533:	; LINE 533
0009D2r 1  rr           	.byte	TOK_CALL
0009D3r 1  rr rr        	.word	fb_lbl_GOODBEEP
0009D5r 1               @FastBasic_LINE_534:	; LINE 534
0009D5r 1  rr           	.byte	TOK_CALL
0009D6r 1  rr rr        	.word	fb_lbl_TABLESELECTION
0009D8r 1               @FastBasic_LINE_535:	; LINE 535
0009D8r 1  rr           	.byte	TOK_JUMP
0009D9r 1  rr rr        	.word	jump_lbl_78
0009DBr 1               jump_lbl_83:
0009DBr 1  rr           	.byte	TOK_VAR_LOAD
0009DCr 1  rr           	makevar	"K"
0009DDr 1  rr           	.byte	TOK_PUSH_BYTE
0009DEr 1  31           	.byte	49
0009DFr 1  rr           	.byte	TOK_LT
0009E0r 1  rr           	.byte	TOK_PUSH_VAR_LOAD
0009E1r 1  rr           	makevar	"K"
0009E2r 1  rr           	.byte	TOK_PUSH_BYTE
0009E3r 1  37           	.byte	55
0009E4r 1  rr           	.byte	TOK_GT
0009E5r 1  rr           	.byte	TOK_L_OR
0009E6r 1  rr           	.byte	TOK_CJUMP
0009E7r 1  rr rr        	.word	jump_lbl_78
0009E9r 1               @FastBasic_LINE_536:	; LINE 536
0009E9r 1  rr           	.byte	TOK_CALL
0009EAr 1  rr rr        	.word	fb_lbl_BADBEEP
0009ECr 1               @FastBasic_LINE_537:	; LINE 537
0009ECr 1               jump_lbl_78:
0009ECr 1               @FastBasic_LINE_538:	; LINE 538
0009ECr 1  rr           	.byte	TOK_CALL
0009EDr 1  rr rr        	.word	fb_lbl_GOODBEEP
0009EFr 1               @FastBasic_LINE_539:	; LINE 539
0009EFr 1  rr           	.byte	TOK_VAR_LOAD
0009F0r 1  rr           	makevar	"K"
0009F1r 1  rr           	.byte	TOK_PUSH_BYTE
0009F2r 1  30           	.byte	48
0009F3r 1  rr           	.byte	TOK_SUB
0009F4r 1  rr           	.byte	TOK_VAR_STORE
0009F5r 1  rr           	makevar	"TABLENUMBER"
0009F6r 1               @FastBasic_LINE_540:	; LINE 540
0009F6r 1  rr           	.byte	TOK_VAR_LOAD
0009F7r 1  rr           	makevar	"TABLENUMBER"
0009F8r 1  rr           	.byte	TOK_PUSH_0
0009F9r 1  rr           	.byte	TOK_GT
0009FAr 1  rr           	.byte	TOK_PUSH_VAR_LOAD
0009FBr 1  rr           	makevar	"TABLENUMBER"
0009FCr 1  rr           	.byte	TOK_PUSH_BYTE
0009FDr 1  08           	.byte	8
0009FEr 1  rr           	.byte	TOK_LT
0009FFr 1  rr           	.byte	TOK_L_AND
000A00r 1  rr           	.byte	TOK_CJUMP
000A01r 1  rr rr        	.word	jump_lbl_75
000A03r 1               @FastBasic_LINE_541:	; LINE 541
000A03r 1  rr           	.byte	TOK_DECVAR
000A04r 1  rr           	makevar	"TABLENUMBER"
000A05r 1               @FastBasic_LINE_545:	; LINE 545
000A05r 1               	.segment "BYTECODE"
000A05r 1               	.export	fb_lbl_JOINTABLE
000A05r 1               fb_lbl_JOINTABLE:
000A05r 1               @FastBasic_LINE_546:	; LINE 546
000A05r 1  rr           	.byte	TOK_VAR_SADDR
000A06r 1  rr           	makevar	"JSON"
000A07r 1  rr           	.byte	TOK_CSTRING
000A08r 1  0C 2F 6A 6F  	.byte	12, "/join?table="
000A0Cr 1  69 6E 3F 74  
000A10r 1  61 62 6C 65  
000A15r 1  rr           	.byte	TOK_COPY_STR
000A16r 1               @FastBasic_LINE_547:	; LINE 547
000A16r 1  rr           	.byte	TOK_VAR_SADDR
000A17r 1  rr           	makevar	"JSON"
000A18r 1  rr           	.byte	TOK_VAR_LOAD
000A19r 1  rr           	makevar	"TABLENUMBER"
000A1Ar 1  rr           	.byte	TOK_USHL
000A1Br 1  rr           	.byte	TOK_ADD_VAR
000A1Cr 1  rr           	makevar	"TABLEID"
000A1Dr 1  rr           	.byte	TOK_DPEEK
000A1Er 1  rr           	.byte	TOK_CAT_STR
000A1Fr 1               @FastBasic_LINE_548:	; LINE 548
000A1Fr 1  rr           	.byte	TOK_VAR_SADDR
000A20r 1  rr           	makevar	"JSON"
000A21r 1  rr           	.byte	TOK_CSTRING
000A22r 1  08 26 70 6C  	.byte	8, "&player="
000A26r 1  61 79 65 72  
000A2Ar 1  3D           
000A2Br 1  rr           	.byte	TOK_CAT_STR
000A2Cr 1               @FastBasic_LINE_549:	; LINE 549
000A2Cr 1  rr           	.byte	TOK_VAR_SADDR
000A2Dr 1  rr           	makevar	"JSON"
000A2Er 1  rr           	.byte	TOK_VAR_LOAD
000A2Fr 1  rr           	makevar	"MYNAME"
000A30r 1  rr           	.byte	TOK_CAT_STR
000A31r 1               @FastBasic_LINE_550:	; LINE 550
000A31r 1  rr           	.byte	TOK_BYTE
000A32r 1  05           	.byte	5
000A33r 1  rr           	.byte	TOK_PUSH_BYTE
000A34r 1  16           	.byte	22
000A35r 1  rr           	.byte	TOK_PUSH
000A36r 1  rr           	.byte	TOK_CALL
000A37r 1  rr rr        	.word	fb_lbl_POS
000A39r 1  rr           	.byte	TOK_CSTRING
000A3Ar 1  1E 20 43 4F  	.byte	30, " CONNECTING TO TABLE          "
000A3Er 1  4E 4E 45 43  
000A42r 1  54 49 4E 47  
000A59r 1  rr           	.byte	TOK_PUSH
000A5Ar 1  rr           	.byte	TOK_CALL
000A5Br 1  rr rr        	.word	fb_lbl_PRINT
000A5Dr 1               @FastBasic_LINE_551:	; LINE 551
000A5Dr 1  rr           	.byte	TOK_1
000A5Er 1  rr           	.byte	TOK_PUSH_BYTE
000A5Fr 1  19           	.byte	25
000A60r 1  rr           	.byte	TOK_PUSH
000A61r 1  rr           	.byte	TOK_CALL
000A62r 1  rr rr        	.word	fb_lbl_POS
000A64r 1  rr           	.byte	TOK_CSTRING
000A65r 1  26 20 20 50  	.byte	38, "  PLEASE WAIT THIS MAY TAKE A MOMENT  "
000A69r 1  4C 45 41 53  
000A6Dr 1  45 20 57 41  
000A8Cr 1  rr           	.byte	TOK_PUSH
000A8Dr 1  rr           	.byte	TOK_CALL
000A8Er 1  rr rr        	.word	fb_lbl_PRINT
000A90r 1               @FastBasic_LINE_552:	; LINE 552
000A90r 1  rr           	.byte	TOK_CALL
000A91r 1  rr rr        	.word	fb_lbl_CALLFUJINET
000A93r 1               @FastBasic_LINE_553:	; LINE 553
000A93r 1  rr           	.byte	TOK_VAR_LOAD
000A94r 1  rr           	makevar	"UNIT"
000A95r 1  rr           	.byte	TOK_PUSH_VAR_LOAD
000A96r 1  rr           	makevar	"RESPONSEBUFFER"
000A97r 1  rr           	.byte	TOK_PUSH
000A98r 1  rr           	.byte	TOK_CALL
000A99r 1  rr rr        	.word	fb_lbl_NINPUTINIT
000A9Br 1               @FastBasic_LINE_554:	; LINE 554
000A9Br 1  rr           	.byte	TOK_VAR_LOAD
000A9Cr 1  rr           	makevar	"DUMMY"
000A9Dr 1  rr           	.byte	TOK_PUSH
000A9Er 1  rr           	.byte	TOK_JUMP
000A9Fr 1  rr rr        	.word	fb_lbl_NINPUT
000AA1r 1               @FastBasic_LINE_557:	; LINE 557
000AA1r 1               	.segment "BYTECODE"
000AA1r 1               	.export	fb_lbl_READKEYPRESSES
000AA1r 1               fb_lbl_READKEYPRESSES:
000AA1r 1               @FastBasic_LINE_558:	; LINE 558
000AA1r 1  rr           	.byte	TOK_NUM
000AA2r 1  FC 02        	.word	764
000AA4r 1  rr           	.byte	TOK_PEEK
000AA5r 1  rr           	.byte	TOK_PUSH_BYTE
000AA6r 1  FF           	.byte	255
000AA7r 1  rr           	.byte	TOK_BIT_EXOR
000AA8r 1  rr           	.byte	TOK_VAR_STORE
000AA9r 1  rr           	makevar	"K"
000AAAr 1               @FastBasic_LINE_559:	; LINE 559
000AAAr 1  rr           	.byte	TOK_VAR_LOAD
000AABr 1  rr           	makevar	"K"
000AACr 1  rr           	.byte	TOK_PUSH_BYTE
000AADr 1  E0           	.byte	224
000AAEr 1  rr           	.byte	TOK_EQ
000AAFr 1  rr           	.byte	TOK_PUSH_VAR_LOAD
000AB0r 1  rr           	makevar	"K"
000AB1r 1  rr           	.byte	TOK_PUSH_BYTE
000AB2r 1  E1           	.byte	225
000AB3r 1  rr           	.byte	TOK_EQ
000AB4r 1  rr           	.byte	TOK_L_OR
000AB5r 1  rr           	.byte	TOK_PUSH_VAR_LOAD
000AB6r 1  rr           	makevar	"K"
000AB7r 1  rr           	.byte	TOK_PUSH_BYTE
000AB8r 1  E5           	.byte	229
000AB9r 1  rr           	.byte	TOK_EQ
000ABAr 1  rr           	.byte	TOK_L_OR
000ABBr 1  rr           	.byte	TOK_PUSH_VAR_LOAD
000ABCr 1  rr           	makevar	"K"
000ABDr 1  rr           	.byte	TOK_PUSH_BYTE
000ABEr 1  E7           	.byte	231
000ABFr 1  rr           	.byte	TOK_EQ
000AC0r 1  rr           	.byte	TOK_L_OR
000AC1r 1  rr           	.byte	TOK_PUSH_VAR_LOAD
000AC2r 1  rr           	makevar	"K"
000AC3r 1  rr           	.byte	TOK_PUSH_BYTE
000AC4r 1  E2           	.byte	226
000AC5r 1  rr           	.byte	TOK_EQ
000AC6r 1  rr           	.byte	TOK_L_OR
000AC7r 1  rr           	.byte	TOK_PUSH_VAR_LOAD
000AC8r 1  rr           	makevar	"K"
000AC9r 1  rr           	.byte	TOK_PUSH_BYTE
000ACAr 1  E4           	.byte	228
000ACBr 1  rr           	.byte	TOK_EQ
000ACCr 1  rr           	.byte	TOK_L_OR
000ACDr 1  rr           	.byte	TOK_PUSH_VAR_LOAD
000ACEr 1  rr           	makevar	"K"
000ACFr 1  rr           	.byte	TOK_PUSH_BYTE
000AD0r 1  CC           	.byte	204
000AD1r 1  rr           	.byte	TOK_EQ
000AD2r 1  rr           	.byte	TOK_L_OR
000AD3r 1  rr           	.byte	TOK_PUSH_VAR_LOAD
000AD4r 1  rr           	makevar	"K"
000AD5r 1  rr           	.byte	TOK_PUSH_BYTE
000AD6r 1  FF           	.byte	255
000AD7r 1  rr           	.byte	TOK_EQ
000AD8r 1  rr           	.byte	TOK_L_OR
000AD9r 1  rr           	.byte	TOK_PUSH_VAR_LOAD
000ADAr 1  rr           	makevar	"K"
000ADBr 1  rr           	.byte	TOK_PUSH_BYTE
000ADCr 1  C5           	.byte	197
000ADDr 1  rr           	.byte	TOK_EQ
000ADEr 1  rr           	.byte	TOK_L_OR
000ADFr 1  rr           	.byte	TOK_PUSH_VAR_LOAD
000AE0r 1  rr           	makevar	"K"
000AE1r 1  rr           	.byte	TOK_PUSH_BYTE
000AE2r 1  C7           	.byte	199
000AE3r 1  rr           	.byte	TOK_EQ
000AE4r 1  rr           	.byte	TOK_L_OR
000AE5r 1  rr           	.byte	TOK_CJUMP
000AE6r 1  rr rr        	.word	jump_lbl_90
000AE8r 1               @FastBasic_LINE_560:	; LINE 560
000AE8r 1  rr           	.byte	TOK_VAR_LOAD
000AE9r 1  rr           	makevar	"K"
000AEAr 1  rr           	.byte	TOK_PUSH
000AEBr 1  rr           	.byte	TOK_CALL
000AECr 1  rr rr        	.word	fb_lbl_CHECKVAILDMOVE
000AEEr 1               @FastBasic_LINE_561:	; LINE 561
000AEEr 1  rr           	.byte	TOK_JUMP
000AEFr 1  rr rr        	.word	jump_lbl_518
000AF1r 1               @FastBasic_LINE_562:	; LINE 562
000AF1r 1               jump_lbl_90:
000AF1r 1  rr           	.byte	TOK_VAR_LOAD
000AF2r 1  rr           	makevar	"K"
000AF3r 1  rr           	.byte	TOK_PUSH_BYTE
000AF4r 1  C1           	.byte	193
000AF5r 1  rr           	.byte	TOK_EQ
000AF6r 1  rr           	.byte	TOK_PUSH_VAR_LOAD
000AF7r 1  rr           	makevar	"TABLENUMBER"
000AF8r 1  rr           	.byte	TOK_USHL
000AF9r 1  rr           	.byte	TOK_ADD_VAR
000AFAr 1  rr           	makevar	"GAMESTATUS"
000AFBr 1  rr           	.byte	TOK_DPEEK
000AFCr 1  rr           	.byte	TOK_PUSH_BYTE
000AFDr 1  02           	.byte	2
000AFEr 1  rr           	.byte	TOK_EQ
000AFFr 1  rr           	.byte	TOK_L_AND
000B00r 1  rr           	.byte	TOK_CJUMP
000B01r 1  rr rr        	.word	jump_lbl_92
000B03r 1               @FastBasic_LINE_563:	; LINE 563
000B03r 1  rr           	.byte	TOK_CALL
000B04r 1  rr rr        	.word	fb_lbl_GOODBEEP
000B06r 1               @FastBasic_LINE_564:	; LINE 564
000B06r 1  rr           	.byte	TOK_CALL
000B07r 1  rr rr        	.word	fb_lbl_STARTGAME
000B09r 1               @FastBasic_LINE_565:	; LINE 565
000B09r 1  rr           	.byte	TOK_CALL
000B0Ar 1  rr rr        	.word	fb_lbl_READGAMESTATE
000B0Cr 1               @FastBasic_LINE_566:	; LINE 566
000B0Cr 1  rr           	.byte	TOK_JUMP
000B0Dr 1  rr rr        	.word	jump_lbl_518
000B0Fr 1               @FastBasic_LINE_567:	; LINE 567
000B0Fr 1               jump_lbl_92:
000B0Fr 1  rr           	.byte	TOK_VAR_LOAD
000B10r 1  rr           	makevar	"K"
000B11r 1  rr           	.byte	TOK_PUSH_BYTE
000B12r 1  ED           	.byte	237
000B13r 1  rr           	.byte	TOK_EQ
000B14r 1               @FastBasic_LINE_568:	; LINE 568
000B14r 1  rr           	.byte	TOK_CNJUMP
000B15r 1  rr rr        	.word	fb_lbl_CYCLECOLORTHEME
000B17r 1               @FastBasic_LINE_569:	; LINE 569
000B17r 1  rr           	.byte	TOK_VAR_LOAD
000B18r 1  rr           	makevar	"K"
000B19r 1  rr           	.byte	TOK_PUSH_BYTE
000B1Ar 1  C6           	.byte	198
000B1Br 1  rr           	.byte	TOK_EQ
000B1Cr 1  rr           	.byte	TOK_CJUMP
000B1Dr 1  rr rr        	.word	jump_lbl_96
000B1Fr 1               @FastBasic_LINE_570:	; LINE 570
000B1Fr 1  rr           	.byte	TOK_CALL
000B20r 1  rr rr        	.word	fb_lbl_GOODBEEP
000B22r 1               @FastBasic_LINE_571:	; LINE 571
000B22r 1  rr           	.byte	TOK_CALL
000B23r 1  rr rr        	.word	fb_lbl_DISPLAYHELPDIALOG
000B25r 1               @FastBasic_LINE_572:	; LINE 572
000B25r 1  rr           	.byte	TOK_JUMP
000B26r 1  rr rr        	.word	fb_lbl_DRAWGAMESTATE
000B28r 1               @FastBasic_LINE_573:	; LINE 573
000B28r 1               jump_lbl_96:
000B28r 1  rr           	.byte	TOK_VAR_LOAD
000B29r 1  rr           	makevar	"K"
000B2Ar 1  rr           	.byte	TOK_PUSH_BYTE
000B2Br 1  D5           	.byte	213
000B2Cr 1  rr           	.byte	TOK_EQ
000B2Dr 1  rr           	.byte	TOK_CJUMP
000B2Er 1  rr rr        	.word	jump_lbl_98
000B30r 1               @FastBasic_LINE_574:	; LINE 574
000B30r 1  rr           	.byte	TOK_CALL
000B31r 1  rr rr        	.word	fb_lbl_GOODBEEP
000B33r 1               @FastBasic_LINE_575:	; LINE 575
000B33r 1  rr           	.byte	TOK_1
000B34r 1  rr           	.byte	TOK_PUSH
000B35r 1  rr           	.byte	TOK_CALL
000B36r 1  rr rr        	.word	fb_lbl_ASKSURE
000B38r 1               @FastBasic_LINE_576:	; LINE 576
000B38r 1  rr           	.byte	TOK_JUMP
000B39r 1  rr rr        	.word	fb_lbl_DRAWGAMESTATE
000B3Br 1               @FastBasic_LINE_577:	; LINE 577
000B3Br 1               jump_lbl_98:
000B3Br 1  rr           	.byte	TOK_VAR_LOAD
000B3Cr 1  rr           	makevar	"K"
000B3Dr 1  rr           	.byte	TOK_PUSH_BYTE
000B3Er 1  D0           	.byte	208
000B3Fr 1  rr           	.byte	TOK_EQ
000B40r 1  rr           	.byte	TOK_CRET
000B41r 1               @FastBasic_LINE_578:	; LINE 578
000B41r 1  rr           	.byte	TOK_CALL
000B42r 1  rr rr        	.word	fb_lbl_GOODBEEP
000B44r 1               @FastBasic_LINE_579:	; LINE 579
000B44r 1  rr           	.byte	TOK_BYTE
000B45r 1  02           	.byte	2
000B46r 1  rr           	.byte	TOK_PUSH
000B47r 1  rr           	.byte	TOK_CALL
000B48r 1  rr rr        	.word	fb_lbl_ASKSURE
000B4Ar 1               @FastBasic_LINE_580:	; LINE 580
000B4Ar 1  rr           	.byte	TOK_JUMP
000B4Br 1  rr rr        	.word	fb_lbl_DRAWGAMESTATE
000B4Dr 1               @FastBasic_LINE_584:	; LINE 584
000B4Dr 1               	.segment "BYTECODE"
000B4Dr 1               	.export	fb_lbl_CHECKVAILDMOVE
000B4Dr 1               fb_lbl_CHECKVAILDMOVE:
000B4Dr 1  rr           	.byte	TOK_POP
000B4Er 1  rr           	.byte	TOK_VAR_STORE
000B4Fr 1  rr           	makevar	"_MOVE"
000B50r 1               @FastBasic_LINE_585:	; LINE 585
000B50r 1  rr           	.byte	TOK_VAR_LOAD
000B51r 1  rr           	makevar	"_MOVE"
000B52r 1  rr           	.byte	TOK_VAR_STORE
000B53r 1  rr           	makevar	"KEYPRESSED"
000B54r 1               @FastBasic_LINE_586:	; LINE 586
000B54r 1  rr           	.byte	TOK_VAR_LOAD
000B55r 1  rr           	makevar	"KEYPRESSED"
000B56r 1  rr           	.byte	TOK_PUSH_BYTE
000B57r 1  FF           	.byte	255
000B58r 1  rr           	.byte	TOK_EQ
000B59r 1  rr           	.byte	TOK_CJUMP
000B5Ar 1  rr rr        	.word	jump_lbl_103
000B5Cr 1  rr           	.byte	TOK_BYTE
000B5Dr 1  CC           	.byte	204
000B5Er 1  rr           	.byte	TOK_VAR_STORE
000B5Fr 1  rr           	makevar	"KEYPRESSED"
000B60r 1               jump_lbl_103:
000B60r 1               @FastBasic_LINE_587:	; LINE 587
000B60r 1  rr           	.byte	TOK_VAR_SADDR
000B61r 1  rr           	makevar	"MOVE"
000B62r 1  rr           	.byte	TOK_CSTRING
000B63r 1  00           	.byte	0
000B64r 1  rr           	.byte	TOK_COPY_STR
000B65r 1               @FastBasic_LINE_588:	; LINE 588
000B65r 1  rr           	.byte	TOK_VAR_LOAD
000B66r 1  rr           	makevar	"PLAYERINDEX"
000B67r 1  rr           	.byte	TOK_USHL
000B68r 1  rr           	.byte	TOK_ADD_VAR
000B69r 1  rr           	makevar	"PLAYERSTATUS"
000B6Ar 1  rr           	.byte	TOK_DPEEK
000B6Br 1  rr           	.byte	TOK_PUSH_1
000B6Cr 1  rr           	.byte	TOK_NEQ
000B6Dr 1  rr           	.byte	TOK_CNRET
000B6Er 1               @FastBasic_LINE_589:	; LINE 589
000B6Er 1  rr           	.byte	TOK_VAR_LOAD
000B6Fr 1  rr           	makevar	"KEYPRESSED"
000B70r 1  rr           	.byte	TOK_PUSH_BYTE
000B71r 1  C7           	.byte	199
000B72r 1  rr           	.byte	TOK_EQ
000B73r 1  rr           	.byte	TOK_CJUMP
000B74r 1  rr rr        	.word	jump_lbl_105
000B76r 1  rr           	.byte	TOK_VAR_SADDR
000B77r 1  rr           	makevar	"MOVE"
000B78r 1  rr           	.byte	TOK_CSTRING
000B79r 1  01 46        	.byte	1, "F"
000B7Br 1  rr           	.byte	TOK_COPY_STR
000B7Cr 1               jump_lbl_105:
000B7Cr 1               @FastBasic_LINE_590:	; LINE 590
000B7Cr 1  rr           	.byte	TOK_VAR_LOAD
000B7Dr 1  rr           	makevar	"KEYPRESSED"
000B7Er 1  rr           	.byte	TOK_PUSH_BYTE
000B7Fr 1  C5           	.byte	197
000B80r 1  rr           	.byte	TOK_EQ
000B81r 1  rr           	.byte	TOK_CJUMP
000B82r 1  rr rr        	.word	jump_lbl_106
000B84r 1               @FastBasic_LINE_591:	; LINE 591
000B84r 1  rr           	.byte	TOK_VAR_SADDR
000B85r 1  rr           	makevar	"A"
000B86r 1  rr           	.byte	TOK_PUSH_1
000B87r 1  rr           	.byte	TOK_DPOKE
000B88r 1  rr           	.byte	TOK_VAR_LOAD
000B89r 1  rr           	makevar	"PLAYERINDEX"
000B8Ar 1  rr           	.byte	TOK_USHL
000B8Br 1  rr           	.byte	TOK_ADD_VAR
000B8Cr 1  rr           	makevar	"PLAYERVALIDMOVES"
000B8Dr 1  rr           	.byte	TOK_DPEEK
000B8Er 1  rr           	.byte	TOK_PEEK
000B8Fr 1  rr           	.byte	TOK_PUSH_1
000B90r 1  rr           	.byte	TOK_FOR
000B91r 1  rr           	.byte	TOK_CNJUMP
000B92r 1  rr rr        	.word	jump_lbl_108_x
000B94r 1               jump_lbl_108:
000B94r 1               @FastBasic_LINE_592:	; LINE 592
000B94r 1  rr           	.byte	TOK_VAR_LOAD
000B95r 1  rr           	makevar	"PLAYERINDEX"
000B96r 1  rr           	.byte	TOK_USHL
000B97r 1  rr           	.byte	TOK_ADD_VAR
000B98r 1  rr           	makevar	"PLAYERVALIDMOVES"
000B99r 1  rr           	.byte	TOK_DPEEK
000B9Ar 1  rr           	.byte	TOK_PUSH_VAR_LOAD
000B9Br 1  rr           	makevar	"A"
000B9Cr 1  rr           	.byte	TOK_PUSH_1
000B9Dr 1  rr           	.byte	TOK_STR_IDX
000B9Er 1  rr           	.byte	TOK_PUSH
000B9Fr 1  rr           	.byte	TOK_CSTRING
000BA0r 1  01 44        	.byte	1, "D"
000BA2r 1  rr           	.byte	TOK_CMP_STR
000BA3r 1  rr           	.byte	TOK_EQ
000BA4r 1  rr           	.byte	TOK_CJUMP
000BA5r 1  rr rr        	.word	jump_lbl_109
000BA7r 1               @FastBasic_LINE_593:	; LINE 593
000BA7r 1  rr           	.byte	TOK_VAR_SADDR
000BA8r 1  rr           	makevar	"MOVE"
000BA9r 1  rr           	.byte	TOK_CSTRING
000BAAr 1  01 44        	.byte	1, "D"
000BACr 1  rr           	.byte	TOK_COPY_STR
000BADr 1               @FastBasic_LINE_594:	; LINE 594
000BADr 1  rr           	.byte	TOK_JUMP
000BAEr 1  rr rr        	.word	jump_lbl_108_x
000BB0r 1               @FastBasic_LINE_595:	; LINE 595
000BB0r 1               jump_lbl_109:
000BB0r 1               @FastBasic_LINE_596:	; LINE 596
000BB0r 1  rr           	.byte	TOK_FOR_NEXT
000BB1r 1  rr           	.byte	TOK_CJUMP
000BB2r 1  rr rr        	.word	jump_lbl_108
000BB4r 1               jump_lbl_108_x:
000BB4r 1  rr           	.byte	TOK_FOR_EXIT
000BB5r 1               @FastBasic_LINE_597:	; LINE 597
000BB5r 1               jump_lbl_106:
000BB5r 1               @FastBasic_LINE_599:	; LINE 599
000BB5r 1  rr           	.byte	TOK_VAR_SADDR
000BB6r 1  rr           	makevar	"A"
000BB7r 1  rr           	.byte	TOK_PUSH_1
000BB8r 1  rr           	.byte	TOK_DPOKE
000BB9r 1  rr           	.byte	TOK_BYTE
000BBAr 1  07           	.byte	7
000BBBr 1  rr           	.byte	TOK_PUSH_1
000BBCr 1  rr           	.byte	TOK_FOR
000BBDr 1  rr           	.byte	TOK_CNJUMP
000BBEr 1  rr rr        	.word	jump_lbl_111
000BC0r 1               jump_lbl_112:
000BC0r 1               @FastBasic_LINE_600:	; LINE 600
000BC0r 1  rr           	.byte	TOK_VAR_LOAD
000BC1r 1  rr           	makevar	"KEYPRESSED"
000BC2r 1  rr           	.byte	TOK_PUSH_NUM
000BC3r 1  rr rr        	.word	fb_lbl_KVALUE
000BC5r 1  rr           	.byte	TOK_PUSH_VAR_LOAD
000BC6r 1  rr           	makevar	"A"
000BC7r 1  rr           	.byte	TOK_USHL
000BC8r 1  rr           	.byte	TOK_ADD
000BC9r 1  rr           	.byte	TOK_DPEEK
000BCAr 1  rr           	.byte	TOK_EQ
000BCBr 1  rr           	.byte	TOK_CJUMP
000BCCr 1  rr rr        	.word	jump_lbl_113
000BCEr 1               @FastBasic_LINE_601:	; LINE 601
000BCEr 1  rr           	.byte	TOK_VAR_SADDR
000BCFr 1  rr           	makevar	"B"
000BD0r 1  rr           	.byte	TOK_PUSH_1
000BD1r 1  rr           	.byte	TOK_DPOKE
000BD2r 1  rr           	.byte	TOK_VAR_LOAD
000BD3r 1  rr           	makevar	"PLAYERINDEX"
000BD4r 1  rr           	.byte	TOK_USHL
000BD5r 1  rr           	.byte	TOK_ADD_VAR
000BD6r 1  rr           	makevar	"PLAYERVALIDMOVES"
000BD7r 1  rr           	.byte	TOK_DPEEK
000BD8r 1  rr           	.byte	TOK_PEEK
000BD9r 1  rr           	.byte	TOK_PUSH_1
000BDAr 1  rr           	.byte	TOK_FOR
000BDBr 1  rr           	.byte	TOK_CNJUMP
000BDCr 1  rr rr        	.word	jump_lbl_114
000BDEr 1               jump_lbl_115:
000BDEr 1               @FastBasic_LINE_602:	; LINE 602
000BDEr 1  rr           	.byte	TOK_VAR_SADDR
000BDFr 1  rr           	makevar	"DUMMY"
000BE0r 1  rr           	.byte	TOK_VAR_LOAD
000BE1r 1  rr           	makevar	"PLAYERINDEX"
000BE2r 1  rr           	.byte	TOK_USHL
000BE3r 1  rr           	.byte	TOK_ADD_VAR
000BE4r 1  rr           	makevar	"PLAYERVALIDMOVES"
000BE5r 1  rr           	.byte	TOK_DPEEK
000BE6r 1  rr           	.byte	TOK_PUSH_VAR_LOAD
000BE7r 1  rr           	makevar	"B"
000BE8r 1  rr           	.byte	TOK_PUSH_1
000BE9r 1  rr           	.byte	TOK_STR_IDX
000BEAr 1  rr           	.byte	TOK_COPY_STR
000BEBr 1               @FastBasic_LINE_603:	; LINE 603
000BEBr 1  rr           	.byte	TOK_VAR_LOAD
000BECr 1  rr           	makevar	"DUMMY"
000BEDr 1  rr           	.byte	TOK_PUSH_VAR_LOAD
000BEEr 1  rr           	makevar	"A"
000BEFr 1  rr           	.byte	TOK_INT_STR
000BF0r 1  rr           	.byte	TOK_CMP_STR
000BF1r 1  rr           	.byte	TOK_EQ
000BF2r 1  rr           	.byte	TOK_CJUMP
000BF3r 1  rr rr        	.word	jump_lbl_116
000BF5r 1               @FastBasic_LINE_604:	; LINE 604
000BF5r 1  rr           	.byte	TOK_VAR_SADDR
000BF6r 1  rr           	makevar	"MOVE"
000BF7r 1  rr           	.byte	TOK_VAR_LOAD
000BF8r 1  rr           	makevar	"A"
000BF9r 1  rr           	.byte	TOK_INT_STR
000BFAr 1  rr           	.byte	TOK_COPY_STR
000BFBr 1               @FastBasic_LINE_605:	; LINE 605
000BFBr 1               jump_lbl_116:
000BFBr 1               @FastBasic_LINE_606:	; LINE 606
000BFBr 1  rr           	.byte	TOK_FOR_NEXT
000BFCr 1  rr           	.byte	TOK_CJUMP
000BFDr 1  rr rr        	.word	jump_lbl_115
000BFFr 1               jump_lbl_114:
000BFFr 1  rr           	.byte	TOK_FOR_EXIT
000C00r 1               @FastBasic_LINE_607:	; LINE 607
000C00r 1               jump_lbl_113:
000C00r 1               @FastBasic_LINE_608:	; LINE 608
000C00r 1  rr           	.byte	TOK_FOR_NEXT
000C01r 1  rr           	.byte	TOK_CJUMP
000C02r 1  rr rr        	.word	jump_lbl_112
000C04r 1               jump_lbl_111:
000C04r 1  rr           	.byte	TOK_FOR_EXIT
000C05r 1               @FastBasic_LINE_609:	; LINE 609
000C05r 1  rr           	.byte	TOK_VAR_LOAD
000C06r 1  rr           	makevar	"MOVE"
000C07r 1  rr           	.byte	TOK_PUSH
000C08r 1  rr           	.byte	TOK_CSTRING
000C09r 1  00           	.byte	0
000C0Ar 1  rr           	.byte	TOK_CMP_STR
000C0Br 1  rr           	.byte	TOK_NEQ
000C0Cr 1  rr           	.byte	TOK_CJUMP
000C0Dr 1  rr rr        	.word	fb_lbl_BADBEEP
000C0Fr 1               @FastBasic_LINE_610:	; LINE 610
000C0Fr 1  rr           	.byte	TOK_CALL
000C10r 1  rr rr        	.word	fb_lbl_GOODBEEP
000C12r 1               @FastBasic_LINE_611:	; LINE 611
000C12r 1  rr           	.byte	TOK_CALL
000C13r 1  rr rr        	.word	fb_lbl_DOMAINPLAYERANIMATION
000C15r 1               @FastBasic_LINE_612:	; LINE 612
000C15r 1  rr           	.byte	TOK_BYTE
000C16r 1  0D           	.byte	13
000C17r 1  rr           	.byte	TOK_PUSH_BYTE
000C18r 1  18           	.byte	24
000C19r 1  rr           	.byte	TOK_PUSH
000C1Ar 1  rr           	.byte	TOK_CALL
000C1Br 1  rr rr        	.word	fb_lbl_POS
000C1Dr 1  rr           	.byte	TOK_CSTRING
000C1Er 1  0D 20 20 20  	.byte	13, "             "
000C22r 1  20 20 20 20  
000C26r 1  20 20 20 20  
000C2Cr 1  rr           	.byte	TOK_PUSH
000C2Dr 1  rr           	.byte	TOK_CALL
000C2Er 1  rr rr        	.word	fb_lbl_PRINT
000C30r 1               @FastBasic_LINE_613:	; LINE 613
000C30r 1  rr           	.byte	TOK_CALL
000C31r 1  rr rr        	.word	fb_lbl_PLAYMOVE
000C33r 1               @FastBasic_LINE_614:	; LINE 614
000C33r 1  rr           	.byte	TOK_VAR_LOAD
000C34r 1  rr           	makevar	"PLAYERINDEX"
000C35r 1  rr           	.byte	TOK_USHL
000C36r 1  rr           	.byte	TOK_ADD_VAR
000C37r 1  rr           	makevar	"PLAYERSTATUS"
000C38r 1  rr           	.byte	TOK_SADDR
000C39r 1  rr           	.byte	TOK_0
000C3Ar 1  rr           	.byte	TOK_DPOKE
000C3Br 1               @FastBasic_LINE_615:	; LINE 615
000C3Br 1  rr           	.byte	TOK_RET
000C3Cr 1               @FastBasic_LINE_598:	; LINE 598
000C3Cr 1               	.segment "DATA"
00042Cr 1               	.export	fb_lbl_KVALUE
00042Cr 1               fb_lbl_KVALUE:
00042Cr 1  00 00        	.word	0
00042Er 1  E0 00        	.word	224
000430r 1  E1 00        	.word	225
000432r 1  E5 00        	.word	229
000434r 1  E7 00        	.word	231
000436r 1  E2 00        	.word	226
000438r 1  E4 00        	.word	228
00043Ar 1  CC 00        	.word	204
00043Cr 1               @FastBasic_LINE_620:	; LINE 620
00043Cr 1               	.segment "BYTECODE"
000C3Cr 1               	.export	fb_lbl_DOMAINPLAYERANIMATION
000C3Cr 1               fb_lbl_DOMAINPLAYERANIMATION:
000C3Cr 1               @FastBasic_LINE_621:	; LINE 621
000C3Cr 1  rr           	.byte	TOK_VAR_LOAD
000C3Dr 1  rr           	makevar	"MOVE"
000C3Er 1  rr           	.byte	TOK_PUSH
000C3Fr 1  rr           	.byte	TOK_CSTRING
000C40r 1  01 44        	.byte	1, "D"
000C42r 1  rr           	.byte	TOK_CMP_STR
000C43r 1  rr           	.byte	TOK_EQ
000C44r 1  rr           	.byte	TOK_CJUMP
000C45r 1  rr rr        	.word	jump_lbl_121
000C47r 1  rr           	.byte	TOK_VAR_LOAD
000C48r 1  rr           	makevar	"PLAYERINDEX"
000C49r 1  rr           	.byte	TOK_USHL
000C4Ar 1  rr           	.byte	TOK_ADD_VAR
000C4Br 1  rr           	makevar	"XSTART"
000C4Cr 1  rr           	.byte	TOK_DPEEK
000C4Dr 1  rr           	.byte	TOK_PUSH_VAR_LOAD
000C4Er 1  rr           	makevar	"PLAYERINDEX"
000C4Fr 1  rr           	.byte	TOK_USHL
000C50r 1  rr           	.byte	TOK_ADD_VAR
000C51r 1  rr           	makevar	"YSTART"
000C52r 1  rr           	.byte	TOK_DPEEK
000C53r 1  rr           	.byte	TOK_PUSH_BYTE
000C54r 1  08           	.byte	8
000C55r 1  rr           	.byte	TOK_PUSH
000C56r 1  rr           	.byte	TOK_CALL
000C57r 1  rr rr        	.word	fb_lbl_DRAWCARDFROMDECK
000C59r 1               jump_lbl_121:
000C59r 1               @FastBasic_LINE_622:	; LINE 622
000C59r 1  rr           	.byte	TOK_VAR_LOAD
000C5Ar 1  rr           	makevar	"MOVE"
000C5Br 1  rr           	.byte	TOK_PUSH
000C5Cr 1  rr           	.byte	TOK_CSTRING
000C5Dr 1  01 31        	.byte	1, "1"
000C5Fr 1  rr           	.byte	TOK_CMP_STR
000C60r 1  rr           	.byte	TOK_LT
000C61r 1  rr           	.byte	TOK_L_NOT
000C62r 1  rr           	.byte	TOK_PUSH_VAR_LOAD
000C63r 1  rr           	makevar	"MOVE"
000C64r 1  rr           	.byte	TOK_PUSH
000C65r 1  rr           	.byte	TOK_CSTRING
000C66r 1  01 37        	.byte	1, "7"
000C68r 1  rr           	.byte	TOK_CMP_STR
000C69r 1  rr           	.byte	TOK_GT
000C6Ar 1  rr           	.byte	TOK_L_NOT
000C6Br 1  rr           	.byte	TOK_L_AND
000C6Cr 1  rr           	.byte	TOK_CRET
000C6Dr 1  rr           	.byte	TOK_VAR_LOAD
000C6Er 1  rr           	makevar	"MOVE"
000C6Fr 1  rr           	.byte	TOK_VAL
000C70r 1  rr           	.byte	TOK_PUSH
000C71r 1               @FastBasic_LINE_625:	; LINE 625
000C71r 1  rr           	.byte	TOK_POP
000C72r 1  rr           	.byte	TOK_VAR_STORE
000C73r 1  rr           	makevar	"_CARD"
000C74r 1               @FastBasic_LINE_626:	; LINE 626
000C74r 1  rr           	.byte	TOK_VAR_LOAD
000C75r 1  rr           	makevar	"_CARD"
000C76r 1  rr           	.byte	TOK_VAR_STORE
000C77r 1  rr           	makevar	"C"
000C78r 1               @FastBasic_LINE_627:	; LINE 627
000C78r 1  rr           	.byte	TOK_NUM
000C79r 1  00 D2        	.word	53760
000C7Br 1  rr           	.byte	TOK_SADDR
000C7Cr 1  rr           	.byte	TOK_NUM
000C7Dr 1  79 18        	.word	6265
000C7Fr 1  rr           	.byte	TOK_DPOKE
000C80r 1  rr           	.byte	TOK_0
000C81r 1  rr           	.byte	TOK_NUM_POKE
000C82r 1  08 D2        	.word	53768
000C84r 1  rr           	.byte	TOK_BYTE
000C85r 1  03           	.byte	3
000C86r 1  rr           	.byte	TOK_NUM_POKE
000C87r 1  0F D2        	.word	53775
000C89r 1               @FastBasic_LINE_628:	; LINE 628
000C89r 1  rr           	.byte	TOK_NUM
000C8Ar 1  F8 02        	.word	760
000C8Cr 1  rr           	.byte	TOK_ADD_VAR
000C8Dr 1  rr           	makevar	"SCREENBUFFER"
000C8Er 1  rr           	.byte	TOK_PUSH_BYTE
000C8Fr 1  F0           	.byte	240
000C90r 1  rr           	.byte	TOK_PUSH_0
000C91r 1  rr           	.byte	TOK_MSET
000C92r 1               @FastBasic_LINE_629:	; LINE 629
000C92r 1  rr           	.byte	TOK_VAR_LOAD
000C93r 1  rr           	makevar	"PLAYERINDEX"
000C94r 1  rr           	.byte	TOK_USHL
000C95r 1  rr           	.byte	TOK_ADD_VAR
000C96r 1  rr           	makevar	"PLAYERHAND"
000C97r 1  rr           	.byte	TOK_DPEEK
000C98r 1  rr           	.byte	TOK_PEEK
000C99r 1  rr           	.byte	TOK_PUSH_1
000C9Ar 1  rr           	.byte	TOK_GT
000C9Br 1  rr           	.byte	TOK_CJUMP
000C9Cr 1  rr rr        	.word	jump_lbl_125
000C9Er 1               @FastBasic_LINE_631:	; LINE 631
000C9Er 1  rr           	.byte	TOK_VAR_SADDR
000C9Fr 1  rr           	makevar	"A"
000CA0r 1  rr           	.byte	TOK_PUSH_1
000CA1r 1  rr           	.byte	TOK_DPOKE
000CA2r 1  rr           	.byte	TOK_VAR_LOAD
000CA3r 1  rr           	makevar	"PLAYERINDEX"
000CA4r 1  rr           	.byte	TOK_USHL
000CA5r 1  rr           	.byte	TOK_ADD_VAR
000CA6r 1  rr           	makevar	"PLAYERHAND"
000CA7r 1  rr           	.byte	TOK_DPEEK
000CA8r 1  rr           	.byte	TOK_PEEK
000CA9r 1  rr           	.byte	TOK_PUSH_1
000CAAr 1  rr           	.byte	TOK_FOR
000CABr 1  rr           	.byte	TOK_CNJUMP
000CACr 1  rr rr        	.word	jump_lbl_127_x
000CAEr 1               jump_lbl_127:
000CAEr 1               @FastBasic_LINE_632:	; LINE 632
000CAEr 1  rr           	.byte	TOK_VAR_SADDR
000CAFr 1  rr           	makevar	"DUMMY"
000CB0r 1  rr           	.byte	TOK_VAR_LOAD
000CB1r 1  rr           	makevar	"PLAYERINDEX"
000CB2r 1  rr           	.byte	TOK_USHL
000CB3r 1  rr           	.byte	TOK_ADD_VAR
000CB4r 1  rr           	makevar	"PLAYERHAND"
000CB5r 1  rr           	.byte	TOK_DPEEK
000CB6r 1  rr           	.byte	TOK_PUSH_VAR_LOAD
000CB7r 1  rr           	makevar	"A"
000CB8r 1  rr           	.byte	TOK_PUSH_1
000CB9r 1  rr           	.byte	TOK_STR_IDX
000CBAr 1  rr           	.byte	TOK_COPY_STR
000CBBr 1               @FastBasic_LINE_633:	; LINE 633
000CBBr 1  rr           	.byte	TOK_VAR_LOAD
000CBCr 1  rr           	makevar	"DUMMY"
000CBDr 1  rr           	.byte	TOK_PUSH_VAR_LOAD
000CBEr 1  rr           	makevar	"C"
000CBFr 1  rr           	.byte	TOK_INT_STR
000CC0r 1  rr           	.byte	TOK_CMP_STR
000CC1r 1  rr           	.byte	TOK_EQ
000CC2r 1  rr           	.byte	TOK_CJUMP
000CC3r 1  rr rr        	.word	jump_lbl_128
000CC5r 1               @FastBasic_LINE_634:	; LINE 634
000CC5r 1  rr           	.byte	TOK_VAR_LOAD
000CC6r 1  rr           	makevar	"A"
000CC7r 1  rr           	.byte	TOK_PUSH_VAR_LOAD
000CC8r 1  rr           	makevar	"PLAYERINDEX"
000CC9r 1  rr           	.byte	TOK_USHL
000CCAr 1  rr           	.byte	TOK_ADD_VAR
000CCBr 1  rr           	makevar	"PLAYERHAND"
000CCCr 1  rr           	.byte	TOK_DPEEK
000CCDr 1  rr           	.byte	TOK_PEEK
000CCEr 1  rr           	.byte	TOK_EQ
000CCFr 1  rr           	.byte	TOK_CJUMP
000CD0r 1  rr rr        	.word	jump_lbl_129
000CD2r 1               @FastBasic_LINE_635:	; LINE 635
000CD2r 1  rr           	.byte	TOK_VAR_SADDR
000CD3r 1  rr           	makevar	"DUMMY"
000CD4r 1  rr           	.byte	TOK_VAR_LOAD
000CD5r 1  rr           	makevar	"PLAYERINDEX"
000CD6r 1  rr           	.byte	TOK_USHL
000CD7r 1  rr           	.byte	TOK_ADD_VAR
000CD8r 1  rr           	makevar	"PLAYERHAND"
000CD9r 1  rr           	.byte	TOK_DPEEK
000CDAr 1  rr           	.byte	TOK_PUSH_1
000CDBr 1  rr           	.byte	TOK_PUSH_VAR_LOAD
000CDCr 1  rr           	makevar	"PLAYERINDEX"
000CDDr 1  rr           	.byte	TOK_USHL
000CDEr 1  rr           	.byte	TOK_ADD_VAR
000CDFr 1  rr           	makevar	"PLAYERHAND"
000CE0r 1  rr           	.byte	TOK_DPEEK
000CE1r 1  rr           	.byte	TOK_PEEK
000CE2r 1  rr           	.byte	TOK_PUSH_1
000CE3r 1  rr           	.byte	TOK_SUB
000CE4r 1  rr           	.byte	TOK_STR_IDX
000CE5r 1  rr           	.byte	TOK_COPY_STR
000CE6r 1               @FastBasic_LINE_636:	; LINE 636
000CE6r 1  rr           	.byte	TOK_JUMP
000CE7r 1  rr rr        	.word	jump_lbl_127_x
000CE9r 1               jump_lbl_129:
000CE9r 1               @FastBasic_LINE_637:	; LINE 637
000CE9r 1  rr           	.byte	TOK_VAR_SADDR
000CEAr 1  rr           	makevar	"DUMMY"
000CEBr 1  rr           	.byte	TOK_VAR_LOAD
000CECr 1  rr           	makevar	"PLAYERINDEX"
000CEDr 1  rr           	.byte	TOK_USHL
000CEEr 1  rr           	.byte	TOK_ADD_VAR
000CEFr 1  rr           	makevar	"PLAYERHAND"
000CF0r 1  rr           	.byte	TOK_DPEEK
000CF1r 1  rr           	.byte	TOK_PUSH_1
000CF2r 1  rr           	.byte	TOK_PUSH_VAR_LOAD
000CF3r 1  rr           	makevar	"A"
000CF4r 1  rr           	.byte	TOK_PUSH_1
000CF5r 1  rr           	.byte	TOK_SUB
000CF6r 1  rr           	.byte	TOK_STR_IDX
000CF7r 1  rr           	.byte	TOK_COPY_STR
000CF8r 1               @FastBasic_LINE_638:	; LINE 638
000CF8r 1  rr           	.byte	TOK_VAR_SADDR
000CF9r 1  rr           	makevar	"VALUE"
000CFAr 1  rr           	.byte	TOK_VAR_LOAD
000CFBr 1  rr           	makevar	"PLAYERINDEX"
000CFCr 1  rr           	.byte	TOK_USHL
000CFDr 1  rr           	.byte	TOK_ADD_VAR
000CFEr 1  rr           	makevar	"PLAYERHAND"
000CFFr 1  rr           	.byte	TOK_DPEEK
000D00r 1  rr           	.byte	TOK_PUSH_1
000D01r 1  rr           	.byte	TOK_ADD_VAR
000D02r 1  rr           	makevar	"A"
000D03r 1  rr           	.byte	TOK_PUSH_VAR_LOAD
000D04r 1  rr           	makevar	"PLAYERINDEX"
000D05r 1  rr           	.byte	TOK_USHL
000D06r 1  rr           	.byte	TOK_ADD_VAR
000D07r 1  rr           	makevar	"PLAYERHAND"
000D08r 1  rr           	.byte	TOK_DPEEK
000D09r 1  rr           	.byte	TOK_PEEK
000D0Ar 1  rr           	.byte	TOK_STR_IDX
000D0Br 1  rr           	.byte	TOK_COPY_STR
000D0Cr 1               @FastBasic_LINE_639:	; LINE 639
000D0Cr 1  rr           	.byte	TOK_VAR_SADDR
000D0Dr 1  rr           	makevar	"DUMMY"
000D0Er 1  rr           	.byte	TOK_VAR_LOAD
000D0Fr 1  rr           	makevar	"VALUE"
000D10r 1  rr           	.byte	TOK_CAT_STR
000D11r 1               @FastBasic_LINE_641:	; LINE 641
000D11r 1  rr           	.byte	TOK_JUMP
000D12r 1  rr rr        	.word	jump_lbl_127_x
000D14r 1               @FastBasic_LINE_642:	; LINE 642
000D14r 1               jump_lbl_128:
000D14r 1               @FastBasic_LINE_643:	; LINE 643
000D14r 1  rr           	.byte	TOK_FOR_NEXT
000D15r 1  rr           	.byte	TOK_CJUMP
000D16r 1  rr rr        	.word	jump_lbl_127
000D18r 1               jump_lbl_127_x:
000D18r 1  rr           	.byte	TOK_FOR_EXIT
000D19r 1               @FastBasic_LINE_644:	; LINE 644
000D19r 1  rr           	.byte	TOK_VAR_LOAD
000D1Ar 1  rr           	makevar	"PLAYERINDEX"
000D1Br 1  rr           	.byte	TOK_USHL
000D1Cr 1  rr           	.byte	TOK_ADD_VAR
000D1Dr 1  rr           	makevar	"PLAYERHAND"
000D1Er 1  rr           	.byte	TOK_SADDR
000D1Fr 1  rr           	.byte	TOK_VAR_LOAD
000D20r 1  rr           	makevar	"DUMMY"
000D21r 1  rr           	.byte	TOK_COPY_STR
000D22r 1               @FastBasic_LINE_645:	; LINE 645
000D22r 1  rr           	.byte	TOK_VAR_LOAD
000D23r 1  rr           	makevar	"PLAYERINDEX"
000D24r 1  rr           	.byte	TOK_PUSH
000D25r 1  rr           	.byte	TOK_CALL
000D26r 1  rr rr        	.word	fb_lbl_DRAWMAINPLAYERHAND
000D28r 1               @FastBasic_LINE_646:	; LINE 646
000D28r 1               jump_lbl_125:
000D28r 1               @FastBasic_LINE_647:	; LINE 647
000D28r 1  rr           	.byte	TOK_VAR_LOAD
000D29r 1  rr           	makevar	"C"
000D2Ar 1  rr           	.byte	TOK_VAR_STORE
000D2Br 1  rr           	makevar	"CARD"
000D2Cr 1               @FastBasic_LINE_648:	; LINE 648
000D2Cr 1  rr           	.byte	TOK_CALL
000D2Dr 1  rr rr        	.word	fb_lbl_UPDATESCREENBUFFER
000D2Fr 1               @FastBasic_LINE_649:	; LINE 649
000D2Fr 1  rr           	.byte	TOK_BYTE
000D30r 1  14           	.byte	20
000D31r 1  rr           	.byte	TOK_VAR_STORE
000D32r 1  rr           	makevar	"ENDX"
000D33r 1  rr           	.byte	TOK_BYTE
000D34r 1  09           	.byte	9
000D35r 1  rr           	.byte	TOK_VAR_STORE
000D36r 1  rr           	makevar	"ENDY"
000D37r 1               @FastBasic_LINE_650:	; LINE 650
000D37r 1  rr           	.byte	TOK_BYTE
000D38r 1  24           	.byte	36
000D39r 1  rr           	.byte	TOK_VAR_STORE
000D3Ar 1  rr           	makevar	"DX"
000D3Br 1  rr           	.byte	TOK_BYTE
000D3Cr 1  14           	.byte	20
000D3Dr 1  rr           	.byte	TOK_VAR_STORE
000D3Er 1  rr           	makevar	"DY"
000D3Fr 1               @FastBasic_LINE_651:	; LINE 651
000D3Fr 1  rr           	.byte	TOK_1
000D40r 1  rr           	.byte	TOK_NEG
000D41r 1  rr           	.byte	TOK_VAR_STORE
000D42r 1  rr           	makevar	"XCHANGE"
000D43r 1  rr           	.byte	TOK_1
000D44r 1  rr           	.byte	TOK_NEG
000D45r 1  rr           	.byte	TOK_VAR_STORE
000D46r 1  rr           	makevar	"YCHANGE"
000D47r 1               @FastBasic_LINE_652:	; LINE 652
000D47r 1               jump_lbl_131:
000D47r 1               @FastBasic_LINE_653:	; LINE 653
000D47r 1  rr           	.byte	TOK_CALL
000D48r 1  rr rr        	.word	fb_lbl_DRAWBUFFER
000D4Ar 1               @FastBasic_LINE_654:	; LINE 654
000D4Ar 1  rr           	.byte	TOK_VAR_LOAD
000D4Br 1  rr           	makevar	"DX"
000D4Cr 1  rr           	.byte	TOK_PUSH_VAR_LOAD
000D4Dr 1  rr           	makevar	"ENDX"
000D4Er 1  rr           	.byte	TOK_NEQ
000D4Fr 1  rr           	.byte	TOK_CJUMP
000D50r 1  rr rr        	.word	jump_lbl_132
000D52r 1  rr           	.byte	TOK_VAR_LOAD
000D53r 1  rr           	makevar	"DX"
000D54r 1  rr           	.byte	TOK_ADD_VAR
000D55r 1  rr           	makevar	"XCHANGE"
000D56r 1  rr           	.byte	TOK_VAR_STORE
000D57r 1  rr           	makevar	"DX"
000D58r 1               jump_lbl_132:
000D58r 1               @FastBasic_LINE_655:	; LINE 655
000D58r 1  rr           	.byte	TOK_VAR_LOAD
000D59r 1  rr           	makevar	"DY"
000D5Ar 1  rr           	.byte	TOK_PUSH_VAR_LOAD
000D5Br 1  rr           	makevar	"ENDY"
000D5Cr 1  rr           	.byte	TOK_NEQ
000D5Dr 1  rr           	.byte	TOK_CJUMP
000D5Er 1  rr rr        	.word	jump_lbl_133
000D60r 1  rr           	.byte	TOK_VAR_LOAD
000D61r 1  rr           	makevar	"DY"
000D62r 1  rr           	.byte	TOK_ADD_VAR
000D63r 1  rr           	makevar	"YCHANGE"
000D64r 1  rr           	.byte	TOK_VAR_STORE
000D65r 1  rr           	makevar	"DY"
000D66r 1               jump_lbl_133:
000D66r 1               @FastBasic_LINE_656:	; LINE 656
000D66r 1  rr           	.byte	TOK_VAR_LOAD
000D67r 1  rr           	makevar	"DX"
000D68r 1  rr           	.byte	TOK_PUSH_VAR_LOAD
000D69r 1  rr           	makevar	"DY"
000D6Ar 1  rr           	.byte	TOK_PUSH_VAR_LOAD
000D6Br 1  rr           	makevar	"CARD"
000D6Cr 1  rr           	.byte	TOK_PUSH
000D6Dr 1  rr           	.byte	TOK_CALL
000D6Er 1  rr rr        	.word	fb_lbl_DRAWCARD
000D70r 1               @FastBasic_LINE_657:	; LINE 657
000D70r 1  rr           	.byte	TOK_VAR_LOAD
000D71r 1  rr           	makevar	"DX"
000D72r 1  rr           	.byte	TOK_PUSH_VAR_LOAD
000D73r 1  rr           	makevar	"ENDX"
000D74r 1  rr           	.byte	TOK_EQ
000D75r 1  rr           	.byte	TOK_PUSH_VAR_LOAD
000D76r 1  rr           	makevar	"DY"
000D77r 1  rr           	.byte	TOK_PUSH_VAR_LOAD
000D78r 1  rr           	makevar	"ENDY"
000D79r 1  rr           	.byte	TOK_EQ
000D7Ar 1  rr           	.byte	TOK_L_AND
000D7Br 1  rr           	.byte	TOK_CJUMP
000D7Cr 1  rr rr        	.word	jump_lbl_131
000D7Er 1               @FastBasic_LINE_658:	; LINE 658
000D7Er 1  rr           	.byte	TOK_CALL
000D7Fr 1  rr rr        	.word	fb_lbl_UPDATESCREENBUFFER
000D81r 1               @FastBasic_LINE_659:	; LINE 659
000D81r 1  rr           	.byte	TOK_NUM
000D82r 1  rr rr        	.word	SOUND_OFF
000D84r 1  rr           	.byte	TOK_USR_ADDR
000D85r 1  rr           	.byte	TOK_USR_CALL
000D86r 1               @FastBasic_LINE_660:	; LINE 660
000D86r 1  rr           	.byte	TOK_RET
000D87r 1               @FastBasic_LINE_662:	; LINE 662
000D87r 1               	.segment "BYTECODE"
000D87r 1               	.export	fb_lbl_SHOWRESULTS
000D87r 1               fb_lbl_SHOWRESULTS:
000D87r 1               @FastBasic_LINE_663:	; LINE 663
000D87r 1  rr           	.byte	TOK_VAR_STORE_0
000D88r 1  rr           	makevar	"DEALT"
000D89r 1               @FastBasic_LINE_664:	; LINE 664
000D89r 1  rr           	.byte	TOK_CALL
000D8Ar 1  rr rr        	.word	fb_lbl_ENABLEDOUBLEBUFFER
000D8Cr 1               @FastBasic_LINE_665:	; LINE 665
000D8Cr 1  rr           	.byte	TOK_CALL
000D8Dr 1  rr rr        	.word	fb_lbl_RESETSCREEN
000D8Fr 1               @FastBasic_LINE_666:	; LINE 666
000D8Fr 1  rr           	.byte	TOK_BYTE
000D90r 1  02           	.byte	2
000D91r 1  rr           	.byte	TOK_PUSH_0
000D92r 1  rr           	.byte	TOK_PUSH
000D93r 1  rr           	.byte	TOK_CALL
000D94r 1  rr rr        	.word	fb_lbl_POS
000D96r 1  rr           	.byte	TOK_CSTRING
000D97r 1  25 52 4F 55  	.byte	37, "ROUND OVER - PLAYERS HANDS AND SCORES"
000D9Br 1  4E 44 20 4F  
000D9Fr 1  56 45 52 20  
000DBDr 1  rr           	.byte	TOK_PUSH
000DBEr 1  rr           	.byte	TOK_CALL
000DBFr 1  rr rr        	.word	fb_lbl_PRINT
000DC1r 1               @FastBasic_LINE_667:	; LINE 667
000DC1r 1  rr           	.byte	TOK_0
000DC2r 1  rr           	.byte	TOK_PUSH_1
000DC3r 1  rr           	.byte	TOK_PUSH
000DC4r 1  rr           	.byte	TOK_CALL
000DC5r 1  rr rr        	.word	fb_lbl_POS
000DC7r 1  rr           	.byte	TOK_CSTRING
000DC8r 1  28 40 40 40  	.byte	40, "@@@@@@@@@@@@@@@@@@@@@@@@@@@@@@@@@@@@@@@@"
000DCCr 1  40 40 40 40  
000DD0r 1  40 40 40 40  
000DF1r 1  rr           	.byte	TOK_PUSH
000DF2r 1  rr           	.byte	TOK_CALL
000DF3r 1  rr rr        	.word	fb_lbl_PRINTINV
000DF5r 1               @FastBasic_LINE_668:	; LINE 668
000DF5r 1  rr           	.byte	TOK_CALL
000DF6r 1  rr rr        	.word	fb_lbl_DRAWPLAYERSRESULTS
000DF8r 1               @FastBasic_LINE_669:	; LINE 669
000DF8r 1  rr           	.byte	TOK_BYTE
000DF9r 1  07           	.byte	7
000DFAr 1  rr           	.byte	TOK_PUSH_BYTE
000DFBr 1  19           	.byte	25
000DFCr 1  rr           	.byte	TOK_PUSH
000DFDr 1  rr           	.byte	TOK_CALL
000DFEr 1  rr rr        	.word	fb_lbl_POS
000E00r 1  rr           	.byte	TOK_CSTRING
000E01r 1  19 50 52 45  	.byte	25, "PRESS ANY KEY TO CONTINUE"
000E05r 1  53 53 20 41  
000E09r 1  4E 59 20 4B  
000E1Br 1  rr           	.byte	TOK_PUSH
000E1Cr 1  rr           	.byte	TOK_CALL
000E1Dr 1  rr rr        	.word	fb_lbl_PRINT
000E1Fr 1               @FastBasic_LINE_670:	; LINE 670
000E1Fr 1  rr           	.byte	TOK_CALL
000E20r 1  rr rr        	.word	fb_lbl_DRAWBUFFEREND
000E22r 1               @FastBasic_LINE_672:	; LINE 672
000E22r 1  rr           	.byte	TOK_GETKEY
000E23r 1  rr           	.byte	TOK_VAR_STORE
000E24r 1  rr           	makevar	"K"
000E25r 1               @FastBasic_LINE_673:	; LINE 673
000E25r 1  rr           	.byte	TOK_VAR_SADDR
000E26r 1  rr           	makevar	"MOVE"
000E27r 1  rr           	.byte	TOK_CSTRING
000E28r 1  01 52        	.byte	1, "R"
000E2Ar 1  rr           	.byte	TOK_COPY_STR
000E2Br 1               @FastBasic_LINE_674:	; LINE 674
000E2Br 1  rr           	.byte	TOK_CALL
000E2Cr 1  rr rr        	.word	fb_lbl_PLAYMOVE
000E2Er 1               @FastBasic_LINE_675:	; LINE 675
000E2Er 1  rr           	.byte	TOK_BYTE
000E2Fr 1  02           	.byte	2
000E30r 1  rr           	.byte	TOK_PUSH_BYTE
000E31r 1  19           	.byte	25
000E32r 1  rr           	.byte	TOK_PUSH
000E33r 1  rr           	.byte	TOK_CALL
000E34r 1  rr rr        	.word	fb_lbl_POS
000E36r 1  rr           	.byte	TOK_CSTRING
000E37r 1  23 50 4C 45  	.byte	35, "PLEASE WAIT FOR NEXT ROUND TO START"
000E3Br 1  41 53 45 20  
000E3Fr 1  57 41 49 54  
000E5Br 1  rr           	.byte	TOK_PUSH
000E5Cr 1  rr           	.byte	TOK_CALL
000E5Dr 1  rr rr        	.word	fb_lbl_PRINT
000E5Fr 1               @FastBasic_LINE_676:	; LINE 676
000E5Fr 1               jump_lbl_136:
000E5Fr 1               @FastBasic_LINE_677:	; LINE 677
000E5Fr 1  rr           	.byte	TOK_CALL
000E60r 1  rr rr        	.word	fb_lbl_READGAMESTATE
000E62r 1               @FastBasic_LINE_678:	; LINE 678
000E62r 1  rr           	.byte	TOK_VAR_LOAD
000E63r 1  rr           	makevar	"TABLENUMBER"
000E64r 1  rr           	.byte	TOK_USHL
000E65r 1  rr           	.byte	TOK_ADD_VAR
000E66r 1  rr           	makevar	"GAMESTATUS"
000E67r 1  rr           	.byte	TOK_DPEEK
000E68r 1  rr           	.byte	TOK_PUSH_BYTE
000E69r 1  03           	.byte	3
000E6Ar 1  rr           	.byte	TOK_EQ
000E6Br 1  rr           	.byte	TOK_PUSH_VAR_LOAD
000E6Cr 1  rr           	makevar	"TABLENUMBER"
000E6Dr 1  rr           	.byte	TOK_USHL
000E6Er 1  rr           	.byte	TOK_ADD_VAR
000E6Fr 1  rr           	makevar	"GAMESTATUS"
000E70r 1  rr           	.byte	TOK_DPEEK
000E71r 1  rr           	.byte	TOK_PUSH_BYTE
000E72r 1  05           	.byte	5
000E73r 1  rr           	.byte	TOK_EQ
000E74r 1  rr           	.byte	TOK_L_OR
000E75r 1  rr           	.byte	TOK_CJUMP
000E76r 1  rr rr        	.word	jump_lbl_136
000E78r 1               @FastBasic_LINE_679:	; LINE 679
000E78r 1  rr           	.byte	TOK_JUMP
000E79r 1  rr rr        	.word	fb_lbl_DRAWGAMESTATE
000E7Br 1               @FastBasic_LINE_682:	; LINE 682
000E7Br 1               	.segment "BYTECODE"
000E7Br 1               	.export	fb_lbl_SHOWGAMEOVER
000E7Br 1               fb_lbl_SHOWGAMEOVER:
000E7Br 1               @FastBasic_LINE_683:	; LINE 683
000E7Br 1  rr           	.byte	TOK_VAR_LOAD
000E7Cr 1  rr           	makevar	"LEAVETABLEFLAG"
000E7Dr 1  rr           	.byte	TOK_PUSH_1
000E7Er 1  rr           	.byte	TOK_EQ
000E7Fr 1  rr           	.byte	TOK_CNRET
000E80r 1               @FastBasic_LINE_684:	; LINE 684
000E80r 1  rr           	.byte	TOK_CALL
000E81r 1  rr rr        	.word	fb_lbl_ENABLEDOUBLEBUFFER
000E83r 1               @FastBasic_LINE_685:	; LINE 685
000E83r 1  rr           	.byte	TOK_CALL
000E84r 1  rr rr        	.word	fb_lbl_RESETSCREEN
000E86r 1               @FastBasic_LINE_686:	; LINE 686
000E86r 1  rr           	.byte	TOK_BYTE
000E87r 1  02           	.byte	2
000E88r 1  rr           	.byte	TOK_PUSH_0
000E89r 1  rr           	.byte	TOK_PUSH
000E8Ar 1  rr           	.byte	TOK_CALL
000E8Br 1  rr rr        	.word	fb_lbl_POS
000E8Dr 1  rr           	.byte	TOK_CSTRING
000E8Er 1  18 47 41 4D  	.byte	24, "GAME OVER - FINAL SCORES"
000E92r 1  45 20 4F 56  
000E96r 1  45 52 20 2D  
000EA7r 1  rr           	.byte	TOK_PUSH
000EA8r 1  rr           	.byte	TOK_CALL
000EA9r 1  rr rr        	.word	fb_lbl_PRINT
000EABr 1               @FastBasic_LINE_687:	; LINE 687
000EABr 1  rr           	.byte	TOK_0
000EACr 1  rr           	.byte	TOK_PUSH_1
000EADr 1  rr           	.byte	TOK_PUSH
000EAEr 1  rr           	.byte	TOK_CALL
000EAFr 1  rr rr        	.word	fb_lbl_POS
000EB1r 1  rr           	.byte	TOK_CSTRING
000EB2r 1  28 40 40 40  	.byte	40, "@@@@@@@@@@@@@@@@@@@@@@@@@@@@@@@@@@@@@@@@"
000EB6r 1  40 40 40 40  
000EBAr 1  40 40 40 40  
000EDBr 1  rr           	.byte	TOK_PUSH
000EDCr 1  rr           	.byte	TOK_CALL
000EDDr 1  rr rr        	.word	fb_lbl_PRINTINV
000EDFr 1               @FastBasic_LINE_688:	; LINE 688
000EDFr 1  rr           	.byte	TOK_CALL
000EE0r 1  rr rr        	.word	fb_lbl_DRAWFINALRESULTS
000EE2r 1               @FastBasic_LINE_689:	; LINE 689
000EE2r 1  rr           	.byte	TOK_BYTE
000EE3r 1  07           	.byte	7
000EE4r 1  rr           	.byte	TOK_PUSH_BYTE
000EE5r 1  19           	.byte	25
000EE6r 1  rr           	.byte	TOK_PUSH
000EE7r 1  rr           	.byte	TOK_CALL
000EE8r 1  rr rr        	.word	fb_lbl_POS
000EEAr 1  rr           	.byte	TOK_CSTRING
000EEBr 1  19 50 52 45  	.byte	25, "PRESS ANY KEY TO CONTINUE"
000EEFr 1  53 53 20 41  
000EF3r 1  4E 59 20 4B  
000F05r 1  rr           	.byte	TOK_PUSH
000F06r 1  rr           	.byte	TOK_CALL
000F07r 1  rr rr        	.word	fb_lbl_PRINT
000F09r 1               @FastBasic_LINE_690:	; LINE 690
000F09r 1  rr           	.byte	TOK_CALL
000F0Ar 1  rr rr        	.word	fb_lbl_DRAWBUFFEREND
000F0Cr 1               @FastBasic_LINE_692:	; LINE 692
000F0Cr 1  rr           	.byte	TOK_GETKEY
000F0Dr 1  rr           	.byte	TOK_VAR_STORE
000F0Er 1  rr           	makevar	"K"
000F0Fr 1               @FastBasic_LINE_693:	; LINE 693
000F0Fr 1  rr           	.byte	TOK_VAR_SADDR
000F10r 1  rr           	makevar	"MOVE"
000F11r 1  rr           	.byte	TOK_CSTRING
000F12r 1  01 47        	.byte	1, "G"
000F14r 1  rr           	.byte	TOK_COPY_STR
000F15r 1               @FastBasic_LINE_694:	; LINE 694
000F15r 1  rr           	.byte	TOK_CALL
000F16r 1  rr rr        	.word	fb_lbl_PLAYMOVE
000F18r 1               @FastBasic_LINE_695:	; LINE 695
000F18r 1  rr           	.byte	TOK_0
000F19r 1  rr           	.byte	TOK_PUSH_BYTE
000F1Ar 1  19           	.byte	25
000F1Br 1  rr           	.byte	TOK_PUSH
000F1Cr 1  rr           	.byte	TOK_CALL
000F1Dr 1  rr rr        	.word	fb_lbl_POS
000F1Fr 1  rr           	.byte	TOK_CSTRING
000F20r 1  28 50 4C 45  	.byte	40, "PLEASE WAIT RETURNING TO TABLE SELECTION"
000F24r 1  41 53 45 20  
000F28r 1  57 41 49 54  
000F49r 1  rr           	.byte	TOK_PUSH
000F4Ar 1  rr           	.byte	TOK_CALL
000F4Br 1  rr rr        	.word	fb_lbl_PRINT
000F4Dr 1               @FastBasic_LINE_696:	; LINE 696
000F4Dr 1  rr           	.byte	TOK_CALL
000F4Er 1  rr rr        	.word	fb_lbl_READGAMESTATE
000F50r 1               @FastBasic_LINE_697:	; LINE 697
000F50r 1  rr           	.byte	TOK_JUMP
000F51r 1  rr rr        	.word	fb_lbl_READGAMESTATE
000F53r 1               @FastBasic_LINE_700:	; LINE 700
000F53r 1               	.segment "BYTECODE"
000F53r 1               	.export	fb_lbl_ASKSURE
000F53r 1               fb_lbl_ASKSURE:
000F53r 1  rr           	.byte	TOK_POP
000F54r 1  rr           	.byte	TOK_VAR_STORE
000F55r 1  rr           	makevar	"_TYPE"
000F56r 1               @FastBasic_LINE_702:	; LINE 702
000F56r 1  rr           	.byte	TOK_CALL
000F57r 1  rr rr        	.word	fb_lbl_CLEARKEYQUEUE
000F59r 1               @FastBasic_LINE_703:	; LINE 703
000F59r 1  rr           	.byte	TOK_CALL
000F5Ar 1  rr rr        	.word	fb_lbl_ENABLEDOUBLEBUFFER
000F5Cr 1               @FastBasic_LINE_704:	; LINE 704
000F5Cr 1  rr           	.byte	TOK_BYTE
000F5Dr 1  0B           	.byte	11
000F5Er 1  rr           	.byte	TOK_PUSH_BYTE
000F5Fr 1  09           	.byte	9
000F60r 1  rr           	.byte	TOK_PUSH_BYTE
000F61r 1  0F           	.byte	15
000F62r 1  rr           	.byte	TOK_PUSH_BYTE
000F63r 1  04           	.byte	4
000F64r 1  rr           	.byte	TOK_PUSH_BYTE
000F65r 1  80           	.byte	128
000F66r 1  rr           	.byte	TOK_PUSH
000F67r 1  rr           	.byte	TOK_CALL
000F68r 1  rr rr        	.word	fb_lbl_DRAWBORDER
000F6Ar 1               @FastBasic_LINE_705:	; LINE 705
000F6Ar 1  rr           	.byte	TOK_BYTE
000F6Br 1  0E           	.byte	14
000F6Cr 1  rr           	.byte	TOK_VAR_STORE
000F6Dr 1  rr           	makevar	"X"
000F6Er 1  rr           	.byte	TOK_BYTE
000F6Fr 1  09           	.byte	9
000F70r 1  rr           	.byte	TOK_VAR_STORE
000F71r 1  rr           	makevar	"Y"
000F72r 1               @FastBasic_LINE_706:	; LINE 706
000F72r 1  rr           	.byte	TOK_INCVAR
000F73r 1  rr           	makevar	"Y"
000F74r 1  rr           	.byte	TOK_VAR_LOAD
000F75r 1  rr           	makevar	"X"
000F76r 1  rr           	.byte	TOK_PUSH_VAR_LOAD
000F77r 1  rr           	makevar	"Y"
000F78r 1  rr           	.byte	TOK_PUSH
000F79r 1  rr           	.byte	TOK_CSTRING
000F7Ar 1  0C 41 52 45  	.byte	12, "ARE YOU SURE"
000F7Er 1  20 59 4F 55  
000F82r 1  20 53 55 52  
000F87r 1  rr           	.byte	TOK_PUSH
000F88r 1  rr           	.byte	TOK_CALL
000F89r 1  rr rr        	.word	fb_lbl_PRINTAT
000F8Br 1               @FastBasic_LINE_707:	; LINE 707
000F8Br 1  rr           	.byte	TOK_INCVAR
000F8Cr 1  rr           	makevar	"Y"
000F8Dr 1               @FastBasic_LINE_708:	; LINE 708
000F8Dr 1  rr           	.byte	TOK_INCVAR
000F8Er 1  rr           	makevar	"Y"
000F8Fr 1  rr           	.byte	TOK_VAR_LOAD
000F90r 1  rr           	makevar	"X"
000F91r 1  rr           	.byte	TOK_PUSH_VAR_LOAD
000F92r 1  rr           	makevar	"Y"
000F93r 1  rr           	.byte	TOK_PUSH
000F94r 1  rr           	.byte	TOK_CSTRING
000F95r 1  09 20 20 20  	.byte	9, "   Y: YES"
000F99r 1  59 3A 20 59  
000F9Dr 1  45 53        
000F9Fr 1  rr           	.byte	TOK_PUSH
000FA0r 1  rr           	.byte	TOK_CALL
000FA1r 1  rr rr        	.word	fb_lbl_PRINTAT
000FA3r 1               @FastBasic_LINE_709:	; LINE 709
000FA3r 1  rr           	.byte	TOK_INCVAR
000FA4r 1  rr           	makevar	"Y"
000FA5r 1  rr           	.byte	TOK_VAR_LOAD
000FA6r 1  rr           	makevar	"X"
000FA7r 1  rr           	.byte	TOK_PUSH_VAR_LOAD
000FA8r 1  rr           	makevar	"Y"
000FA9r 1  rr           	.byte	TOK_PUSH
000FAAr 1  rr           	.byte	TOK_CSTRING
000FABr 1  08 20 20 20  	.byte	8, "   N: NO"
000FAFr 1  4E 3A 20 4E  
000FB3r 1  4F           
000FB4r 1  rr           	.byte	TOK_PUSH
000FB5r 1  rr           	.byte	TOK_CALL
000FB6r 1  rr rr        	.word	fb_lbl_PRINTAT
000FB8r 1               @FastBasic_LINE_710:	; LINE 710
000FB8r 1  rr           	.byte	TOK_CALL
000FB9r 1  rr rr        	.word	fb_lbl_DRAWBUFFEREND
000FBBr 1               @FastBasic_LINE_711:	; LINE 711
000FBBr 1  rr           	.byte	TOK_GETKEY
000FBCr 1  rr           	.byte	TOK_VAR_STORE
000FBDr 1  rr           	makevar	"K"
000FBEr 1               @FastBasic_LINE_712:	; LINE 712
000FBEr 1  rr           	.byte	TOK_CALL
000FBFr 1  rr rr        	.word	fb_lbl_GOODBEEP
000FC1r 1               @FastBasic_LINE_713:	; LINE 713
000FC1r 1  rr           	.byte	TOK_VAR_LOAD
000FC2r 1  rr           	makevar	"K"
000FC3r 1  rr           	.byte	TOK_PUSH_BYTE
000FC4r 1  59           	.byte	89
000FC5r 1  rr           	.byte	TOK_EQ
000FC6r 1  rr           	.byte	TOK_CJUMP
000FC7r 1  rr rr        	.word	jump_lbl_518
000FC9r 1               @FastBasic_LINE_714:	; LINE 714
000FC9r 1  rr           	.byte	TOK_VAR_LOAD
000FCAr 1  rr           	makevar	"_TYPE"
000FCBr 1  rr           	.byte	TOK_PUSH_1
000FCCr 1  rr           	.byte	TOK_EQ
000FCDr 1  rr           	.byte	TOK_CJUMP
000FCEr 1  rr rr        	.word	jump_lbl_143
000FD0r 1  rr           	.byte	TOK_CALL
000FD1r 1  rr rr        	.word	fb_lbl_LEAVEGAME
000FD3r 1               jump_lbl_143:
000FD3r 1               @FastBasic_LINE_715:	; LINE 715
000FD3r 1  rr           	.byte	TOK_VAR_LOAD
000FD4r 1  rr           	makevar	"_TYPE"
000FD5r 1  rr           	.byte	TOK_PUSH_BYTE
000FD6r 1  02           	.byte	2
000FD7r 1  rr           	.byte	TOK_EQ
000FD8r 1  rr           	.byte	TOK_CRET
000FD9r 1  rr           	.byte	TOK_JUMP
000FDAr 1  rr rr        	.word	fb_lbl_QUITGAME
000FDCr 1               @FastBasic_LINE_722:	; LINE 722
000FDCr 1               	.segment "BYTECODE"
000FDCr 1               	.export	fb_lbl_SETPLAYERNAME
000FDCr 1               fb_lbl_SETPLAYERNAME:
000FDCr 1               @FastBasic_LINE_723:	; LINE 723
000FDCr 1  rr           	.byte	TOK_BYTE
000FDDr 1  0B           	.byte	11
000FDEr 1  rr           	.byte	TOK_PUSH_BYTE
000FDFr 1  09           	.byte	9
000FE0r 1  rr           	.byte	TOK_PUSH_BYTE
000FE1r 1  10           	.byte	16
000FE2r 1  rr           	.byte	TOK_PUSH_BYTE
000FE3r 1  03           	.byte	3
000FE4r 1  rr           	.byte	TOK_PUSH_BYTE
000FE5r 1  80           	.byte	128
000FE6r 1  rr           	.byte	TOK_PUSH
000FE7r 1  rr           	.byte	TOK_CALL
000FE8r 1  rr rr        	.word	fb_lbl_DRAWBORDER
000FEAr 1               @FastBasic_LINE_724:	; LINE 724
000FEAr 1  rr           	.byte	TOK_BYTE
000FEBr 1  0D           	.byte	13
000FECr 1  rr           	.byte	TOK_PUSH_BYTE
000FEDr 1  0A           	.byte	10
000FEEr 1  rr           	.byte	TOK_PUSH
000FEFr 1  rr           	.byte	TOK_CALL
000FF0r 1  rr rr        	.word	fb_lbl_POS
000FF2r 1  rr           	.byte	TOK_CSTRING
000FF3r 1  0F 45 4E 54  	.byte	15, "ENTER YOUR NAME"
000FF7r 1  45 52 20 59  
000FFBr 1  4F 55 52 20  
001003r 1  rr           	.byte	TOK_PUSH
001004r 1  rr           	.byte	TOK_CALL
001005r 1  rr rr        	.word	fb_lbl_PRINT
001007r 1               @FastBasic_LINE_725:	; LINE 725
001007r 1  rr           	.byte	TOK_BYTE
001008r 1  20           	.byte	32
001009r 1  rr           	.byte	TOK_VAR_STORE
00100Ar 1  rr           	makevar	"CURSOR"
00100Br 1               @FastBasic_LINE_726:	; LINE 726
00100Br 1  rr           	.byte	TOK_VAR_STORE_0
00100Cr 1  rr           	makevar	"FRAME"
00100Dr 1               @FastBasic_LINE_727:	; LINE 727
00100Dr 1  rr           	.byte	TOK_BYTE
00100Er 1  0F           	.byte	15
00100Fr 1  rr           	.byte	TOK_PUSH_BYTE
001010r 1  0C           	.byte	12
001011r 1  rr           	.byte	TOK_PUSH
001012r 1  rr           	.byte	TOK_CALL
001013r 1  rr rr        	.word	fb_lbl_POS
001015r 1  rr           	.byte	TOK_VAR_LOAD
001016r 1  rr           	makevar	"MYNAME"
001017r 1  rr           	.byte	TOK_PUSH
001018r 1  rr           	.byte	TOK_CALL
001019r 1  rr rr        	.word	fb_lbl_PRINT
00101Br 1  rr           	.byte	TOK_VAR_LOAD
00101Cr 1  rr           	makevar	"CURSOR"
00101Dr 1  rr           	.byte	TOK_PUSH
00101Er 1  rr           	.byte	TOK_CALL
00101Fr 1  rr rr        	.word	fb_lbl_PRINTBYTE
001021r 1               @FastBasic_LINE_730:	; LINE 730
001021r 1               jump_lbl_148:
001021r 1               @FastBasic_LINE_731:	; LINE 731
001021r 1  rr           	.byte	TOK_NUM
001022r 1  FC 02        	.word	764
001024r 1  rr           	.byte	TOK_PEEK
001025r 1  rr           	.byte	TOK_PUSH_BYTE
001026r 1  FF           	.byte	255
001027r 1  rr           	.byte	TOK_BIT_EXOR
001028r 1  rr           	.byte	TOK_COMP_0
001029r 1  rr           	.byte	TOK_CJUMP
00102Ar 1  rr rr        	.word	jump_lbl_149
00102Cr 1               @FastBasic_LINE_732:	; LINE 732
00102Cr 1  rr           	.byte	TOK_GETKEY
00102Dr 1  rr           	.byte	TOK_VAR_STORE
00102Er 1  rr           	makevar	"K"
00102Fr 1               @FastBasic_LINE_733:	; LINE 733
00102Fr 1  rr           	.byte	TOK_VAR_LOAD
001030r 1  rr           	makevar	"K"
001031r 1  rr           	.byte	TOK_PUSH_BYTE
001032r 1  9B           	.byte	155
001033r 1  rr           	.byte	TOK_EQ
001034r 1  rr           	.byte	TOK_PUSH_VAR_LOAD
001035r 1  rr           	makevar	"MYNAME"
001036r 1  rr           	.byte	TOK_PEEK
001037r 1  rr           	.byte	TOK_PUSH_0
001038r 1  rr           	.byte	TOK_GT
001039r 1  rr           	.byte	TOK_L_AND
00103Ar 1  rr           	.byte	TOK_CNJUMP
00103Br 1  rr rr        	.word	jump_lbl_148_x
00103Dr 1               @FastBasic_LINE_734:	; LINE 734
00103Dr 1  rr           	.byte	TOK_VAR_LOAD
00103Er 1  rr           	makevar	"K"
00103Fr 1  rr           	.byte	TOK_PUSH_BYTE
001040r 1  60           	.byte	96
001041r 1  rr           	.byte	TOK_GT
001042r 1  rr           	.byte	TOK_CJUMP
001043r 1  rr rr        	.word	jump_lbl_151
001045r 1  rr           	.byte	TOK_VAR_LOAD
001046r 1  rr           	makevar	"K"
001047r 1  rr           	.byte	TOK_PUSH_BYTE
001048r 1  20           	.byte	32
001049r 1  rr           	.byte	TOK_SUB
00104Ar 1  rr           	.byte	TOK_VAR_STORE
00104Br 1  rr           	makevar	"K"
00104Cr 1               jump_lbl_151:
00104Cr 1               @FastBasic_LINE_735:	; LINE 735
00104Cr 1  rr           	.byte	TOK_VAR_LOAD
00104Dr 1  rr           	makevar	"K"
00104Er 1  rr           	.byte	TOK_PUSH_BYTE
00104Fr 1  5E           	.byte	94
001050r 1  rr           	.byte	TOK_EQ
001051r 1  rr           	.byte	TOK_PUSH_VAR_LOAD
001052r 1  rr           	makevar	"MYNAME"
001053r 1  rr           	.byte	TOK_PEEK
001054r 1  rr           	.byte	TOK_PUSH_0
001055r 1  rr           	.byte	TOK_GT
001056r 1  rr           	.byte	TOK_L_AND
001057r 1  rr           	.byte	TOK_CJUMP
001058r 1  rr rr        	.word	jump_lbl_152
00105Ar 1               @FastBasic_LINE_736:	; LINE 736
00105Ar 1  rr           	.byte	TOK_VAR_SADDR
00105Br 1  rr           	makevar	"MYNAME"
00105Cr 1  rr           	.byte	TOK_VAR_LOAD
00105Dr 1  rr           	makevar	"MYNAME"
00105Er 1  rr           	.byte	TOK_PUSH_1
00105Fr 1  rr           	.byte	TOK_PUSH_VAR_LOAD
001060r 1  rr           	makevar	"MYNAME"
001061r 1  rr           	.byte	TOK_PEEK
001062r 1  rr           	.byte	TOK_PUSH_1
001063r 1  rr           	.byte	TOK_SUB
001064r 1  rr           	.byte	TOK_STR_IDX
001065r 1  rr           	.byte	TOK_COPY_STR
001066r 1               @FastBasic_LINE_737:	; LINE 737
001066r 1  rr           	.byte	TOK_BYTE
001067r 1  0F           	.byte	15
001068r 1  rr           	.byte	TOK_PUSH_BYTE
001069r 1  0C           	.byte	12
00106Ar 1  rr           	.byte	TOK_PUSH
00106Br 1  rr           	.byte	TOK_CALL
00106Cr 1  rr rr        	.word	fb_lbl_POS
00106Er 1  rr           	.byte	TOK_VAR_LOAD
00106Fr 1  rr           	makevar	"MYNAME"
001070r 1  rr           	.byte	TOK_PUSH
001071r 1  rr           	.byte	TOK_CALL
001072r 1  rr rr        	.word	fb_lbl_PRINT
001074r 1  rr           	.byte	TOK_BYTE
001075r 1  20           	.byte	32
001076r 1  rr           	.byte	TOK_PUSH
001077r 1  rr           	.byte	TOK_CALL
001078r 1  rr rr        	.word	fb_lbl_PRINTBYTE
00107Ar 1  rr           	.byte	TOK_0
00107Br 1  rr           	.byte	TOK_PUSH
00107Cr 1  rr           	.byte	TOK_CALL
00107Dr 1  rr rr        	.word	fb_lbl_PRINTBYTE
00107Fr 1               @FastBasic_LINE_738:	; LINE 738
00107Fr 1               jump_lbl_152:
00107Fr 1               @FastBasic_LINE_739:	; LINE 739
00107Fr 1  rr           	.byte	TOK_VAR_LOAD
001080r 1  rr           	makevar	"K"
001081r 1  rr           	.byte	TOK_PUSH_BYTE
001082r 1  40           	.byte	64
001083r 1  rr           	.byte	TOK_GT
001084r 1  rr           	.byte	TOK_PUSH_VAR_LOAD
001085r 1  rr           	makevar	"K"
001086r 1  rr           	.byte	TOK_PUSH_BYTE
001087r 1  5B           	.byte	91
001088r 1  rr           	.byte	TOK_LT
001089r 1  rr           	.byte	TOK_L_AND
00108Ar 1  rr           	.byte	TOK_PUSH_VAR_LOAD
00108Br 1  rr           	makevar	"K"
00108Cr 1  rr           	.byte	TOK_PUSH_BYTE
00108Dr 1  2F           	.byte	47
00108Er 1  rr           	.byte	TOK_GT
00108Fr 1  rr           	.byte	TOK_PUSH_VAR_LOAD
001090r 1  rr           	makevar	"K"
001091r 1  rr           	.byte	TOK_PUSH_BYTE
001092r 1  3A           	.byte	58
001093r 1  rr           	.byte	TOK_LT
001094r 1  rr           	.byte	TOK_L_AND
001095r 1  rr           	.byte	TOK_L_OR
001096r 1  rr           	.byte	TOK_PUSH_VAR_LOAD
001097r 1  rr           	makevar	"MYNAME"
001098r 1  rr           	.byte	TOK_PEEK
001099r 1  rr           	.byte	TOK_PUSH_BYTE
00109Ar 1  0A           	.byte	10
00109Br 1  rr           	.byte	TOK_LT
00109Cr 1  rr           	.byte	TOK_L_AND
00109Dr 1  rr           	.byte	TOK_CJUMP
00109Er 1  rr rr        	.word	jump_lbl_149
0010A0r 1               @FastBasic_LINE_740:	; LINE 740
0010A0r 1  rr           	.byte	TOK_VAR_SADDR
0010A1r 1  rr           	makevar	"MYNAME"
0010A2r 1  rr           	.byte	TOK_VAR_LOAD
0010A3r 1  rr           	makevar	"K"
0010A4r 1  rr           	.byte	TOK_CHR
0010A5r 1  rr           	.byte	TOK_CAT_STR
0010A6r 1               @FastBasic_LINE_741:	; LINE 741
0010A6r 1  rr           	.byte	TOK_BYTE
0010A7r 1  0F           	.byte	15
0010A8r 1  rr           	.byte	TOK_PUSH_BYTE
0010A9r 1  0C           	.byte	12
0010AAr 1  rr           	.byte	TOK_PUSH
0010ABr 1  rr           	.byte	TOK_CALL
0010ACr 1  rr rr        	.word	fb_lbl_POS
0010AEr 1  rr           	.byte	TOK_VAR_LOAD
0010AFr 1  rr           	makevar	"MYNAME"
0010B0r 1  rr           	.byte	TOK_PUSH
0010B1r 1  rr           	.byte	TOK_CALL
0010B2r 1  rr rr        	.word	fb_lbl_PRINT
0010B4r 1  rr           	.byte	TOK_BYTE
0010B5r 1  20           	.byte	32
0010B6r 1  rr           	.byte	TOK_PUSH
0010B7r 1  rr           	.byte	TOK_CALL
0010B8r 1  rr rr        	.word	fb_lbl_PRINTBYTE
0010BAr 1               @FastBasic_LINE_743:	; LINE 743
0010BAr 1               jump_lbl_149:
0010BAr 1               @FastBasic_LINE_745:	; LINE 745
0010BAr 1  rr           	.byte	TOK_0
0010BBr 1  rr           	.byte	TOK_PAUSE
0010BCr 1               @FastBasic_LINE_746:	; LINE 746
0010BCr 1  rr           	.byte	TOK_INCVAR
0010BDr 1  rr           	makevar	"FRAME"
0010BEr 1               @FastBasic_LINE_747:	; LINE 747
0010BEr 1  rr           	.byte	TOK_VAR_LOAD
0010BFr 1  rr           	makevar	"FRAME"
0010C0r 1  rr           	.byte	TOK_PUSH_BYTE
0010C1r 1  28           	.byte	40
0010C2r 1  rr           	.byte	TOK_EQ
0010C3r 1  rr           	.byte	TOK_CJUMP
0010C4r 1  rr rr        	.word	jump_lbl_148
0010C6r 1               @FastBasic_LINE_748:	; LINE 748
0010C6r 1  rr           	.byte	TOK_VAR_STORE_0
0010C7r 1  rr           	makevar	"FRAME"
0010C8r 1               @FastBasic_LINE_749:	; LINE 749
0010C8r 1  rr           	.byte	TOK_VAR_LOAD
0010C9r 1  rr           	makevar	"CURSOR"
0010CAr 1  rr           	.byte	TOK_PUSH_BYTE
0010CBr 1  20           	.byte	32
0010CCr 1  rr           	.byte	TOK_EQ
0010CDr 1  rr           	.byte	TOK_CJUMP
0010CEr 1  rr rr        	.word	jump_lbl_155
0010D0r 1               @FastBasic_LINE_750:	; LINE 750
0010D0r 1  rr           	.byte	TOK_BYTE
0010D1r 1  A0           	.byte	160
0010D2r 1  rr           	.byte	TOK_VAR_STORE
0010D3r 1  rr           	makevar	"CURSOR"
0010D4r 1               @FastBasic_LINE_751:	; LINE 751
0010D4r 1  rr           	.byte	TOK_JUMP
0010D5r 1  rr rr        	.word	jump_lbl_156
0010D7r 1               jump_lbl_155:
0010D7r 1               @FastBasic_LINE_752:	; LINE 752
0010D7r 1  rr           	.byte	TOK_BYTE
0010D8r 1  20           	.byte	32
0010D9r 1  rr           	.byte	TOK_VAR_STORE
0010DAr 1  rr           	makevar	"CURSOR"
0010DBr 1               @FastBasic_LINE_753:	; LINE 753
0010DBr 1               jump_lbl_156:
0010DBr 1               @FastBasic_LINE_754:	; LINE 754
0010DBr 1  rr           	.byte	TOK_BYTE
0010DCr 1  0F           	.byte	15
0010DDr 1  rr           	.byte	TOK_PUSH_VAR_LOAD
0010DEr 1  rr           	makevar	"MYNAME"
0010DFr 1  rr           	.byte	TOK_PEEK
0010E0r 1  rr           	.byte	TOK_ADD
0010E1r 1  rr           	.byte	TOK_PUSH_BYTE
0010E2r 1  0C           	.byte	12
0010E3r 1  rr           	.byte	TOK_PUSH
0010E4r 1  rr           	.byte	TOK_CALL
0010E5r 1  rr rr        	.word	fb_lbl_POS
0010E7r 1  rr           	.byte	TOK_VAR_LOAD
0010E8r 1  rr           	makevar	"CURSOR"
0010E9r 1  rr           	.byte	TOK_PUSH
0010EAr 1  rr           	.byte	TOK_CALL
0010EBr 1  rr rr        	.word	fb_lbl_PRINTBYTE
0010EDr 1               @FastBasic_LINE_756:	; LINE 756
0010EDr 1  rr           	.byte	TOK_JUMP
0010EEr 1  rr rr        	.word	jump_lbl_148
0010F0r 1               jump_lbl_148_x:
0010F0r 1               @FastBasic_LINE_759:	; LINE 759
0010F0r 1  rr           	.byte	TOK_VAR_LOAD
0010F1r 1  rr           	makevar	"AK_LOBBY_CREATOR_ID"
0010F2r 1  rr           	.byte	TOK_PUSH_VAR_LOAD
0010F3r 1  rr           	makevar	"AK_LOBBY_APP_ID"
0010F4r 1  rr           	.byte	TOK_PUSH_VAR_LOAD
0010F5r 1  rr           	makevar	"AK_LOBBY_KEY_USERNAME"
0010F6r 1  rr           	.byte	TOK_PUSH_VAR_LOAD
0010F7r 1  rr           	makevar	"MYNAME"
0010F8r 1  rr           	.byte	TOK_PUSH
0010F9r 1  rr           	.byte	TOK_JUMP
0010FAr 1  rr rr        	.word	fb_lbl_NWRITEAPPKEY
0010FCr 1               @FastBasic_LINE_763:	; LINE 763
0010FCr 1               	.segment "BYTECODE"
0010FCr 1               	.export	fb_lbl_DISPLAYHELPDIALOG
0010FCr 1               fb_lbl_DISPLAYHELPDIALOG:
0010FCr 1               @FastBasic_LINE_764:	; LINE 764
0010FCr 1  rr           	.byte	TOK_CALL
0010FDr 1  rr rr        	.word	fb_lbl_CLEARKEYQUEUE
0010FFr 1               @FastBasic_LINE_765:	; LINE 765
0010FFr 1  rr           	.byte	TOK_CALL
001100r 1  rr rr        	.word	fb_lbl_ENABLEDOUBLEBUFFER
001102r 1               @FastBasic_LINE_766:	; LINE 766
001102r 1  rr           	.byte	TOK_BYTE
001103r 1  09           	.byte	9
001104r 1  rr           	.byte	TOK_PUSH_BYTE
001105r 1  05           	.byte	5
001106r 1  rr           	.byte	TOK_PUSH_BYTE
001107r 1  13           	.byte	19
001108r 1  rr           	.byte	TOK_PUSH_BYTE
001109r 1  0D           	.byte	13
00110Ar 1  rr           	.byte	TOK_PUSH_0
00110Br 1  rr           	.byte	TOK_PUSH
00110Cr 1  rr           	.byte	TOK_CALL
00110Dr 1  rr rr        	.word	fb_lbl_DRAWBORDER
00110Fr 1               @FastBasic_LINE_767:	; LINE 767
00110Fr 1  rr           	.byte	TOK_BYTE
001110r 1  0D           	.byte	13
001111r 1  rr           	.byte	TOK_VAR_STORE
001112r 1  rr           	makevar	"X"
001113r 1  rr           	.byte	TOK_BYTE
001114r 1  06           	.byte	6
001115r 1  rr           	.byte	TOK_VAR_STORE
001116r 1  rr           	makevar	"Y"
001117r 1               @FastBasic_LINE_768:	; LINE 768
001117r 1  rr           	.byte	TOK_INCVAR
001118r 1  rr           	makevar	"Y"
001119r 1  rr           	.byte	TOK_VAR_LOAD
00111Ar 1  rr           	makevar	"X"
00111Br 1  rr           	.byte	TOK_PUSH_VAR_LOAD
00111Cr 1  rr           	makevar	"Y"
00111Dr 1  rr           	.byte	TOK_PUSH
00111Er 1  rr           	.byte	TOK_CSTRING
00111Fr 1  0F 51 3A 20  	.byte	15, "Q: QUIT PROGRAM"
001123r 1  51 55 49 54  
001127r 1  20 50 52 4F  
00112Fr 1  rr           	.byte	TOK_PUSH
001130r 1  rr           	.byte	TOK_CALL
001131r 1  rr rr        	.word	fb_lbl_PRINTAT
001133r 1               @FastBasic_LINE_769:	; LINE 769
001133r 1  rr           	.byte	TOK_INCVAR
001134r 1  rr           	makevar	"Y"
001135r 1               @FastBasic_LINE_770:	; LINE 770
001135r 1  rr           	.byte	TOK_INCVAR
001136r 1  rr           	makevar	"Y"
001137r 1  rr           	.byte	TOK_VAR_LOAD
001138r 1  rr           	makevar	"X"
001139r 1  rr           	.byte	TOK_PUSH_VAR_LOAD
00113Ar 1  rr           	makevar	"Y"
00113Br 1  rr           	.byte	TOK_PUSH
00113Cr 1  rr           	.byte	TOK_CSTRING
00113Dr 1  0E 48 3A 20  	.byte	14, "H: HOW TO PLAY"
001141r 1  48 4F 57 20  
001145r 1  54 4F 20 50  
00114Cr 1  rr           	.byte	TOK_PUSH
00114Dr 1  rr           	.byte	TOK_CALL
00114Er 1  rr rr        	.word	fb_lbl_PRINTAT
001150r 1               @FastBasic_LINE_771:	; LINE 771
001150r 1  rr           	.byte	TOK_INCVAR
001151r 1  rr           	makevar	"Y"
001152r 1               @FastBasic_LINE_772:	; LINE 772
001152r 1  rr           	.byte	TOK_INCVAR
001153r 1  rr           	makevar	"Y"
001154r 1  rr           	.byte	TOK_VAR_LOAD
001155r 1  rr           	makevar	"X"
001156r 1  rr           	.byte	TOK_PUSH_VAR_LOAD
001157r 1  rr           	makevar	"Y"
001158r 1  rr           	.byte	TOK_PUSH
001159r 1  rr           	.byte	TOK_CSTRING
00115Ar 1  0E 43 3A 20  	.byte	14, "C: TABLE COLOR"
00115Er 1  54 41 42 4C  
001162r 1  45 20 43 4F  
001169r 1  rr           	.byte	TOK_PUSH
00116Ar 1  rr           	.byte	TOK_CALL
00116Br 1  rr rr        	.word	fb_lbl_PRINTAT
00116Dr 1               @FastBasic_LINE_773:	; LINE 773
00116Dr 1  rr           	.byte	TOK_INCVAR
00116Er 1  rr           	makevar	"Y"
00116Fr 1               @FastBasic_LINE_774:	; LINE 774
00116Fr 1  rr           	.byte	TOK_VAR_LOAD
001170r 1  rr           	makevar	"TABLENUMBER"
001171r 1  rr           	.byte	TOK_USHL
001172r 1  rr           	.byte	TOK_ADD_VAR
001173r 1  rr           	makevar	"GAMESTATUS"
001174r 1  rr           	.byte	TOK_DPEEK
001175r 1  rr           	.byte	TOK_COMP_0
001176r 1  rr           	.byte	TOK_CJUMP
001177r 1  rr rr        	.word	jump_lbl_159
001179r 1               @FastBasic_LINE_775:	; LINE 775
001179r 1  rr           	.byte	TOK_INCVAR
00117Ar 1  rr           	makevar	"Y"
00117Br 1  rr           	.byte	TOK_VAR_LOAD
00117Cr 1  rr           	makevar	"X"
00117Dr 1  rr           	.byte	TOK_PUSH_VAR_LOAD
00117Er 1  rr           	makevar	"Y"
00117Fr 1  rr           	.byte	TOK_PUSH
001180r 1  rr           	.byte	TOK_CSTRING
001181r 1  0E 45 3A 20  	.byte	14, "E: LEAVE TABLE"
001185r 1  4C 45 41 56  
001189r 1  45 20 54 41  
001190r 1  rr           	.byte	TOK_PUSH
001191r 1  rr           	.byte	TOK_CALL
001192r 1  rr rr        	.word	fb_lbl_PRINTAT
001194r 1               @FastBasic_LINE_776:	; LINE 776
001194r 1  rr           	.byte	TOK_INCVAR
001195r 1  rr           	makevar	"Y"
001196r 1               @FastBasic_LINE_777:	; LINE 777
001196r 1               jump_lbl_159:
001196r 1               @FastBasic_LINE_778:	; LINE 778
001196r 1  rr           	.byte	TOK_VAR_LOAD
001197r 1  rr           	makevar	"TABLENUMBER"
001198r 1  rr           	.byte	TOK_USHL
001199r 1  rr           	.byte	TOK_ADD_VAR
00119Ar 1  rr           	makevar	"GAMESTATUS"
00119Br 1  rr           	.byte	TOK_DPEEK
00119Cr 1  rr           	.byte	TOK_COMP_0
00119Dr 1  rr           	.byte	TOK_CNJUMP
00119Er 1  rr rr        	.word	jump_lbl_160
0011A0r 1               @FastBasic_LINE_779:	; LINE 779
0011A0r 1  rr           	.byte	TOK_INCVAR
0011A1r 1  rr           	makevar	"Y"
0011A2r 1  rr           	.byte	TOK_VAR_LOAD
0011A3r 1  rr           	makevar	"X"
0011A4r 1  rr           	.byte	TOK_PUSH_VAR_LOAD
0011A5r 1  rr           	makevar	"Y"
0011A6r 1  rr           	.byte	TOK_PUSH
0011A7r 1  rr           	.byte	TOK_CSTRING
0011A8r 1  0E 4E 3A 20  	.byte	14, "N: CHANGE NAME"
0011ACr 1  43 48 41 4E  
0011B0r 1  47 45 20 4E  
0011B7r 1  rr           	.byte	TOK_PUSH
0011B8r 1  rr           	.byte	TOK_CALL
0011B9r 1  rr rr        	.word	fb_lbl_PRINTAT
0011BBr 1               @FastBasic_LINE_780:	; LINE 780
0011BBr 1               jump_lbl_160:
0011BBr 1               @FastBasic_LINE_781:	; LINE 781
0011BBr 1  rr           	.byte	TOK_INCVAR
0011BCr 1  rr           	makevar	"Y"
0011BDr 1               @FastBasic_LINE_782:	; LINE 782
0011BDr 1  rr           	.byte	TOK_INCVAR
0011BEr 1  rr           	makevar	"Y"
0011BFr 1  rr           	.byte	TOK_VAR_LOAD
0011C0r 1  rr           	makevar	"X"
0011C1r 1  rr           	.byte	TOK_PUSH_VAR_LOAD
0011C2r 1  rr           	makevar	"Y"
0011C3r 1  rr           	.byte	TOK_PUSH
0011C4r 1  rr           	.byte	TOK_CSTRING
0011C5r 1  0E 52 45 54  	.byte	14, "RETURN: RETURN"
0011C9r 1  55 52 4E 3A  
0011CDr 1  20 52 45 54  
0011D4r 1  rr           	.byte	TOK_PUSH
0011D5r 1  rr           	.byte	TOK_CALL
0011D6r 1  rr rr        	.word	fb_lbl_PRINTAT
0011D8r 1               @FastBasic_LINE_784:	; LINE 784
0011D8r 1  rr           	.byte	TOK_CALL
0011D9r 1  rr rr        	.word	fb_lbl_DRAWBUFFEREND
0011DBr 1               @FastBasic_LINE_785:	; LINE 785
0011DBr 1               jump_lbl_161:
0011DBr 1               @FastBasic_LINE_786:	; LINE 786
0011DBr 1  rr           	.byte	TOK_GETKEY
0011DCr 1  rr           	.byte	TOK_VAR_STORE
0011DDr 1  rr           	makevar	"K"
0011DEr 1               @FastBasic_LINE_787:	; LINE 787
0011DEr 1  rr           	.byte	TOK_VAR_LOAD
0011DFr 1  rr           	makevar	"K"
0011E0r 1  rr           	.byte	TOK_PUSH_BYTE
0011E1r 1  43           	.byte	67
0011E2r 1  rr           	.byte	TOK_EQ
0011E3r 1  rr           	.byte	TOK_CJUMP
0011E4r 1  rr rr        	.word	jump_lbl_162
0011E6r 1               @FastBasic_LINE_788:	; LINE 788
0011E6r 1  rr           	.byte	TOK_CALL
0011E7r 1  rr rr        	.word	fb_lbl_CYCLECOLORTHEME
0011E9r 1               @FastBasic_LINE_789:	; LINE 789
0011E9r 1  rr           	.byte	TOK_VAR_STORE_0
0011EAr 1  rr           	makevar	"K"
0011EBr 1               @FastBasic_LINE_790:	; LINE 790
0011EBr 1  rr           	.byte	TOK_JUMP
0011ECr 1  rr rr        	.word	jump_lbl_163
0011EEr 1               jump_lbl_162:
0011EEr 1  rr           	.byte	TOK_VAR_LOAD
0011EFr 1  rr           	makevar	"K"
0011F0r 1  rr           	.byte	TOK_PUSH_BYTE
0011F1r 1  48           	.byte	72
0011F2r 1  rr           	.byte	TOK_EQ
0011F3r 1  rr           	.byte	TOK_CJUMP
0011F4r 1  rr rr        	.word	jump_lbl_164
0011F6r 1               @FastBasic_LINE_791:	; LINE 791
0011F6r 1  rr           	.byte	TOK_CALL
0011F7r 1  rr rr        	.word	fb_lbl_VIEWHOWTOPLAY
0011F9r 1               @FastBasic_LINE_792:	; LINE 792
0011F9r 1  rr           	.byte	TOK_JUMP
0011FAr 1  rr rr        	.word	jump_lbl_163
0011FCr 1               jump_lbl_164:
0011FCr 1  rr           	.byte	TOK_VAR_LOAD
0011FDr 1  rr           	makevar	"K"
0011FEr 1  rr           	.byte	TOK_PUSH_BYTE
0011FFr 1  4E           	.byte	78
001200r 1  rr           	.byte	TOK_EQ
001201r 1  rr           	.byte	TOK_PUSH_VAR_LOAD
001202r 1  rr           	makevar	"TABLENUMBER"
001203r 1  rr           	.byte	TOK_USHL
001204r 1  rr           	.byte	TOK_ADD_VAR
001205r 1  rr           	makevar	"GAMESTATUS"
001206r 1  rr           	.byte	TOK_DPEEK
001207r 1  rr           	.byte	TOK_COMP_0
001208r 1  rr           	.byte	TOK_L_NOT
001209r 1  rr           	.byte	TOK_L_AND
00120Ar 1  rr           	.byte	TOK_CJUMP
00120Br 1  rr rr        	.word	jump_lbl_166
00120Dr 1               @FastBasic_LINE_793:	; LINE 793
00120Dr 1  rr           	.byte	TOK_CALL
00120Er 1  rr rr        	.word	fb_lbl_SETPLAYERNAME
001210r 1               @FastBasic_LINE_794:	; LINE 794
001210r 1  rr           	.byte	TOK_CALL
001211r 1  rr rr        	.word	fb_lbl_DISPLAYHELPDIALOG
001213r 1               @FastBasic_LINE_795:	; LINE 795
001213r 1  rr           	.byte	TOK_JUMP
001214r 1  rr rr        	.word	jump_lbl_163
001216r 1               jump_lbl_166:
001216r 1  rr           	.byte	TOK_VAR_LOAD
001217r 1  rr           	makevar	"K"
001218r 1  rr           	.byte	TOK_PUSH_BYTE
001219r 1  45           	.byte	69
00121Ar 1  rr           	.byte	TOK_EQ
00121Br 1  rr           	.byte	TOK_PUSH_VAR_LOAD
00121Cr 1  rr           	makevar	"TABLENUMBER"
00121Dr 1  rr           	.byte	TOK_USHL
00121Er 1  rr           	.byte	TOK_ADD_VAR
00121Fr 1  rr           	makevar	"GAMESTATUS"
001220r 1  rr           	.byte	TOK_DPEEK
001221r 1  rr           	.byte	TOK_COMP_0
001222r 1  rr           	.byte	TOK_L_AND
001223r 1  rr           	.byte	TOK_CJUMP
001224r 1  rr rr        	.word	jump_lbl_168
001226r 1               @FastBasic_LINE_796:	; LINE 796
001226r 1  rr           	.byte	TOK_1
001227r 1  rr           	.byte	TOK_PUSH
001228r 1  rr           	.byte	TOK_CALL
001229r 1  rr rr        	.word	fb_lbl_ASKSURE
00122Br 1               @FastBasic_LINE_797:	; LINE 797
00122Br 1  rr           	.byte	TOK_CALL
00122Cr 1  rr rr        	.word	fb_lbl_DISPLAYHELPDIALOG
00122Er 1               @FastBasic_LINE_798:	; LINE 798
00122Er 1  rr           	.byte	TOK_JUMP
00122Fr 1  rr rr        	.word	jump_lbl_163
001231r 1               jump_lbl_168:
001231r 1  rr           	.byte	TOK_VAR_LOAD
001232r 1  rr           	makevar	"K"
001233r 1  rr           	.byte	TOK_PUSH_BYTE
001234r 1  51           	.byte	81
001235r 1  rr           	.byte	TOK_EQ
001236r 1  rr           	.byte	TOK_CJUMP
001237r 1  rr rr        	.word	jump_lbl_163
001239r 1               @FastBasic_LINE_799:	; LINE 799
001239r 1  rr           	.byte	TOK_BYTE
00123Ar 1  02           	.byte	2
00123Br 1  rr           	.byte	TOK_PUSH
00123Cr 1  rr           	.byte	TOK_CALL
00123Dr 1  rr rr        	.word	fb_lbl_ASKSURE
00123Fr 1               @FastBasic_LINE_800:	; LINE 800
00123Fr 1  rr           	.byte	TOK_CALL
001240r 1  rr rr        	.word	fb_lbl_DISPLAYHELPDIALOG
001242r 1               @FastBasic_LINE_801:	; LINE 801
001242r 1               jump_lbl_163:
001242r 1               @FastBasic_LINE_804:	; LINE 804
001242r 1  rr           	.byte	TOK_VAR_LOAD
001243r 1  rr           	makevar	"K"
001244r 1  rr           	.byte	TOK_PUSH_BYTE
001245r 1  1B           	.byte	27
001246r 1  rr           	.byte	TOK_EQ
001247r 1  rr           	.byte	TOK_PUSH_VAR_LOAD
001248r 1  rr           	makevar	"K"
001249r 1  rr           	.byte	TOK_PUSH_BYTE
00124Ar 1  20           	.byte	32
00124Br 1  rr           	.byte	TOK_EQ
00124Cr 1  rr           	.byte	TOK_L_OR
00124Dr 1  rr           	.byte	TOK_PUSH_VAR_LOAD
00124Er 1  rr           	makevar	"K"
00124Fr 1  rr           	.byte	TOK_PUSH_BYTE
001250r 1  9B           	.byte	155
001251r 1  rr           	.byte	TOK_EQ
001252r 1  rr           	.byte	TOK_L_OR
001253r 1  rr           	.byte	TOK_PUSH_NUM
001254r 1  84 02        	.word	644
001256r 1  rr           	.byte	TOK_PEEK
001257r 1  rr           	.byte	TOK_COMP_0
001258r 1  rr           	.byte	TOK_L_OR
001259r 1  rr           	.byte	TOK_CNRET
00125Ar 1               @FastBasic_LINE_805:	; LINE 805
00125Ar 1  rr           	.byte	TOK_BYTE
00125Br 1  0A           	.byte	10
00125Cr 1  rr           	.byte	TOK_PUSH_BYTE
00125Dr 1  18           	.byte	24
00125Er 1  rr           	.byte	TOK_PUSH_VAR_LOAD
00125Fr 1  rr           	makevar	"K"
001260r 1  rr           	.byte	TOK_PUSH
001261r 1  rr           	.byte	TOK_CALL
001262r 1  rr rr        	.word	fb_lbl_PRINTAT
001264r 1               @FastBasic_LINE_806:	; LINE 806
001264r 1  rr           	.byte	TOK_VAR_LOAD
001265r 1  rr           	makevar	"K"
001266r 1  rr           	.byte	TOK_PUSH_BYTE
001267r 1  9B           	.byte	155
001268r 1  rr           	.byte	TOK_EQ
001269r 1  rr           	.byte	TOK_CJUMP
00126Ar 1  rr rr        	.word	jump_lbl_161
00126Cr 1               @FastBasic_LINE_807:	; LINE 807
00126Cr 1  rr           	.byte	TOK_RET
00126Dr 1               @FastBasic_LINE_809:	; LINE 809
00126Dr 1               	.segment "BYTECODE"
00126Dr 1               	.export	fb_lbl_VIEWHOWTOPLAY
00126Dr 1               fb_lbl_VIEWHOWTOPLAY:
00126Dr 1               @FastBasic_LINE_811:	; LINE 811
00126Dr 1  rr           	.byte	TOK_CALL
00126Er 1  rr rr        	.word	fb_lbl_ENABLEDOUBLEBUFFER
001270r 1               @FastBasic_LINE_812:	; LINE 812
001270r 1  rr           	.byte	TOK_CALL
001271r 1  rr rr        	.word	fb_lbl_RESETSCREEN
001273r 1               @FastBasic_LINE_813:	; LINE 813
001273r 1  rr           	.byte	TOK_BYTE
001274r 1  0A           	.byte	10
001275r 1  rr           	.byte	TOK_PUSH_1
001276r 1  rr           	.byte	TOK_PUSH
001277r 1  rr           	.byte	TOK_CALL
001278r 1  rr rr        	.word	fb_lbl_POS
00127Ar 1  rr           	.byte	TOK_CSTRING
00127Br 1  17 54 48 45  	.byte	23, "THE LLAMA COMMANDS YOU:"
00127Fr 1  20 4C 4C 41  
001283r 1  4D 41 20 43  
001293r 1  rr           	.byte	TOK_PUSH
001294r 1  rr           	.byte	TOK_CALL
001295r 1  rr rr        	.word	fb_lbl_PRINT
001297r 1               @FastBasic_LINE_814:	; LINE 814
001297r 1  rr           	.byte	TOK_1
001298r 1  rr           	.byte	TOK_PUSH_0
001299r 1  rr           	.byte	TOK_PUSH_BYTE
00129Ar 1  07           	.byte	7
00129Br 1  rr           	.byte	TOK_PUSH
00129Cr 1  rr           	.byte	TOK_CALL
00129Dr 1  rr rr        	.word	fb_lbl_DRAWCARD
00129Fr 1  rr           	.byte	TOK_BYTE
0012A0r 1  24           	.byte	36
0012A1r 1  rr           	.byte	TOK_PUSH_0
0012A2r 1  rr           	.byte	TOK_PUSH_BYTE
0012A3r 1  08           	.byte	8
0012A4r 1  rr           	.byte	TOK_PUSH
0012A5r 1  rr           	.byte	TOK_CALL
0012A6r 1  rr rr        	.word	fb_lbl_DRAWCARD
0012A8r 1               @FastBasic_LINE_815:	; LINE 815
0012A8r 1  rr           	.byte	TOK_BYTE
0012A9r 1  04           	.byte	4
0012AAr 1  rr           	.byte	TOK_PUSH_BYTE
0012ABr 1  02           	.byte	2
0012ACr 1  rr           	.byte	TOK_PUSH
0012ADr 1  rr           	.byte	TOK_CALL
0012AEr 1  rr rr        	.word	fb_lbl_POS
0012B0r 1  rr           	.byte	TOK_CSTRING
0012B1r 1  20 40 40 40  	.byte	32, "@@@@@@@@@@@@@@@@@@@@@@@@@@@@@@@@"
0012B5r 1  40 40 40 40  
0012B9r 1  40 40 40 40  
0012D2r 1  rr           	.byte	TOK_PUSH
0012D3r 1  rr           	.byte	TOK_CALL
0012D4r 1  rr rr        	.word	fb_lbl_PRINTINV
0012D6r 1               @FastBasic_LINE_816:	; LINE 816
0012D6r 1  rr           	.byte	TOK_BYTE
0012D7r 1  02           	.byte	2
0012D8r 1  rr           	.byte	TOK_VAR_STORE
0012D9r 1  rr           	makevar	"Y"
0012DAr 1               @FastBasic_LINE_817:	; LINE 817
0012DAr 1  rr           	.byte	TOK_INCVAR
0012DBr 1  rr           	makevar	"Y"
0012DCr 1  rr           	.byte	TOK_BYTE
0012DDr 1  06           	.byte	6
0012DEr 1  rr           	.byte	TOK_PUSH_VAR_LOAD
0012DFr 1  rr           	makevar	"Y"
0012E0r 1  rr           	.byte	TOK_PUSH
0012E1r 1  rr           	.byte	TOK_CSTRING
0012E2r 1  1D 47 45 54  	.byte	29, "GET RID OF YOUR POINTS TO WIN"
0012E6r 1  20 52 49 44  
0012EAr 1  20 4F 46 20  
001300r 1  rr           	.byte	TOK_PUSH
001301r 1  rr           	.byte	TOK_CALL
001302r 1  rr rr        	.word	fb_lbl_PRINTAT
001304r 1               @FastBasic_LINE_818:	; LINE 818
001304r 1  rr           	.byte	TOK_INCVAR
001305r 1  rr           	makevar	"Y"
001306r 1  rr           	.byte	TOK_1
001307r 1  rr           	.byte	TOK_PUSH_VAR_LOAD
001308r 1  rr           	makevar	"Y"
001309r 1  rr           	.byte	TOK_PUSH
00130Ar 1  rr           	.byte	TOK_CSTRING
00130Br 1  26 50 4C 41  	.byte	38, "PLAY ALL YOUR CARDS OR YOU EARN POINTS"
00130Fr 1  59 20 41 4C  
001313r 1  4C 20 59 4F  
001332r 1  rr           	.byte	TOK_PUSH
001333r 1  rr           	.byte	TOK_CALL
001334r 1  rr rr        	.word	fb_lbl_PRINTAT
001336r 1               @FastBasic_LINE_819:	; LINE 819
001336r 1  rr           	.byte	TOK_INCVAR
001337r 1  rr           	makevar	"Y"
001338r 1  rr           	.byte	TOK_BYTE
001339r 1  02           	.byte	2
00133Ar 1  rr           	.byte	TOK_PUSH_VAR_LOAD
00133Br 1  rr           	makevar	"Y"
00133Cr 1  rr           	.byte	TOK_PUSH
00133Dr 1  rr           	.byte	TOK_CSTRING
00133Er 1  24 49 46 20  	.byte	36, "IF YOU CAN NOT PLAY A CARD, YOU WILL"
001342r 1  59 4F 55 20  
001346r 1  43 41 4E 20  
001363r 1  rr           	.byte	TOK_PUSH
001364r 1  rr           	.byte	TOK_CALL
001365r 1  rr rr        	.word	fb_lbl_PRINTAT
001367r 1               @FastBasic_LINE_820:	; LINE 820
001367r 1  rr           	.byte	TOK_INCVAR
001368r 1  rr           	makevar	"Y"
001369r 1  rr           	.byte	TOK_1
00136Ar 1  rr           	.byte	TOK_PUSH_VAR_LOAD
00136Br 1  rr           	makevar	"Y"
00136Cr 1  rr           	.byte	TOK_PUSH
00136Dr 1  rr           	.byte	TOK_CSTRING
00136Er 1  26 48 41 56  	.byte	38, "HAVE TO DECIDE EITHER, DO YOU FOLD, OR"
001372r 1  45 20 54 4F  
001376r 1  20 44 45 43  
001395r 1  rr           	.byte	TOK_PUSH
001396r 1  rr           	.byte	TOK_CALL
001397r 1  rr rr        	.word	fb_lbl_PRINTAT
001399r 1               @FastBasic_LINE_821:	; LINE 821
001399r 1  rr           	.byte	TOK_INCVAR
00139Ar 1  rr           	makevar	"Y"
00139Br 1  rr           	.byte	TOK_BYTE
00139Cr 1  06           	.byte	6
00139Dr 1  rr           	.byte	TOK_PUSH_VAR_LOAD
00139Er 1  rr           	makevar	"Y"
00139Fr 1  rr           	.byte	TOK_PUSH
0013A0r 1  rr           	.byte	TOK_CSTRING
0013A1r 1  1B 44 52 41  	.byte	27, "DRAW A CARD WHICH HOPEFULLY"
0013A5r 1  57 20 41 20  
0013A9r 1  43 41 52 44  
0013BDr 1  rr           	.byte	TOK_PUSH
0013BEr 1  rr           	.byte	TOK_CALL
0013BFr 1  rr rr        	.word	fb_lbl_PRINTAT
0013C1r 1               @FastBasic_LINE_822:	; LINE 822
0013C1r 1  rr           	.byte	TOK_INCVAR
0013C2r 1  rr           	makevar	"Y"
0013C3r 1  rr           	.byte	TOK_BYTE
0013C4r 1  0A           	.byte	10
0013C5r 1  rr           	.byte	TOK_PUSH_VAR_LOAD
0013C6r 1  rr           	makevar	"Y"
0013C7r 1  rr           	.byte	TOK_PUSH
0013C8r 1  rr           	.byte	TOK_CSTRING
0013C9r 1  12 59 4F 55  	.byte	18, "YOU CAN PLAY LATER"
0013CDr 1  20 43 41 4E  
0013D1r 1  20 50 4C 41  
0013DCr 1  rr           	.byte	TOK_PUSH
0013DDr 1  rr           	.byte	TOK_CALL
0013DEr 1  rr rr        	.word	fb_lbl_PRINTAT
0013E0r 1               @FastBasic_LINE_823:	; LINE 823
0013E0r 1  rr           	.byte	TOK_INCVAR
0013E1r 1  rr           	makevar	"Y"
0013E2r 1               @FastBasic_LINE_824:	; LINE 824
0013E2r 1  rr           	.byte	TOK_INCVAR
0013E3r 1  rr           	makevar	"Y"
0013E4r 1  rr           	.byte	TOK_BYTE
0013E5r 1  03           	.byte	3
0013E6r 1  rr           	.byte	TOK_PUSH_VAR_LOAD
0013E7r 1  rr           	makevar	"Y"
0013E8r 1  rr           	.byte	TOK_PUSH
0013E9r 1  rr           	.byte	TOK_CSTRING
0013EAr 1  21 50 4F 49  	.byte	33, "POINTS COME IN THE FORM OF TOKENS"
0013EEr 1  4E 54 53 20  
0013F2r 1  43 4F 4D 45  
00140Cr 1  rr           	.byte	TOK_PUSH
00140Dr 1  rr           	.byte	TOK_CALL
00140Er 1  rr rr        	.word	fb_lbl_PRINTAT
001410r 1               @FastBasic_LINE_825:	; LINE 825
001410r 1  rr           	.byte	TOK_INCVAR
001411r 1  rr           	makevar	"Y"
001412r 1  rr           	.byte	TOK_BYTE
001413r 1  08           	.byte	8
001414r 1  rr           	.byte	TOK_PUSH_VAR_LOAD
001415r 1  rr           	makevar	"Y"
001416r 1  rr           	.byte	TOK_PUSH
001417r 1  rr           	.byte	TOK_CSTRING
001418r 1  17 42 4C 41  	.byte	23, "BLACK ARE 10 POINTS AND"
00141Cr 1  43 4B 20 41  
001420r 1  52 45 20 31  
001430r 1  rr           	.byte	TOK_PUSH
001431r 1  rr           	.byte	TOK_CALL
001432r 1  rr rr        	.word	fb_lbl_PRINTAT
001434r 1               @FastBasic_LINE_826:	; LINE 826
001434r 1  rr           	.byte	TOK_INCVAR
001435r 1  rr           	makevar	"Y"
001436r 1  rr           	.byte	TOK_BYTE
001437r 1  0A           	.byte	10
001438r 1  rr           	.byte	TOK_PUSH_VAR_LOAD
001439r 1  rr           	makevar	"Y"
00143Ar 1  rr           	.byte	TOK_PUSH
00143Br 1  rr           	.byte	TOK_CSTRING
00143Cr 1  11 57 48 49  	.byte	17, "WHITE ARE 1 POINT"
001440r 1  54 45 20 41  
001444r 1  52 45 20 31  
00144Er 1  rr           	.byte	TOK_PUSH
00144Fr 1  rr           	.byte	TOK_CALL
001450r 1  rr rr        	.word	fb_lbl_PRINTAT
001452r 1               @FastBasic_LINE_827:	; LINE 827
001452r 1  rr           	.byte	TOK_INCVAR
001453r 1  rr           	makevar	"Y"
001454r 1               @FastBasic_LINE_828:	; LINE 828
001454r 1  rr           	.byte	TOK_INCVAR
001455r 1  rr           	makevar	"Y"
001456r 1  rr           	.byte	TOK_BYTE
001457r 1  02           	.byte	2
001458r 1  rr           	.byte	TOK_PUSH_VAR_LOAD
001459r 1  rr           	makevar	"Y"
00145Ar 1  rr           	.byte	TOK_PUSH
00145Br 1  rr           	.byte	TOK_CSTRING
00145Cr 1  24 59 4F 55  	.byte	36, "YOU EARN TOKENS BY HAVING CARDS LEFT"
001460r 1  20 45 41 52  
001464r 1  4E 20 54 4F  
001481r 1  rr           	.byte	TOK_PUSH
001482r 1  rr           	.byte	TOK_CALL
001483r 1  rr rr        	.word	fb_lbl_PRINTAT
001485r 1               @FastBasic_LINE_829:	; LINE 829
001485r 1  rr           	.byte	TOK_INCVAR
001486r 1  rr           	makevar	"Y"
001487r 1  rr           	.byte	TOK_BYTE
001488r 1  04           	.byte	4
001489r 1  rr           	.byte	TOK_PUSH_VAR_LOAD
00148Ar 1  rr           	makevar	"Y"
00148Br 1  rr           	.byte	TOK_PUSH
00148Cr 1  rr           	.byte	TOK_CSTRING
00148Dr 1  22 49 4E 20  	.byte	34, "IN YOUR HAND AT THE END OF A ROUND"
001491r 1  59 4F 55 52  
001495r 1  20 48 41 4E  
0014B0r 1  rr           	.byte	TOK_PUSH
0014B1r 1  rr           	.byte	TOK_CALL
0014B2r 1  rr rr        	.word	fb_lbl_PRINTAT
0014B4r 1               @FastBasic_LINE_830:	; LINE 830
0014B4r 1  rr           	.byte	TOK_INCVAR
0014B5r 1  rr           	makevar	"Y"
0014B6r 1  rr           	.byte	TOK_BYTE
0014B7r 1  05           	.byte	5
0014B8r 1  rr           	.byte	TOK_PUSH_VAR_LOAD
0014B9r 1  rr           	makevar	"Y"
0014BAr 1  rr           	.byte	TOK_PUSH
0014BBr 1  rr           	.byte	TOK_CSTRING
0014BCr 1  1E 42 41 53  	.byte	30, "BASED ON THEIR FACE VALUE BUT,"
0014C0r 1  45 44 20 4F  
0014C4r 1  4E 20 54 48  
0014DBr 1  rr           	.byte	TOK_PUSH
0014DCr 1  rr           	.byte	TOK_CALL
0014DDr 1  rr rr        	.word	fb_lbl_PRINTAT
0014DFr 1               @FastBasic_LINE_831:	; LINE 831
0014DFr 1  rr           	.byte	TOK_INCVAR
0014E0r 1  rr           	makevar	"Y"
0014E1r 1               @FastBasic_LINE_832:	; LINE 832
0014E1r 1  rr           	.byte	TOK_INCVAR
0014E2r 1  rr           	makevar	"Y"
0014E3r 1  rr           	.byte	TOK_BYTE
0014E4r 1  0B           	.byte	11
0014E5r 1  rr           	.byte	TOK_PUSH_VAR_LOAD
0014E6r 1  rr           	makevar	"Y"
0014E7r 1  rr           	.byte	TOK_PUSH
0014E8r 1  rr           	.byte	TOK_CSTRING
0014E9r 1  11 43 55 49  	.byte	17, "CUIDAO, LAS LLAMA"
0014EDr 1  44 41 4F 2C  
0014F1r 1  20 4C 41 53  
0014FBr 1  rr           	.byte	TOK_PUSH
0014FCr 1  rr           	.byte	TOK_CALL
0014FDr 1  rr rr        	.word	fb_lbl_PRINTAT
0014FFr 1               @FastBasic_LINE_833:	; LINE 833
0014FFr 1  rr           	.byte	TOK_INCVAR
001500r 1  rr           	makevar	"Y"
001501r 1  rr           	.byte	TOK_BYTE
001502r 1  0B           	.byte	11
001503r 1  rr           	.byte	TOK_PUSH_VAR_LOAD
001504r 1  rr           	makevar	"Y"
001505r 1  rr           	.byte	TOK_PUSH
001506r 1  rr           	.byte	TOK_CALL
001507r 1  rr rr        	.word	fb_lbl_POS
001509r 1  rr           	.byte	TOK_CSTRING
00150Ar 1  13 40 40 40  	.byte	19, "@@@@@@@@@@@@@@@@@@@"
00150Er 1  40 40 40 40  
001512r 1  40 40 40 40  
00151Er 1  rr           	.byte	TOK_PUSH
00151Fr 1  rr           	.byte	TOK_CALL
001520r 1  rr rr        	.word	fb_lbl_PRINTINV
001522r 1               @FastBasic_LINE_834:	; LINE 834
001522r 1  rr           	.byte	TOK_INCVAR
001523r 1  rr           	makevar	"Y"
001524r 1  rr           	.byte	TOK_BYTE
001525r 1  03           	.byte	3
001526r 1  rr           	.byte	TOK_PUSH_VAR_LOAD
001527r 1  rr           	makevar	"Y"
001528r 1  rr           	.byte	TOK_PUSH
001529r 1  rr           	.byte	TOK_CSTRING
00152Ar 1  23 46 4F 52  	.byte	35, "FOR THEY WILL GIVE YOU BLACK TOKENS"
00152Er 1  20 54 48 45  
001532r 1  59 20 57 49  
00154Er 1  rr           	.byte	TOK_PUSH
00154Fr 1  rr           	.byte	TOK_CALL
001550r 1  rr rr        	.word	fb_lbl_PRINTAT
001552r 1               @FastBasic_LINE_835:	; LINE 835
001552r 1  rr           	.byte	TOK_INCVAR
001553r 1  rr           	makevar	"Y"
001554r 1               @FastBasic_LINE_836:	; LINE 836
001554r 1  rr           	.byte	TOK_INCVAR
001555r 1  rr           	makevar	"Y"
001556r 1  rr           	.byte	TOK_BYTE
001557r 1  04           	.byte	4
001558r 1  rr           	.byte	TOK_PUSH_VAR_LOAD
001559r 1  rr           	makevar	"Y"
00155Ar 1  rr           	.byte	TOK_PUSH
00155Br 1  rr           	.byte	TOK_CSTRING
00155Cr 1  20 49 46 20  	.byte	32, "IF YOU GET RID OF ALL YOUR CARDS"
001560r 1  59 4F 55 20  
001564r 1  47 45 54 20  
00157Dr 1  rr           	.byte	TOK_PUSH
00157Er 1  rr           	.byte	TOK_CALL
00157Fr 1  rr rr        	.word	fb_lbl_PRINTAT
001581r 1               @FastBasic_LINE_837:	; LINE 837
001581r 1  rr           	.byte	TOK_INCVAR
001582r 1  rr           	makevar	"Y"
001583r 1  rr           	.byte	TOK_BYTE
001584r 1  09           	.byte	9
001585r 1  rr           	.byte	TOK_PUSH_VAR_LOAD
001586r 1  rr           	makevar	"Y"
001587r 1  rr           	.byte	TOK_PUSH
001588r 1  rr           	.byte	TOK_CSTRING
001589r 1  16 59 4F 55  	.byte	22, "YOU CAN RETURN A TOKEN"
00158Dr 1  20 43 41 4E  
001591r 1  20 52 45 54  
0015A0r 1  rr           	.byte	TOK_PUSH
0015A1r 1  rr           	.byte	TOK_CALL
0015A2r 1  rr rr        	.word	fb_lbl_PRINTAT
0015A4r 1               @FastBasic_LINE_838:	; LINE 838
0015A4r 1  rr           	.byte	TOK_INCVAR
0015A5r 1  rr           	makevar	"Y"
0015A6r 1  rr           	.byte	TOK_BYTE
0015A7r 1  07           	.byte	7
0015A8r 1  rr           	.byte	TOK_PUSH_BYTE
0015A9r 1  19           	.byte	25
0015AAr 1  rr           	.byte	TOK_PUSH
0015ABr 1  rr           	.byte	TOK_CSTRING
0015ACr 1  1B 50 52 45  	.byte	27, "PRESS ANY KEY FOR NEXT PAGE"
0015B0r 1  53 53 20 41  
0015B4r 1  4E 59 20 4B  
0015C8r 1  rr           	.byte	TOK_PUSH
0015C9r 1  rr           	.byte	TOK_CALL
0015CAr 1  rr rr        	.word	fb_lbl_PRINTAT
0015CCr 1               @FastBasic_LINE_839:	; LINE 839
0015CCr 1  rr           	.byte	TOK_CALL
0015CDr 1  rr rr        	.word	fb_lbl_DRAWBUFFEREND
0015CFr 1               @FastBasic_LINE_841:	; LINE 841
0015CFr 1  rr           	.byte	TOK_GETKEY
0015D0r 1  rr           	.byte	TOK_VAR_STORE
0015D1r 1  rr           	makevar	"K"
0015D2r 1               @FastBasic_LINE_842:	; LINE 842
0015D2r 1  rr           	.byte	TOK_CALL
0015D3r 1  rr rr        	.word	fb_lbl_ENABLEDOUBLEBUFFER
0015D5r 1               @FastBasic_LINE_843:	; LINE 843
0015D5r 1  rr           	.byte	TOK_CALL
0015D6r 1  rr rr        	.word	fb_lbl_RESETSCREEN
0015D8r 1               @FastBasic_LINE_844:	; LINE 844
0015D8r 1  rr           	.byte	TOK_BYTE
0015D9r 1  0A           	.byte	10
0015DAr 1  rr           	.byte	TOK_PUSH_1
0015DBr 1  rr           	.byte	TOK_PUSH
0015DCr 1  rr           	.byte	TOK_CALL
0015DDr 1  rr rr        	.word	fb_lbl_POS
0015DFr 1  rr           	.byte	TOK_CSTRING
0015E0r 1  17 54 48 45  	.byte	23, "THE LLAMA COMMANDS YOU:"
0015E4r 1  20 4C 4C 41  
0015E8r 1  4D 41 20 43  
0015F8r 1  rr           	.byte	TOK_PUSH
0015F9r 1  rr           	.byte	TOK_CALL
0015FAr 1  rr rr        	.word	fb_lbl_PRINT
0015FCr 1               @FastBasic_LINE_845:	; LINE 845
0015FCr 1  rr           	.byte	TOK_1
0015FDr 1  rr           	.byte	TOK_PUSH_0
0015FEr 1  rr           	.byte	TOK_PUSH_BYTE
0015FFr 1  08           	.byte	8
001600r 1  rr           	.byte	TOK_PUSH
001601r 1  rr           	.byte	TOK_CALL
001602r 1  rr rr        	.word	fb_lbl_DRAWCARD
001604r 1  rr           	.byte	TOK_BYTE
001605r 1  24           	.byte	36
001606r 1  rr           	.byte	TOK_PUSH_0
001607r 1  rr           	.byte	TOK_PUSH_BYTE
001608r 1  07           	.byte	7
001609r 1  rr           	.byte	TOK_PUSH
00160Ar 1  rr           	.byte	TOK_CALL
00160Br 1  rr rr        	.word	fb_lbl_DRAWCARD
00160Dr 1               @FastBasic_LINE_846:	; LINE 846
00160Dr 1  rr           	.byte	TOK_BYTE
00160Er 1  04           	.byte	4
00160Fr 1  rr           	.byte	TOK_PUSH_BYTE
001610r 1  02           	.byte	2
001611r 1  rr           	.byte	TOK_PUSH
001612r 1  rr           	.byte	TOK_CALL
001613r 1  rr rr        	.word	fb_lbl_POS
001615r 1  rr           	.byte	TOK_CSTRING
001616r 1  20 40 40 40  	.byte	32, "@@@@@@@@@@@@@@@@@@@@@@@@@@@@@@@@"
00161Ar 1  40 40 40 40  
00161Er 1  40 40 40 40  
001637r 1  rr           	.byte	TOK_PUSH
001638r 1  rr           	.byte	TOK_CALL
001639r 1  rr rr        	.word	fb_lbl_PRINTINV
00163Br 1               @FastBasic_LINE_847:	; LINE 847
00163Br 1  rr           	.byte	TOK_BYTE
00163Cr 1  02           	.byte	2
00163Dr 1  rr           	.byte	TOK_VAR_STORE
00163Er 1  rr           	makevar	"Y"
00163Fr 1               @FastBasic_LINE_848:	; LINE 848
00163Fr 1  rr           	.byte	TOK_INCVAR
001640r 1  rr           	makevar	"Y"
001641r 1  rr           	.byte	TOK_BYTE
001642r 1  05           	.byte	5
001643r 1  rr           	.byte	TOK_PUSH_VAR_LOAD
001644r 1  rr           	makevar	"Y"
001645r 1  rr           	.byte	TOK_PUSH
001646r 1  rr           	.byte	TOK_CSTRING
001647r 1  1E 59 4F 55  	.byte	30, "YOU START A ROUND WITH 6 CARDS"
00164Br 1  20 53 54 41  
00164Fr 1  52 54 20 41  
001666r 1  rr           	.byte	TOK_PUSH
001667r 1  rr           	.byte	TOK_CALL
001668r 1  rr rr        	.word	fb_lbl_PRINTAT
00166Ar 1               @FastBasic_LINE_849:	; LINE 849
00166Ar 1  rr           	.byte	TOK_INCVAR
00166Br 1  rr           	makevar	"Y"
00166Cr 1  rr           	.byte	TOK_BYTE
00166Dr 1  04           	.byte	4
00166Er 1  rr           	.byte	TOK_PUSH_VAR_LOAD
00166Fr 1  rr           	makevar	"Y"
001670r 1  rr           	.byte	TOK_PUSH
001671r 1  rr           	.byte	TOK_CSTRING
001672r 1  20 54 48 45  	.byte	32, "THE TOP CARD OF THE DISCARD PILE"
001676r 1  20 54 4F 50  
00167Ar 1  20 43 41 52  
001693r 1  rr           	.byte	TOK_PUSH
001694r 1  rr           	.byte	TOK_CALL
001695r 1  rr rr        	.word	fb_lbl_PRINTAT
001697r 1               @FastBasic_LINE_850:	; LINE 850
001697r 1  rr           	.byte	TOK_INCVAR
001698r 1  rr           	makevar	"Y"
001699r 1  rr           	.byte	TOK_BYTE
00169Ar 1  02           	.byte	2
00169Br 1  rr           	.byte	TOK_PUSH_VAR_LOAD
00169Cr 1  rr           	makevar	"Y"
00169Dr 1  rr           	.byte	TOK_PUSH
00169Er 1  rr           	.byte	TOK_CSTRING
00169Fr 1  23 44 45 54  	.byte	35, "DETERMINES WHICH CARD CAN BE PLAYED"
0016A3r 1  45 52 4D 49  
0016A7r 1  4E 45 53 20  
0016C3r 1  rr           	.byte	TOK_PUSH
0016C4r 1  rr           	.byte	TOK_CALL
0016C5r 1  rr rr        	.word	fb_lbl_PRINTAT
0016C7r 1               @FastBasic_LINE_851:	; LINE 851
0016C7r 1  rr           	.byte	TOK_INCVAR
0016C8r 1  rr           	makevar	"Y"
0016C9r 1               @FastBasic_LINE_852:	; LINE 852
0016C9r 1  rr           	.byte	TOK_INCVAR
0016CAr 1  rr           	makevar	"Y"
0016CBr 1  rr           	.byte	TOK_1
0016CCr 1  rr           	.byte	TOK_PUSH_VAR_LOAD
0016CDr 1  rr           	makevar	"Y"
0016CEr 1  rr           	.byte	TOK_PUSH
0016CFr 1  rr           	.byte	TOK_CSTRING
0016D0r 1  20 4F 4E 20  	.byte	32, "ON YOUR TURN YOU CAN WHEN VAILD:"
0016D4r 1  59 4F 55 52  
0016D8r 1  20 54 55 52  
0016F1r 1  rr           	.byte	TOK_PUSH
0016F2r 1  rr           	.byte	TOK_CALL
0016F3r 1  rr rr        	.word	fb_lbl_PRINTAT
0016F5r 1               @FastBasic_LINE_853:	; LINE 853
0016F5r 1  rr           	.byte	TOK_INCVAR
0016F6r 1  rr           	makevar	"Y"
0016F7r 1  rr           	.byte	TOK_1
0016F8r 1  rr           	.byte	TOK_PUSH_VAR_LOAD
0016F9r 1  rr           	makevar	"Y"
0016FAr 1  rr           	.byte	TOK_PUSH
0016FBr 1  rr           	.byte	TOK_CSTRING
0016FCr 1  23 50 4C 41  	.byte	35, "PLAY A CARD WITH THE SAME VALUE, OR"
001700r 1  59 20 41 20  
001704r 1  43 41 52 44  
001720r 1  rr           	.byte	TOK_PUSH
001721r 1  rr           	.byte	TOK_CALL
001722r 1  rr rr        	.word	fb_lbl_PRINTAT
001724r 1               @FastBasic_LINE_854:	; LINE 854
001724r 1  rr           	.byte	TOK_INCVAR
001725r 1  rr           	makevar	"Y"
001726r 1  rr           	.byte	TOK_1
001727r 1  rr           	.byte	TOK_PUSH_VAR_LOAD
001728r 1  rr           	makevar	"Y"
001729r 1  rr           	.byte	TOK_PUSH
00172Ar 1  rr           	.byte	TOK_CSTRING
00172Br 1  1E 50 4C 41  	.byte	30, "PLAY THE NEXT CARD IN SEQUENCE"
00172Fr 1  59 20 54 48  
001733r 1  45 20 4E 45  
00174Ar 1  rr           	.byte	TOK_PUSH
00174Br 1  rr           	.byte	TOK_CALL
00174Cr 1  rr rr        	.word	fb_lbl_PRINTAT
00174Er 1               @FastBasic_LINE_855:	; LINE 855
00174Er 1  rr           	.byte	TOK_INCVAR
00174Fr 1  rr           	makevar	"Y"
001750r 1  rr           	.byte	TOK_1
001751r 1  rr           	.byte	TOK_PUSH_VAR_LOAD
001752r 1  rr           	makevar	"Y"
001753r 1  rr           	.byte	TOK_PUSH
001754r 1  rr           	.byte	TOK_CSTRING
001755r 1  24 55 53 45  	.byte	36, "USE KEYS 1-6 MATCHING YOUR CHOICE OF"
001759r 1  20 4B 45 59  
00175Dr 1  53 20 31 2D  
00177Ar 1  rr           	.byte	TOK_PUSH
00177Br 1  rr           	.byte	TOK_CALL
00177Cr 1  rr rr        	.word	fb_lbl_PRINTAT
00177Er 1               @FastBasic_LINE_856:	; LINE 856
00177Er 1  rr           	.byte	TOK_INCVAR
00177Fr 1  rr           	makevar	"Y"
001780r 1  rr           	.byte	TOK_1
001781r 1  rr           	.byte	TOK_PUSH_VAR_LOAD
001782r 1  rr           	makevar	"Y"
001783r 1  rr           	.byte	TOK_PUSH
001784r 1  rr           	.byte	TOK_CSTRING
001785r 1  24 43 41 52  	.byte	36, "CARD OR THE L KEY FOR THE LLAMA CARD"
001789r 1  44 20 4F 52  
00178Dr 1  20 54 48 45  
0017AAr 1  rr           	.byte	TOK_PUSH
0017ABr 1  rr           	.byte	TOK_CALL
0017ACr 1  rr rr        	.word	fb_lbl_PRINTAT
0017AEr 1               @FastBasic_LINE_857:	; LINE 857
0017AEr 1  rr           	.byte	TOK_INCVAR
0017AFr 1  rr           	makevar	"Y"
0017B0r 1  rr           	.byte	TOK_1
0017B1r 1  rr           	.byte	TOK_PUSH_VAR_LOAD
0017B2r 1  rr           	makevar	"Y"
0017B3r 1  rr           	.byte	TOK_PUSH
0017B4r 1  rr           	.byte	TOK_CSTRING
0017B5r 1  1E 44 20 4B  	.byte	30, "D KEY TO DRAW A CARD FROM DECK"
0017B9r 1  45 59 20 54  
0017BDr 1  4F 20 44 52  
0017D4r 1  rr           	.byte	TOK_PUSH
0017D5r 1  rr           	.byte	TOK_CALL
0017D6r 1  rr rr        	.word	fb_lbl_PRINTAT
0017D8r 1               @FastBasic_LINE_858:	; LINE 858
0017D8r 1  rr           	.byte	TOK_INCVAR
0017D9r 1  rr           	makevar	"Y"
0017DAr 1  rr           	.byte	TOK_1
0017DBr 1  rr           	.byte	TOK_PUSH_VAR_LOAD
0017DCr 1  rr           	makevar	"Y"
0017DDr 1  rr           	.byte	TOK_PUSH
0017DEr 1  rr           	.byte	TOK_CSTRING
0017DFr 1  24 46 20 4B  	.byte	36, "F KEY TO FOLD/QUIT THE CURRENT ROUND"
0017E3r 1  45 59 20 54  
0017E7r 1  4F 20 46 4F  
001804r 1  rr           	.byte	TOK_PUSH
001805r 1  rr           	.byte	TOK_CALL
001806r 1  rr rr        	.word	fb_lbl_PRINTAT
001808r 1               @FastBasic_LINE_859:	; LINE 859
001808r 1  rr           	.byte	TOK_INCVAR
001809r 1  rr           	makevar	"Y"
00180Ar 1               @FastBasic_LINE_860:	; LINE 860
00180Ar 1  rr           	.byte	TOK_INCVAR
00180Br 1  rr           	makevar	"Y"
00180Cr 1  rr           	.byte	TOK_1
00180Dr 1  rr           	.byte	TOK_PUSH_VAR_LOAD
00180Er 1  rr           	makevar	"Y"
00180Fr 1  rr           	.byte	TOK_PUSH
001810r 1  rr           	.byte	TOK_CSTRING
001811r 1  24 54 48 45  	.byte	36, "THE NEXT CARD IN SEQUENCE AFTER 6 IS"
001815r 1  20 4E 45 58  
001819r 1  54 20 43 41  
001836r 1  rr           	.byte	TOK_PUSH
001837r 1  rr           	.byte	TOK_CALL
001838r 1  rr rr        	.word	fb_lbl_PRINTAT
00183Ar 1               @FastBasic_LINE_861:	; LINE 861
00183Ar 1  rr           	.byte	TOK_INCVAR
00183Br 1  rr           	makevar	"Y"
00183Cr 1  rr           	.byte	TOK_1
00183Dr 1  rr           	.byte	TOK_PUSH_VAR_LOAD
00183Er 1  rr           	makevar	"Y"
00183Fr 1  rr           	.byte	TOK_PUSH
001840r 1  rr           	.byte	TOK_CSTRING
001841r 1  20 54 48 45  	.byte	32, "THE LLAMA AND THEN ITS BACK TO 1"
001845r 1  20 4C 4C 41  
001849r 1  4D 41 20 41  
001862r 1  rr           	.byte	TOK_PUSH
001863r 1  rr           	.byte	TOK_CALL
001864r 1  rr rr        	.word	fb_lbl_PRINTAT
001866r 1               @FastBasic_LINE_862:	; LINE 862
001866r 1  rr           	.byte	TOK_INCVAR
001867r 1  rr           	makevar	"Y"
001868r 1               @FastBasic_LINE_863:	; LINE 863
001868r 1  rr           	.byte	TOK_INCVAR
001869r 1  rr           	makevar	"Y"
00186Ar 1  rr           	.byte	TOK_1
00186Br 1  rr           	.byte	TOK_PUSH_VAR_LOAD
00186Cr 1  rr           	makevar	"Y"
00186Dr 1  rr           	.byte	TOK_PUSH
00186Er 1  rr           	.byte	TOK_CSTRING
00186Fr 1  27 54 48 45  	.byte	39, "THE ROUND ENDS WHEN A PLAYER HAS PLAYED"
001873r 1  20 52 4F 55  
001877r 1  4E 44 20 45  
001897r 1  rr           	.byte	TOK_PUSH
001898r 1  rr           	.byte	TOK_CALL
001899r 1  rr rr        	.word	fb_lbl_PRINTAT
00189Br 1               @FastBasic_LINE_864:	; LINE 864
00189Br 1  rr           	.byte	TOK_INCVAR
00189Cr 1  rr           	makevar	"Y"
00189Dr 1  rr           	.byte	TOK_1
00189Er 1  rr           	.byte	TOK_PUSH_VAR_LOAD
00189Fr 1  rr           	makevar	"Y"
0018A0r 1  rr           	.byte	TOK_PUSH
0018A1r 1  rr           	.byte	TOK_CSTRING
0018A2r 1  27 41 4C 4C  	.byte	39, "ALL THEIR CARDS, THE DRAW DECK RUNS OUT"
0018A6r 1  20 54 48 45  
0018AAr 1  49 52 20 43  
0018CAr 1  rr           	.byte	TOK_PUSH
0018CBr 1  rr           	.byte	TOK_CALL
0018CCr 1  rr rr        	.word	fb_lbl_PRINTAT
0018CEr 1               @FastBasic_LINE_865:	; LINE 865
0018CEr 1  rr           	.byte	TOK_INCVAR
0018CFr 1  rr           	makevar	"Y"
0018D0r 1  rr           	.byte	TOK_1
0018D1r 1  rr           	.byte	TOK_PUSH_VAR_LOAD
0018D2r 1  rr           	makevar	"Y"
0018D3r 1  rr           	.byte	TOK_PUSH
0018D4r 1  rr           	.byte	TOK_CSTRING
0018D5r 1  1A 4F 52 20  	.byte	26, "OR ALL PLAYERS HAVE FOLDED"
0018D9r 1  41 4C 4C 20  
0018DDr 1  50 4C 41 59  
0018F0r 1  rr           	.byte	TOK_PUSH
0018F1r 1  rr           	.byte	TOK_CALL
0018F2r 1  rr rr        	.word	fb_lbl_PRINTAT
0018F4r 1               @FastBasic_LINE_866:	; LINE 866
0018F4r 1  rr           	.byte	TOK_INCVAR
0018F5r 1  rr           	makevar	"Y"
0018F6r 1               @FastBasic_LINE_867:	; LINE 867
0018F6r 1  rr           	.byte	TOK_INCVAR
0018F7r 1  rr           	makevar	"Y"
0018F8r 1  rr           	.byte	TOK_1
0018F9r 1  rr           	.byte	TOK_PUSH_VAR_LOAD
0018FAr 1  rr           	makevar	"Y"
0018FBr 1  rr           	.byte	TOK_PUSH
0018FCr 1  rr           	.byte	TOK_CSTRING
0018FDr 1  26 54 48 45  	.byte	38, "THE GAME ENDS WHEN A PLAYER REACHES 40"
001901r 1  20 47 41 4D  
001905r 1  45 20 45 4E  
001924r 1  rr           	.byte	TOK_PUSH
001925r 1  rr           	.byte	TOK_CALL
001926r 1  rr rr        	.word	fb_lbl_PRINTAT
001928r 1               @FastBasic_LINE_868:	; LINE 868
001928r 1  rr           	.byte	TOK_INCVAR
001929r 1  rr           	makevar	"Y"
00192Ar 1  rr           	.byte	TOK_1
00192Br 1  rr           	.byte	TOK_PUSH_VAR_LOAD
00192Cr 1  rr           	makevar	"Y"
00192Dr 1  rr           	.byte	TOK_PUSH
00192Er 1  rr           	.byte	TOK_CSTRING
00192Fr 1  22 50 4F 49  	.byte	34, "POINTS, THE PLAYER WITH THE LOWEST"
001933r 1  4E 54 53 2C  
001937r 1  20 54 48 45  
001952r 1  rr           	.byte	TOK_PUSH
001953r 1  rr           	.byte	TOK_CALL
001954r 1  rr rr        	.word	fb_lbl_PRINTAT
001956r 1               @FastBasic_LINE_869:	; LINE 869
001956r 1  rr           	.byte	TOK_INCVAR
001957r 1  rr           	makevar	"Y"
001958r 1  rr           	.byte	TOK_1
001959r 1  rr           	.byte	TOK_PUSH_VAR_LOAD
00195Ar 1  rr           	makevar	"Y"
00195Br 1  rr           	.byte	TOK_PUSH
00195Cr 1  rr           	.byte	TOK_CSTRING
00195Dr 1  0B 50 4F 49  	.byte	11, "POINTS WINS"
001961r 1  4E 54 53 20  
001965r 1  57 49 4E 53  
001969r 1  rr           	.byte	TOK_PUSH
00196Ar 1  rr           	.byte	TOK_CALL
00196Br 1  rr rr        	.word	fb_lbl_PRINTAT
00196Dr 1               @FastBasic_LINE_870:	; LINE 870
00196Dr 1  rr           	.byte	TOK_INCVAR
00196Er 1  rr           	makevar	"Y"
00196Fr 1  rr           	.byte	TOK_BYTE
001970r 1  07           	.byte	7
001971r 1  rr           	.byte	TOK_PUSH_BYTE
001972r 1  19           	.byte	25
001973r 1  rr           	.byte	TOK_PUSH
001974r 1  rr           	.byte	TOK_CSTRING
001975r 1  17 50 52 45  	.byte	23, "PRESS ANY KEY TO RETURN"
001979r 1  53 53 20 41  
00197Dr 1  4E 59 20 4B  
00198Dr 1  rr           	.byte	TOK_PUSH
00198Er 1  rr           	.byte	TOK_CALL
00198Fr 1  rr rr        	.word	fb_lbl_PRINTAT
001991r 1               @FastBasic_LINE_871:	; LINE 871
001991r 1  rr           	.byte	TOK_CALL
001992r 1  rr rr        	.word	fb_lbl_DRAWBUFFEREND
001994r 1               @FastBasic_LINE_873:	; LINE 873
001994r 1  rr           	.byte	TOK_GETKEY
001995r 1  rr           	.byte	TOK_VAR_STORE
001996r 1  rr           	makevar	"K"
001997r 1               @FastBasic_LINE_874:	; LINE 874
001997r 1  rr           	.byte	TOK_RET
001998r 1               @FastBasic_LINE_876:	; LINE 876
001998r 1               	.segment "BYTECODE"
001998r 1               	.export	fb_lbl_LEAVEGAME
001998r 1               fb_lbl_LEAVEGAME:
001998r 1               @FastBasic_LINE_878:	; LINE 878
001998r 1  rr           	.byte	TOK_1
001999r 1  rr           	.byte	TOK_VAR_STORE
00199Ar 1  rr           	makevar	"LEAVETABLEFLAG"
00199Br 1               @FastBasic_LINE_879:	; LINE 879
00199Br 1  rr           	.byte	TOK_VAR_LOAD
00199Cr 1  rr           	makevar	"TABLENUMBER"
00199Dr 1  rr           	.byte	TOK_USHL
00199Er 1  rr           	.byte	TOK_ADD_VAR
00199Fr 1  rr           	makevar	"GAMESTATUS"
0019A0r 1  rr           	.byte	TOK_SADDR
0019A1r 1  rr           	.byte	TOK_BYTE
0019A2r 1  05           	.byte	5
0019A3r 1  rr           	.byte	TOK_DPOKE
0019A4r 1               @FastBasic_LINE_880:	; LINE 880
0019A4r 1  rr           	.byte	TOK_RET
0019A5r 1               @FastBasic_LINE_882:	; LINE 882
0019A5r 1               	.segment "BYTECODE"
0019A5r 1               	.export	fb_lbl_READGAMESTATE
0019A5r 1               fb_lbl_READGAMESTATE:
0019A5r 1               @FastBasic_LINE_885:	; LINE 885
0019A5r 1  rr           	.byte	TOK_VAR_SADDR
0019A6r 1  rr           	makevar	"JSON"
0019A7r 1  rr           	.byte	TOK_CSTRING
0019A8r 1  0D 2F 73 74  	.byte	13, "/state?table="
0019ACr 1  61 74 65 3F  
0019B0r 1  74 61 62 6C  
0019B6r 1  rr           	.byte	TOK_COPY_STR
0019B7r 1               @FastBasic_LINE_886:	; LINE 886
0019B7r 1  rr           	.byte	TOK_VAR_SADDR
0019B8r 1  rr           	makevar	"JSON"
0019B9r 1  rr           	.byte	TOK_VAR_LOAD
0019BAr 1  rr           	makevar	"TABLENUMBER"
0019BBr 1  rr           	.byte	TOK_USHL
0019BCr 1  rr           	.byte	TOK_ADD_VAR
0019BDr 1  rr           	makevar	"TABLEID"
0019BEr 1  rr           	.byte	TOK_DPEEK
0019BFr 1  rr           	.byte	TOK_CAT_STR
0019C0r 1               @FastBasic_LINE_887:	; LINE 887
0019C0r 1  rr           	.byte	TOK_VAR_SADDR
0019C1r 1  rr           	makevar	"JSON"
0019C2r 1  rr           	.byte	TOK_CSTRING
0019C3r 1  08 26 70 6C  	.byte	8, "&player="
0019C7r 1  61 79 65 72  
0019CBr 1  3D           
0019CCr 1  rr           	.byte	TOK_CAT_STR
0019CDr 1               @FastBasic_LINE_888:	; LINE 888
0019CDr 1  rr           	.byte	TOK_VAR_SADDR
0019CEr 1  rr           	makevar	"JSON"
0019CFr 1  rr           	.byte	TOK_VAR_LOAD
0019D0r 1  rr           	makevar	"MYNAME"
0019D1r 1  rr           	.byte	TOK_CAT_STR
0019D2r 1               @FastBasic_LINE_890:	; LINE 890
0019D2r 1  rr           	.byte	TOK_CALL
0019D3r 1  rr rr        	.word	fb_lbl_CALLFUJINET
0019D5r 1               @FastBasic_LINE_891:	; LINE 891
0019D5r 1  rr           	.byte	TOK_VAR_LOAD
0019D6r 1  rr           	makevar	"UNIT"
0019D7r 1  rr           	.byte	TOK_PUSH_VAR_LOAD
0019D8r 1  rr           	makevar	"RESPONSEBUFFER"
0019D9r 1  rr           	.byte	TOK_PUSH
0019DAr 1  rr           	.byte	TOK_CALL
0019DBr 1  rr rr        	.word	fb_lbl_NINPUTINIT
0019DDr 1               @FastBasic_LINE_892:	; LINE 892
0019DDr 1  rr           	.byte	TOK_VAR_LOAD
0019DEr 1  rr           	makevar	"DUMMY"
0019DFr 1  rr           	.byte	TOK_PUSH
0019E0r 1  rr           	.byte	TOK_CALL
0019E1r 1  rr rr        	.word	fb_lbl_NINPUT
0019E3r 1               @FastBasic_LINE_893:	; LINE 893
0019E3r 1  rr           	.byte	TOK_CALL
0019E4r 1  rr rr        	.word	fb_lbl_CHECKERRORS
0019E6r 1               @FastBasic_LINE_894:	; LINE 894
0019E6r 1  rr           	.byte	TOK_VAR_SADDR
0019E7r 1  rr           	makevar	"PREVIOUSLASTMOVEPLAYED"
0019E8r 1  rr           	.byte	TOK_VAR_LOAD
0019E9r 1  rr           	makevar	"LASTMOVEPLAYED"
0019EAr 1  rr           	.byte	TOK_COPY_STR
0019EBr 1               @FastBasic_LINE_895:	; LINE 895
0019EBr 1  rr           	.byte	TOK_VAR_LOAD
0019ECr 1  rr           	makevar	"OK"
0019EDr 1  rr           	.byte	TOK_PUSH_1
0019EEr 1  rr           	.byte	TOK_NEQ
0019EFr 1  rr           	.byte	TOK_CNRET
0019F0r 1               @FastBasic_LINE_896:	; LINE 896
0019F0r 1  rr           	.byte	TOK_VAR_LOAD
0019F1r 1  rr           	makevar	"DUMMY"
0019F2r 1  rr           	.byte	TOK_PUSH
0019F3r 1  rr           	.byte	TOK_CALL
0019F4r 1  rr rr        	.word	fb_lbl_NINPUT
0019F6r 1               @FastBasic_LINE_897:	; LINE 897
0019F6r 1  rr           	.byte	TOK_VAR_LOAD
0019F7r 1  rr           	makevar	"DUMMY"
0019F8r 1  rr           	.byte	TOK_VAL
0019F9r 1  rr           	.byte	TOK_VAR_STORE
0019FAr 1  rr           	makevar	"DRAWDECK"
0019FBr 1               @FastBasic_LINE_898:	; LINE 898
0019FBr 1  rr           	.byte	TOK_VAR_SADDR
0019FCr 1  rr           	makevar	"KEY"
0019FDr 1  rr           	.byte	TOK_CSTRING
0019FEr 1  00           	.byte	0
0019FFr 1  rr           	.byte	TOK_COPY_STR
001A00r 1  rr           	.byte	TOK_VAR_SADDR
001A01r 1  rr           	makevar	"VALUE"
001A02r 1  rr           	.byte	TOK_CSTRING
001A03r 1  00           	.byte	0
001A04r 1  rr           	.byte	TOK_COPY_STR
001A05r 1               @FastBasic_LINE_899:	; LINE 899
001A05r 1               jump_lbl_179:
001A05r 1               @FastBasic_LINE_901:	; LINE 901
001A05r 1  rr           	.byte	TOK_VAR_LOAD
001A06r 1  rr           	makevar	"KEY"
001A07r 1  rr           	.byte	TOK_PUSH
001A08r 1  rr           	.byte	TOK_CALL
001A09r 1  rr rr        	.word	fb_lbl_NINPUT
001A0Br 1               @FastBasic_LINE_903:	; LINE 903
001A0Br 1  rr           	.byte	TOK_VAR_LOAD
001A0Cr 1  rr           	makevar	"KEY"
001A0Dr 1  rr           	.byte	TOK_PEEK
001A0Er 1  rr           	.byte	TOK_COMP_0
001A0Fr 1  rr           	.byte	TOK_CJUMP
001A10r 1  rr rr        	.word	jump_lbl_179_x
001A12r 1               @FastBasic_LINE_905:	; LINE 905
001A12r 1  rr           	.byte	TOK_VAR_LOAD
001A13r 1  rr           	makevar	"VALUE"
001A14r 1  rr           	.byte	TOK_PUSH
001A15r 1  rr           	.byte	TOK_CALL
001A16r 1  rr rr        	.word	fb_lbl_NINPUT
001A18r 1               @FastBasic_LINE_907:	; LINE 907
001A18r 1  rr           	.byte	TOK_VAR_LOAD
001A19r 1  rr           	makevar	"KEY"
001A1Ar 1  rr           	.byte	TOK_PUSH
001A1Br 1  rr           	.byte	TOK_CSTRING
001A1Cr 1  02 64 70     	.byte	2, "dp"
001A1Fr 1  rr           	.byte	TOK_CMP_STR
001A20r 1  rr           	.byte	TOK_EQ
001A21r 1  rr           	.byte	TOK_CJUMP
001A22r 1  rr rr        	.word	jump_lbl_181
001A24r 1               @FastBasic_LINE_908:	; LINE 908
001A24r 1  rr           	.byte	TOK_VAR_LOAD
001A25r 1  rr           	makevar	"VALUE"
001A26r 1  rr           	.byte	TOK_VAL
001A27r 1  rr           	.byte	TOK_VAR_STORE
001A28r 1  rr           	makevar	"DISCARDTOP"
001A29r 1               @FastBasic_LINE_909:	; LINE 909
001A29r 1  rr           	.byte	TOK_JUMP
001A2Ar 1  rr rr        	.word	jump_lbl_179
001A2Cr 1               jump_lbl_181:
001A2Cr 1  rr           	.byte	TOK_VAR_LOAD
001A2Dr 1  rr           	makevar	"KEY"
001A2Er 1  rr           	.byte	TOK_PUSH
001A2Fr 1  rr           	.byte	TOK_CSTRING
001A30r 1  02 74 73     	.byte	2, "ts"
001A33r 1  rr           	.byte	TOK_CMP_STR
001A34r 1  rr           	.byte	TOK_EQ
001A35r 1  rr           	.byte	TOK_CJUMP
001A36r 1  rr rr        	.word	jump_lbl_183
001A38r 1               @FastBasic_LINE_910:	; LINE 910
001A38r 1  rr           	.byte	TOK_VAR_LOAD
001A39r 1  rr           	makevar	"TABLENUMBER"
001A3Ar 1  rr           	.byte	TOK_USHL
001A3Br 1  rr           	.byte	TOK_ADD_VAR
001A3Cr 1  rr           	makevar	"GAMESTATUS"
001A3Dr 1  rr           	.byte	TOK_SADDR
001A3Er 1  rr           	.byte	TOK_VAR_LOAD
001A3Fr 1  rr           	makevar	"VALUE"
001A40r 1  rr           	.byte	TOK_VAL
001A41r 1  rr           	.byte	TOK_DPOKE
001A42r 1               @FastBasic_LINE_911:	; LINE 911
001A42r 1  rr           	.byte	TOK_JUMP
001A43r 1  rr rr        	.word	jump_lbl_179
001A45r 1               jump_lbl_183:
001A45r 1  rr           	.byte	TOK_VAR_LOAD
001A46r 1  rr           	makevar	"KEY"
001A47r 1  rr           	.byte	TOK_PUSH
001A48r 1  rr           	.byte	TOK_CSTRING
001A49r 1  03 6C 6D 70  	.byte	3, "lmp"
001A4Dr 1  rr           	.byte	TOK_CMP_STR
001A4Er 1  rr           	.byte	TOK_EQ
001A4Fr 1  rr           	.byte	TOK_CJUMP
001A50r 1  rr rr        	.word	jump_lbl_179
001A52r 1               @FastBasic_LINE_912:	; LINE 912
001A52r 1  rr           	.byte	TOK_VAR_SADDR
001A53r 1  rr           	makevar	"LASTMOVEPLAYED"
001A54r 1  rr           	.byte	TOK_VAR_LOAD
001A55r 1  rr           	makevar	"VALUE"
001A56r 1  rr           	.byte	TOK_COPY_STR
001A57r 1               @FastBasic_LINE_915:	; LINE 915
001A57r 1               jump_lbl_179_x:
001A57r 1               @FastBasic_LINE_916:	; LINE 916
001A57r 1  rr           	.byte	TOK_VAR_LOAD
001A58r 1  rr           	makevar	"LASTMOVEPLAYED"
001A59r 1  rr           	.byte	TOK_PUSH_VAR_LOAD
001A5Ar 1  rr           	makevar	"PREVIOUSLASTMOVEPLAYED"
001A5Br 1  rr           	.byte	TOK_CMP_STR
001A5Cr 1  rr           	.byte	TOK_EQ
001A5Dr 1  rr           	.byte	TOK_PUSH_VAR_LOAD
001A5Er 1  rr           	makevar	"PLAYERINDEX"
001A5Fr 1  rr           	.byte	TOK_USHL
001A60r 1  rr           	.byte	TOK_ADD_VAR
001A61r 1  rr           	makevar	"PLAYERSTATUS"
001A62r 1  rr           	.byte	TOK_DPEEK
001A63r 1  rr           	.byte	TOK_PUSH_1
001A64r 1  rr           	.byte	TOK_EQ
001A65r 1  rr           	.byte	TOK_L_AND
001A66r 1  rr           	.byte	TOK_CNRET
001A67r 1               @FastBasic_LINE_917:	; LINE 917
001A67r 1  rr           	.byte	TOK_VAR_LOAD
001A68r 1  rr           	makevar	"DUMMY"
001A69r 1  rr           	.byte	TOK_PUSH
001A6Ar 1  rr           	.byte	TOK_CALL
001A6Br 1  rr rr        	.word	fb_lbl_NINPUT
001A6Dr 1               @FastBasic_LINE_918:	; LINE 918
001A6Dr 1  rr           	.byte	TOK_VAR_STORE_0
001A6Er 1  rr           	makevar	"INDEX"
001A6Fr 1               @FastBasic_LINE_919:	; LINE 919
001A6Fr 1               jump_lbl_187:
001A6Fr 1               @FastBasic_LINE_921:	; LINE 921
001A6Fr 1  rr           	.byte	TOK_VAR_LOAD
001A70r 1  rr           	makevar	"KEY"
001A71r 1  rr           	.byte	TOK_PUSH
001A72r 1  rr           	.byte	TOK_CALL
001A73r 1  rr rr        	.word	fb_lbl_NINPUT
001A75r 1               @FastBasic_LINE_923:	; LINE 923
001A75r 1  rr           	.byte	TOK_VAR_LOAD
001A76r 1  rr           	makevar	"KEY"
001A77r 1  rr           	.byte	TOK_PEEK
001A78r 1  rr           	.byte	TOK_COMP_0
001A79r 1  rr           	.byte	TOK_CJUMP
001A7Ar 1  rr rr        	.word	jump_lbl_187_x
001A7Cr 1               @FastBasic_LINE_925:	; LINE 925
001A7Cr 1  rr           	.byte	TOK_VAR_LOAD
001A7Dr 1  rr           	makevar	"VALUE"
001A7Er 1  rr           	.byte	TOK_PUSH
001A7Fr 1  rr           	.byte	TOK_CALL
001A80r 1  rr rr        	.word	fb_lbl_NINPUT
001A82r 1               @FastBasic_LINE_927:	; LINE 927
001A82r 1  rr           	.byte	TOK_VAR_LOAD
001A83r 1  rr           	makevar	"KEY"
001A84r 1  rr           	.byte	TOK_PUSH
001A85r 1  rr           	.byte	TOK_CSTRING
001A86r 1  01 6E        	.byte	1, "n"
001A88r 1  rr           	.byte	TOK_CMP_STR
001A89r 1  rr           	.byte	TOK_EQ
001A8Ar 1  rr           	.byte	TOK_CJUMP
001A8Br 1  rr rr        	.word	jump_lbl_189
001A8Dr 1               @FastBasic_LINE_928:	; LINE 928
001A8Dr 1  rr           	.byte	TOK_VAR_LOAD
001A8Er 1  rr           	makevar	"INDEX"
001A8Fr 1  rr           	.byte	TOK_USHL
001A90r 1  rr           	.byte	TOK_ADD_VAR
001A91r 1  rr           	makevar	"PLAYERNAME"
001A92r 1  rr           	.byte	TOK_SADDR
001A93r 1  rr           	.byte	TOK_VAR_LOAD
001A94r 1  rr           	makevar	"VALUE"
001A95r 1  rr           	.byte	TOK_COPY_STR
001A96r 1               @FastBasic_LINE_929:	; LINE 929
001A96r 1  rr           	.byte	TOK_VAR_LOAD
001A97r 1  rr           	makevar	"INDEX"
001A98r 1  rr           	.byte	TOK_USHL
001A99r 1  rr           	.byte	TOK_ADD_VAR
001A9Ar 1  rr           	makevar	"PLAYERNAME"
001A9Br 1  rr           	.byte	TOK_DPEEK
001A9Cr 1  rr           	.byte	TOK_PUSH_VAR_LOAD
001A9Dr 1  rr           	makevar	"MYNAME"
001A9Er 1  rr           	.byte	TOK_CMP_STR
001A9Fr 1  rr           	.byte	TOK_EQ
001AA0r 1  rr           	.byte	TOK_CJUMP
001AA1r 1  rr rr        	.word	jump_lbl_187
001AA3r 1  rr           	.byte	TOK_VAR_LOAD
001AA4r 1  rr           	makevar	"INDEX"
001AA5r 1  rr           	.byte	TOK_VAR_STORE
001AA6r 1  rr           	makevar	"PLAYERINDEX"
001AA7r 1               @FastBasic_LINE_930:	; LINE 930
001AA7r 1  rr           	.byte	TOK_JUMP
001AA8r 1  rr rr        	.word	jump_lbl_187
001AAAr 1               jump_lbl_189:
001AAAr 1  rr           	.byte	TOK_VAR_LOAD
001AABr 1  rr           	makevar	"KEY"
001AACr 1  rr           	.byte	TOK_PUSH
001AADr 1  rr           	.byte	TOK_CSTRING
001AAEr 1  01 73        	.byte	1, "s"
001AB0r 1  rr           	.byte	TOK_CMP_STR
001AB1r 1  rr           	.byte	TOK_EQ
001AB2r 1  rr           	.byte	TOK_CJUMP
001AB3r 1  rr rr        	.word	jump_lbl_192
001AB5r 1               @FastBasic_LINE_931:	; LINE 931
001AB5r 1  rr           	.byte	TOK_VAR_LOAD
001AB6r 1  rr           	makevar	"INDEX"
001AB7r 1  rr           	.byte	TOK_USHL
001AB8r 1  rr           	.byte	TOK_ADD_VAR
001AB9r 1  rr           	makevar	"PLAYERSTATUS"
001ABAr 1  rr           	.byte	TOK_SADDR
001ABBr 1  rr           	.byte	TOK_VAR_LOAD
001ABCr 1  rr           	makevar	"VALUE"
001ABDr 1  rr           	.byte	TOK_VAL
001ABEr 1  rr           	.byte	TOK_DPOKE
001ABFr 1               @FastBasic_LINE_932:	; LINE 932
001ABFr 1  rr           	.byte	TOK_JUMP
001AC0r 1  rr rr        	.word	jump_lbl_187
001AC2r 1               jump_lbl_192:
001AC2r 1  rr           	.byte	TOK_VAR_LOAD
001AC3r 1  rr           	makevar	"KEY"
001AC4r 1  rr           	.byte	TOK_PUSH
001AC5r 1  rr           	.byte	TOK_CSTRING
001AC6r 1  02 6E 63     	.byte	2, "nc"
001AC9r 1  rr           	.byte	TOK_CMP_STR
001ACAr 1  rr           	.byte	TOK_EQ
001ACBr 1  rr           	.byte	TOK_CJUMP
001ACCr 1  rr rr        	.word	jump_lbl_194
001ACEr 1               @FastBasic_LINE_933:	; LINE 933
001ACEr 1  rr           	.byte	TOK_VAR_LOAD
001ACFr 1  rr           	makevar	"INDEX"
001AD0r 1  rr           	.byte	TOK_USHL
001AD1r 1  rr           	.byte	TOK_ADD_VAR
001AD2r 1  rr           	makevar	"PLAYERHANDCOUNT"
001AD3r 1  rr           	.byte	TOK_SADDR
001AD4r 1  rr           	.byte	TOK_VAR_LOAD
001AD5r 1  rr           	makevar	"VALUE"
001AD6r 1  rr           	.byte	TOK_VAL
001AD7r 1  rr           	.byte	TOK_DPOKE
001AD8r 1               @FastBasic_LINE_934:	; LINE 934
001AD8r 1  rr           	.byte	TOK_JUMP
001AD9r 1  rr rr        	.word	jump_lbl_187
001ADBr 1               jump_lbl_194:
001ADBr 1  rr           	.byte	TOK_VAR_LOAD
001ADCr 1  rr           	makevar	"KEY"
001ADDr 1  rr           	.byte	TOK_PUSH
001ADEr 1  rr           	.byte	TOK_CSTRING
001ADFr 1  02 77 74     	.byte	2, "wt"
001AE2r 1  rr           	.byte	TOK_CMP_STR
001AE3r 1  rr           	.byte	TOK_EQ
001AE4r 1  rr           	.byte	TOK_CJUMP
001AE5r 1  rr rr        	.word	jump_lbl_196
001AE7r 1               @FastBasic_LINE_935:	; LINE 935
001AE7r 1  rr           	.byte	TOK_VAR_LOAD
001AE8r 1  rr           	makevar	"INDEX"
001AE9r 1  rr           	.byte	TOK_USHL
001AEAr 1  rr           	.byte	TOK_ADD_VAR
001AEBr 1  rr           	makevar	"PLAYERWHITETOKENS"
001AECr 1  rr           	.byte	TOK_SADDR
001AEDr 1  rr           	.byte	TOK_VAR_LOAD
001AEEr 1  rr           	makevar	"VALUE"
001AEFr 1  rr           	.byte	TOK_VAL
001AF0r 1  rr           	.byte	TOK_DPOKE
001AF1r 1               @FastBasic_LINE_936:	; LINE 936
001AF1r 1  rr           	.byte	TOK_JUMP
001AF2r 1  rr rr        	.word	jump_lbl_187
001AF4r 1               jump_lbl_196:
001AF4r 1  rr           	.byte	TOK_VAR_LOAD
001AF5r 1  rr           	makevar	"KEY"
001AF6r 1  rr           	.byte	TOK_PUSH
001AF7r 1  rr           	.byte	TOK_CSTRING
001AF8r 1  02 62 74     	.byte	2, "bt"
001AFBr 1  rr           	.byte	TOK_CMP_STR
001AFCr 1  rr           	.byte	TOK_EQ
001AFDr 1  rr           	.byte	TOK_CJUMP
001AFEr 1  rr rr        	.word	jump_lbl_198
001B00r 1               @FastBasic_LINE_937:	; LINE 937
001B00r 1  rr           	.byte	TOK_VAR_LOAD
001B01r 1  rr           	makevar	"INDEX"
001B02r 1  rr           	.byte	TOK_USHL
001B03r 1  rr           	.byte	TOK_ADD_VAR
001B04r 1  rr           	makevar	"PLAYERBLACKTOKENS"
001B05r 1  rr           	.byte	TOK_SADDR
001B06r 1  rr           	.byte	TOK_VAR_LOAD
001B07r 1  rr           	makevar	"VALUE"
001B08r 1  rr           	.byte	TOK_VAL
001B09r 1  rr           	.byte	TOK_DPOKE
001B0Ar 1               @FastBasic_LINE_938:	; LINE 938
001B0Ar 1  rr           	.byte	TOK_JUMP
001B0Br 1  rr rr        	.word	jump_lbl_187
001B0Dr 1               jump_lbl_198:
001B0Dr 1  rr           	.byte	TOK_VAR_LOAD
001B0Er 1  rr           	makevar	"KEY"
001B0Fr 1  rr           	.byte	TOK_PUSH
001B10r 1  rr           	.byte	TOK_CSTRING
001B11r 1  02 70 68     	.byte	2, "ph"
001B14r 1  rr           	.byte	TOK_CMP_STR
001B15r 1  rr           	.byte	TOK_EQ
001B16r 1  rr           	.byte	TOK_CJUMP
001B17r 1  rr rr        	.word	jump_lbl_200
001B19r 1               @FastBasic_LINE_939:	; LINE 939
001B19r 1  rr           	.byte	TOK_VAR_LOAD
001B1Ar 1  rr           	makevar	"INDEX"
001B1Br 1  rr           	.byte	TOK_USHL
001B1Cr 1  rr           	.byte	TOK_ADD_VAR
001B1Dr 1  rr           	makevar	"PLAYERHAND"
001B1Er 1  rr           	.byte	TOK_SADDR
001B1Fr 1  rr           	.byte	TOK_VAR_LOAD
001B20r 1  rr           	makevar	"VALUE"
001B21r 1  rr           	.byte	TOK_COPY_STR
001B22r 1               @FastBasic_LINE_940:	; LINE 940
001B22r 1  rr           	.byte	TOK_JUMP
001B23r 1  rr rr        	.word	jump_lbl_187
001B25r 1               jump_lbl_200:
001B25r 1  rr           	.byte	TOK_VAR_LOAD
001B26r 1  rr           	makevar	"KEY"
001B27r 1  rr           	.byte	TOK_PUSH
001B28r 1  rr           	.byte	TOK_CSTRING
001B29r 1  03 70 76 6D  	.byte	3, "pvm"
001B2Dr 1  rr           	.byte	TOK_CMP_STR
001B2Er 1  rr           	.byte	TOK_EQ
001B2Fr 1  rr           	.byte	TOK_CJUMP
001B30r 1  rr rr        	.word	jump_lbl_187
001B32r 1               @FastBasic_LINE_941:	; LINE 941
001B32r 1  rr           	.byte	TOK_VAR_LOAD
001B33r 1  rr           	makevar	"INDEX"
001B34r 1  rr           	.byte	TOK_USHL
001B35r 1  rr           	.byte	TOK_ADD_VAR
001B36r 1  rr           	makevar	"PLAYERVALIDMOVES"
001B37r 1  rr           	.byte	TOK_SADDR
001B38r 1  rr           	.byte	TOK_VAR_LOAD
001B39r 1  rr           	makevar	"VALUE"
001B3Ar 1  rr           	.byte	TOK_COPY_STR
001B3Br 1               @FastBasic_LINE_942:	; LINE 942
001B3Br 1  rr           	.byte	TOK_VAR_LOAD
001B3Cr 1  rr           	makevar	"INDEX"
001B3Dr 1  rr           	.byte	TOK_USHL
001B3Er 1  rr           	.byte	TOK_ADD_VAR
001B3Fr 1  rr           	makevar	"PLAYERSCORE"
001B40r 1  rr           	.byte	TOK_SADDR
001B41r 1  rr           	.byte	TOK_VAR_LOAD
001B42r 1  rr           	makevar	"INDEX"
001B43r 1  rr           	.byte	TOK_USHL
001B44r 1  rr           	.byte	TOK_ADD_VAR
001B45r 1  rr           	makevar	"PLAYERBLACKTOKENS"
001B46r 1  rr           	.byte	TOK_DPEEK
001B47r 1  rr           	.byte	TOK_PUSH_BYTE
001B48r 1  0A           	.byte	10
001B49r 1  rr           	.byte	TOK_MUL
001B4Ar 1  rr           	.byte	TOK_PUSH_VAR_LOAD
001B4Br 1  rr           	makevar	"INDEX"
001B4Cr 1  rr           	.byte	TOK_USHL
001B4Dr 1  rr           	.byte	TOK_ADD_VAR
001B4Er 1  rr           	makevar	"PLAYERWHITETOKENS"
001B4Fr 1  rr           	.byte	TOK_DPEEK
001B50r 1  rr           	.byte	TOK_ADD
001B51r 1  rr           	.byte	TOK_DPOKE
001B52r 1               @FastBasic_LINE_943:	; LINE 943
001B52r 1  rr           	.byte	TOK_INCVAR
001B53r 1  rr           	makevar	"INDEX"
001B54r 1               @FastBasic_LINE_945:	; LINE 945
001B54r 1  rr           	.byte	TOK_JUMP
001B55r 1  rr rr        	.word	jump_lbl_187
001B57r 1               jump_lbl_187_x:
001B57r 1               @FastBasic_LINE_946:	; LINE 946
001B57r 1  rr           	.byte	TOK_VAR_LOAD
001B58r 1  rr           	makevar	"PLAYERINDEX"
001B59r 1  rr           	.byte	TOK_USHL
001B5Ar 1  rr           	.byte	TOK_ADD_VAR
001B5Br 1  rr           	makevar	"PLAYERSTATUS"
001B5Cr 1  rr           	.byte	TOK_DPEEK
001B5Dr 1  rr           	.byte	TOK_PUSH_1
001B5Er 1  rr           	.byte	TOK_EQ
001B5Fr 1  rr           	.byte	TOK_CRET
001B60r 1               @FastBasic_LINE_947:	; LINE 947
001B60r 1  rr           	.byte	TOK_BYTE
001B61r 1  3C           	.byte	60
001B62r 1  rr           	.byte	TOK_VAR_STORE
001B63r 1  rr           	makevar	"COUNTDOWN"
001B64r 1               @FastBasic_LINE_948:	; LINE 948
001B64r 1  rr           	.byte	TOK_VAR_STORE_0
001B65r 1  rr           	makevar	"JIFFY"
001B66r 1               @FastBasic_LINE_950:	; LINE 950
001B66r 1  rr           	.byte	TOK_RET
001B67r 1               @FastBasic_LINE_952:	; LINE 952
001B67r 1               	.segment "BYTECODE"
001B67r 1               	.export	fb_lbl_SETPLAYERSLOTS
001B67r 1               fb_lbl_SETPLAYERSLOTS:
001B67r 1               @FastBasic_LINE_955:	; LINE 955
001B67r 1  rr           	.byte	TOK_VAR_LOAD
001B68r 1  rr           	makevar	"PLAYERINDEX"
001B69r 1  rr           	.byte	TOK_USHL
001B6Ar 1  rr           	.byte	TOK_ADD_VAR
001B6Br 1  rr           	makevar	"XSTART"
001B6Cr 1  rr           	.byte	TOK_SADDR
001B6Dr 1  rr           	.byte	TOK_NUM
001B6Er 1  rr rr        	.word	fb_lbl_XS
001B70r 1  rr           	.byte	TOK_DPEEK
001B71r 1  rr           	.byte	TOK_DPOKE
001B72r 1               @FastBasic_LINE_956:	; LINE 956
001B72r 1  rr           	.byte	TOK_VAR_LOAD
001B73r 1  rr           	makevar	"PLAYERINDEX"
001B74r 1  rr           	.byte	TOK_USHL
001B75r 1  rr           	.byte	TOK_ADD_VAR
001B76r 1  rr           	makevar	"YSTART"
001B77r 1  rr           	.byte	TOK_SADDR
001B78r 1  rr           	.byte	TOK_NUM
001B79r 1  rr rr        	.word	fb_lbl_YS
001B7Br 1  rr           	.byte	TOK_DPEEK
001B7Cr 1  rr           	.byte	TOK_DPOKE
001B7Dr 1               @FastBasic_LINE_957:	; LINE 957
001B7Dr 1  rr           	.byte	TOK_1
001B7Er 1  rr           	.byte	TOK_VAR_STORE
001B7Fr 1  rr           	makevar	"I"
001B80r 1               @FastBasic_LINE_958:	; LINE 958
001B80r 1  rr           	.byte	TOK_VAR_SADDR
001B81r 1  rr           	makevar	"A"
001B82r 1  rr           	.byte	TOK_PUSH_0
001B83r 1  rr           	.byte	TOK_DPOKE
001B84r 1  rr           	.byte	TOK_BYTE
001B85r 1  05           	.byte	5
001B86r 1  rr           	.byte	TOK_PUSH_1
001B87r 1  rr           	.byte	TOK_FOR
001B88r 1  rr           	.byte	TOK_CNJUMP
001B89r 1  rr rr        	.word	jump_lbl_208
001B8Br 1               jump_lbl_209:
001B8Br 1               @FastBasic_LINE_959:	; LINE 959
001B8Br 1  rr           	.byte	TOK_VAR_LOAD
001B8Cr 1  rr           	makevar	"A"
001B8Dr 1  rr           	.byte	TOK_PUSH_VAR_LOAD
001B8Er 1  rr           	makevar	"PLAYERINDEX"
001B8Fr 1  rr           	.byte	TOK_NEQ
001B90r 1  rr           	.byte	TOK_CJUMP
001B91r 1  rr rr        	.word	jump_lbl_210
001B93r 1               @FastBasic_LINE_960:	; LINE 960
001B93r 1  rr           	.byte	TOK_VAR_LOAD
001B94r 1  rr           	makevar	"A"
001B95r 1  rr           	.byte	TOK_USHL
001B96r 1  rr           	.byte	TOK_ADD_VAR
001B97r 1  rr           	makevar	"XSTART"
001B98r 1  rr           	.byte	TOK_SADDR
001B99r 1  rr           	.byte	TOK_NUM
001B9Ar 1  rr rr        	.word	fb_lbl_XS
001B9Cr 1  rr           	.byte	TOK_PUSH_VAR_LOAD
001B9Dr 1  rr           	makevar	"I"
001B9Er 1  rr           	.byte	TOK_USHL
001B9Fr 1  rr           	.byte	TOK_ADD
001BA0r 1  rr           	.byte	TOK_DPEEK
001BA1r 1  rr           	.byte	TOK_DPOKE
001BA2r 1               @FastBasic_LINE_961:	; LINE 961
001BA2r 1  rr           	.byte	TOK_VAR_LOAD
001BA3r 1  rr           	makevar	"A"
001BA4r 1  rr           	.byte	TOK_USHL
001BA5r 1  rr           	.byte	TOK_ADD_VAR
001BA6r 1  rr           	makevar	"YSTART"
001BA7r 1  rr           	.byte	TOK_SADDR
001BA8r 1  rr           	.byte	TOK_NUM
001BA9r 1  rr rr        	.word	fb_lbl_YS
001BABr 1  rr           	.byte	TOK_PUSH_VAR_LOAD
001BACr 1  rr           	makevar	"I"
001BADr 1  rr           	.byte	TOK_USHL
001BAEr 1  rr           	.byte	TOK_ADD
001BAFr 1  rr           	.byte	TOK_DPEEK
001BB0r 1  rr           	.byte	TOK_DPOKE
001BB1r 1               @FastBasic_LINE_962:	; LINE 962
001BB1r 1  rr           	.byte	TOK_INCVAR
001BB2r 1  rr           	makevar	"I"
001BB3r 1               @FastBasic_LINE_963:	; LINE 963
001BB3r 1               jump_lbl_210:
001BB3r 1               @FastBasic_LINE_964:	; LINE 964
001BB3r 1  rr           	.byte	TOK_FOR_NEXT
001BB4r 1  rr           	.byte	TOK_CJUMP
001BB5r 1  rr rr        	.word	jump_lbl_209
001BB7r 1               jump_lbl_208:
001BB7r 1  rr           	.byte	TOK_FOR_EXIT
001BB8r 1               @FastBasic_LINE_965:	; LINE 965
001BB8r 1  rr           	.byte	TOK_RET
001BB9r 1               @FastBasic_LINE_953:	; LINE 953
001BB9r 1               	.segment "DATA"
00043Cr 1               	.export	fb_lbl_XS
00043Cr 1               fb_lbl_XS:
00043Cr 1  02 00        	.word	2
00043Er 1  01 00        	.word	1
000440r 1  01 00        	.word	1
000442r 1  0D 00        	.word	13
000444r 1  1A 00        	.word	26
000446r 1  1A 00        	.word	26
000448r 1               @FastBasic_LINE_954:	; LINE 954
000448r 1               	.segment "DATA"
000448r 1               	.export	fb_lbl_YS
000448r 1               fb_lbl_YS:
000448r 1  13 00        	.word	19
00044Ar 1  0E 00        	.word	14
00044Cr 1  08 00        	.word	8
00044Er 1  03 00        	.word	3
000450r 1  08 00        	.word	8
000452r 1  0E 00        	.word	14
000454r 1               @FastBasic_LINE_967:	; LINE 967
000454r 1               	.segment "BYTECODE"
001BB9r 1               	.export	fb_lbl_PLAYMOVE
001BB9r 1               fb_lbl_PLAYMOVE:
001BB9r 1               @FastBasic_LINE_968:	; LINE 968
001BB9r 1  rr           	.byte	TOK_VAR_SADDR
001BBAr 1  rr           	makevar	"JSON"
001BBBr 1  rr           	.byte	TOK_CSTRING
001BBCr 1  0C 2F 6D 6F  	.byte	12, "/move?table="
001BC0r 1  76 65 3F 74  
001BC4r 1  61 62 6C 65  
001BC9r 1  rr           	.byte	TOK_COPY_STR
001BCAr 1               @FastBasic_LINE_969:	; LINE 969
001BCAr 1  rr           	.byte	TOK_VAR_SADDR
001BCBr 1  rr           	makevar	"JSON"
001BCCr 1  rr           	.byte	TOK_VAR_LOAD
001BCDr 1  rr           	makevar	"TABLENUMBER"
001BCEr 1  rr           	.byte	TOK_USHL
001BCFr 1  rr           	.byte	TOK_ADD_VAR
001BD0r 1  rr           	makevar	"TABLEID"
001BD1r 1  rr           	.byte	TOK_DPEEK
001BD2r 1  rr           	.byte	TOK_CAT_STR
001BD3r 1               @FastBasic_LINE_970:	; LINE 970
001BD3r 1  rr           	.byte	TOK_VAR_SADDR
001BD4r 1  rr           	makevar	"JSON"
001BD5r 1  rr           	.byte	TOK_CSTRING
001BD6r 1  08 26 70 6C  	.byte	8, "&player="
001BDAr 1  61 79 65 72  
001BDEr 1  3D           
001BDFr 1  rr           	.byte	TOK_CAT_STR
001BE0r 1               @FastBasic_LINE_971:	; LINE 971
001BE0r 1  rr           	.byte	TOK_VAR_SADDR
001BE1r 1  rr           	makevar	"JSON"
001BE2r 1  rr           	.byte	TOK_VAR_LOAD
001BE3r 1  rr           	makevar	"MYNAME"
001BE4r 1  rr           	.byte	TOK_CAT_STR
001BE5r 1               @FastBasic_LINE_972:	; LINE 972
001BE5r 1  rr           	.byte	TOK_VAR_SADDR
001BE6r 1  rr           	makevar	"JSON"
001BE7r 1  rr           	.byte	TOK_CSTRING
001BE8r 1  04 26 56 4D  	.byte	4, "&VM="
001BECr 1  3D           
001BEDr 1  rr           	.byte	TOK_CAT_STR
001BEEr 1               @FastBasic_LINE_973:	; LINE 973
001BEEr 1  rr           	.byte	TOK_VAR_SADDR
001BEFr 1  rr           	makevar	"JSON"
001BF0r 1  rr           	.byte	TOK_VAR_LOAD
001BF1r 1  rr           	makevar	"MOVE"
001BF2r 1  rr           	.byte	TOK_CAT_STR
001BF3r 1               @FastBasic_LINE_974:	; LINE 974
001BF3r 1  rr           	.byte	TOK_JUMP
001BF4r 1  rr rr        	.word	fb_lbl_CALLFUJINET
001BF6r 1               @FastBasic_LINE_977:	; LINE 977
001BF6r 1               	.segment "BYTECODE"
001BF6r 1               	.export	fb_lbl_STARTGAME
001BF6r 1               fb_lbl_STARTGAME:
001BF6r 1               @FastBasic_LINE_978:	; LINE 978
001BF6r 1  rr           	.byte	TOK_VAR_SADDR
001BF7r 1  rr           	makevar	"JSON"
001BF8r 1  rr           	.byte	TOK_CSTRING
001BF9r 1  0D 2F 73 74  	.byte	13, "/start?table="
001BFDr 1  61 72 74 3F  
001C01r 1  74 61 62 6C  
001C07r 1  rr           	.byte	TOK_COPY_STR
001C08r 1               @FastBasic_LINE_979:	; LINE 979
001C08r 1  rr           	.byte	TOK_VAR_SADDR
001C09r 1  rr           	makevar	"JSON"
001C0Ar 1  rr           	.byte	TOK_VAR_LOAD
001C0Br 1  rr           	makevar	"TABLENUMBER"
001C0Cr 1  rr           	.byte	TOK_USHL
001C0Dr 1  rr           	.byte	TOK_ADD_VAR
001C0Er 1  rr           	makevar	"TABLEID"
001C0Fr 1  rr           	.byte	TOK_DPEEK
001C10r 1  rr           	.byte	TOK_CAT_STR
001C11r 1               @FastBasic_LINE_980:	; LINE 980
001C11r 1  rr           	.byte	TOK_JUMP
001C12r 1  rr rr        	.word	fb_lbl_CALLFUJINET
001C14r 1               @FastBasic_LINE_983:	; LINE 983
001C14r 1               	.segment "BYTECODE"
001C14r 1               	.export	fb_lbl_DEALCARDS
001C14r 1               fb_lbl_DEALCARDS:
001C14r 1               @FastBasic_LINE_991:	; LINE 991
001C14r 1  rr           	.byte	TOK_VAR_SADDR
001C15r 1  rr           	makevar	"CARDNUMBER"
001C16r 1  rr           	.byte	TOK_PUSH_1
001C17r 1  rr           	.byte	TOK_DPOKE
001C18r 1  rr           	.byte	TOK_BYTE
001C19r 1  06           	.byte	6
001C1Ar 1  rr           	.byte	TOK_PUSH_1
001C1Br 1  rr           	.byte	TOK_FOR
001C1Cr 1  rr           	.byte	TOK_CNJUMP
001C1Dr 1  rr rr        	.word	jump_lbl_224
001C1Fr 1               jump_lbl_225:
001C1Fr 1               @FastBasic_LINE_992:	; LINE 992
001C1Fr 1  rr           	.byte	TOK_VAR_SADDR
001C20r 1  rr           	makevar	"PLAYER"
001C21r 1  rr           	.byte	TOK_PUSH_0
001C22r 1  rr           	.byte	TOK_DPOKE
001C23r 1  rr           	.byte	TOK_BYTE
001C24r 1  05           	.byte	5
001C25r 1  rr           	.byte	TOK_PUSH_1
001C26r 1  rr           	.byte	TOK_FOR
001C27r 1  rr           	.byte	TOK_CNJUMP
001C28r 1  rr rr        	.word	jump_lbl_226
001C2Ar 1               jump_lbl_227:
001C2Ar 1               @FastBasic_LINE_993:	; LINE 993
001C2Ar 1  rr           	.byte	TOK_VAR_LOAD
001C2Br 1  rr           	makevar	"PLAYER"
001C2Cr 1  rr           	.byte	TOK_COMP_0
001C2Dr 1  rr           	.byte	TOK_L_NOT
001C2Er 1  rr           	.byte	TOK_PUSH_VAR_LOAD
001C2Fr 1  rr           	makevar	"PLAYER"
001C30r 1  rr           	.byte	TOK_USHL
001C31r 1  rr           	.byte	TOK_ADD_VAR
001C32r 1  rr           	makevar	"PLAYERNAME"
001C33r 1  rr           	.byte	TOK_DPEEK
001C34r 1  rr           	.byte	TOK_PUSH
001C35r 1  rr           	.byte	TOK_CSTRING
001C36r 1  00           	.byte	0
001C37r 1  rr           	.byte	TOK_CMP_STR
001C38r 1  rr           	.byte	TOK_NEQ
001C39r 1  rr           	.byte	TOK_L_AND
001C3Ar 1  rr           	.byte	TOK_CJUMP
001C3Br 1  rr rr        	.word	jump_lbl_228
001C3Dr 1  rr           	.byte	TOK_NUM
001C3Er 1  rr rr        	.word	fb_lbl_XEND0
001C40r 1  rr           	.byte	TOK_PUSH_VAR_LOAD
001C41r 1  rr           	makevar	"CARDNUMBER"
001C42r 1  rr           	.byte	TOK_PUSH_1
001C43r 1  rr           	.byte	TOK_SUB
001C44r 1  rr           	.byte	TOK_USHL
001C45r 1  rr           	.byte	TOK_ADD
001C46r 1  rr           	.byte	TOK_DPEEK
001C47r 1  rr           	.byte	TOK_PUSH_NUM
001C48r 1  rr rr        	.word	fb_lbl_YEND
001C4Ar 1  rr           	.byte	TOK_PUSH_VAR_LOAD
001C4Br 1  rr           	makevar	"PLAYER"
001C4Cr 1  rr           	.byte	TOK_USHL
001C4Dr 1  rr           	.byte	TOK_ADD
001C4Er 1  rr           	.byte	TOK_DPEEK
001C4Fr 1  rr           	.byte	TOK_PUSH_VAR_LOAD
001C50r 1  rr           	makevar	"PLAYERINDEX"
001C51r 1  rr           	.byte	TOK_USHL
001C52r 1  rr           	.byte	TOK_ADD_VAR
001C53r 1  rr           	makevar	"PLAYERHAND"
001C54r 1  rr           	.byte	TOK_DPEEK
001C55r 1  rr           	.byte	TOK_PUSH_VAR_LOAD
001C56r 1  rr           	makevar	"CARDNUMBER"
001C57r 1  rr           	.byte	TOK_PUSH_1
001C58r 1  rr           	.byte	TOK_STR_IDX
001C59r 1  rr           	.byte	TOK_VAL
001C5Ar 1  rr           	.byte	TOK_PUSH
001C5Br 1  rr           	.byte	TOK_CALL
001C5Cr 1  rr rr        	.word	fb_lbl_DRAWCARDFROMDECK
001C5Er 1               jump_lbl_228:
001C5Er 1               @FastBasic_LINE_994:	; LINE 994
001C5Er 1  rr           	.byte	TOK_VAR_LOAD
001C5Fr 1  rr           	makevar	"PLAYER"
001C60r 1  rr           	.byte	TOK_PUSH_1
001C61r 1  rr           	.byte	TOK_EQ
001C62r 1  rr           	.byte	TOK_PUSH_VAR_LOAD
001C63r 1  rr           	makevar	"PLAYER"
001C64r 1  rr           	.byte	TOK_USHL
001C65r 1  rr           	.byte	TOK_ADD_VAR
001C66r 1  rr           	makevar	"PLAYERNAME"
001C67r 1  rr           	.byte	TOK_DPEEK
001C68r 1  rr           	.byte	TOK_PUSH
001C69r 1  rr           	.byte	TOK_CSTRING
001C6Ar 1  00           	.byte	0
001C6Br 1  rr           	.byte	TOK_CMP_STR
001C6Cr 1  rr           	.byte	TOK_NEQ
001C6Dr 1  rr           	.byte	TOK_L_AND
001C6Er 1  rr           	.byte	TOK_CJUMP
001C6Fr 1  rr rr        	.word	jump_lbl_229
001C71r 1  rr           	.byte	TOK_NUM
001C72r 1  rr rr        	.word	fb_lbl_XEND1
001C74r 1  rr           	.byte	TOK_PUSH_VAR_LOAD
001C75r 1  rr           	makevar	"CARDNUMBER"
001C76r 1  rr           	.byte	TOK_PUSH_1
001C77r 1  rr           	.byte	TOK_SUB
001C78r 1  rr           	.byte	TOK_USHL
001C79r 1  rr           	.byte	TOK_ADD
001C7Ar 1  rr           	.byte	TOK_DPEEK
001C7Br 1  rr           	.byte	TOK_PUSH_NUM
001C7Cr 1  rr rr        	.word	fb_lbl_YEND
001C7Er 1  rr           	.byte	TOK_PUSH_VAR_LOAD
001C7Fr 1  rr           	makevar	"PLAYER"
001C80r 1  rr           	.byte	TOK_USHL
001C81r 1  rr           	.byte	TOK_ADD
001C82r 1  rr           	.byte	TOK_DPEEK
001C83r 1  rr           	.byte	TOK_PUSH_BYTE
001C84r 1  09           	.byte	9
001C85r 1  rr           	.byte	TOK_PUSH
001C86r 1  rr           	.byte	TOK_CALL
001C87r 1  rr rr        	.word	fb_lbl_DRAWCARDFROMDECK
001C89r 1               jump_lbl_229:
001C89r 1               @FastBasic_LINE_995:	; LINE 995
001C89r 1  rr           	.byte	TOK_VAR_LOAD
001C8Ar 1  rr           	makevar	"PLAYER"
001C8Br 1  rr           	.byte	TOK_PUSH_BYTE
001C8Cr 1  02           	.byte	2
001C8Dr 1  rr           	.byte	TOK_EQ
001C8Er 1  rr           	.byte	TOK_PUSH_VAR_LOAD
001C8Fr 1  rr           	makevar	"PLAYER"
001C90r 1  rr           	.byte	TOK_USHL
001C91r 1  rr           	.byte	TOK_ADD_VAR
001C92r 1  rr           	makevar	"PLAYERNAME"
001C93r 1  rr           	.byte	TOK_DPEEK
001C94r 1  rr           	.byte	TOK_PUSH
001C95r 1  rr           	.byte	TOK_CSTRING
001C96r 1  00           	.byte	0
001C97r 1  rr           	.byte	TOK_CMP_STR
001C98r 1  rr           	.byte	TOK_NEQ
001C99r 1  rr           	.byte	TOK_L_AND
001C9Ar 1  rr           	.byte	TOK_CJUMP
001C9Br 1  rr rr        	.word	jump_lbl_230
001C9Dr 1  rr           	.byte	TOK_NUM
001C9Er 1  rr rr        	.word	fb_lbl_XEND2
001CA0r 1  rr           	.byte	TOK_PUSH_VAR_LOAD
001CA1r 1  rr           	makevar	"CARDNUMBER"
001CA2r 1  rr           	.byte	TOK_PUSH_1
001CA3r 1  rr           	.byte	TOK_SUB
001CA4r 1  rr           	.byte	TOK_USHL
001CA5r 1  rr           	.byte	TOK_ADD
001CA6r 1  rr           	.byte	TOK_DPEEK
001CA7r 1  rr           	.byte	TOK_PUSH_NUM
001CA8r 1  rr rr        	.word	fb_lbl_YEND
001CAAr 1  rr           	.byte	TOK_PUSH_VAR_LOAD
001CABr 1  rr           	makevar	"PLAYER"
001CACr 1  rr           	.byte	TOK_USHL
001CADr 1  rr           	.byte	TOK_ADD
001CAEr 1  rr           	.byte	TOK_DPEEK
001CAFr 1  rr           	.byte	TOK_PUSH_BYTE
001CB0r 1  09           	.byte	9
001CB1r 1  rr           	.byte	TOK_PUSH
001CB2r 1  rr           	.byte	TOK_CALL
001CB3r 1  rr rr        	.word	fb_lbl_DRAWCARDFROMDECK
001CB5r 1               jump_lbl_230:
001CB5r 1               @FastBasic_LINE_996:	; LINE 996
001CB5r 1  rr           	.byte	TOK_VAR_LOAD
001CB6r 1  rr           	makevar	"PLAYER"
001CB7r 1  rr           	.byte	TOK_PUSH_BYTE
001CB8r 1  03           	.byte	3
001CB9r 1  rr           	.byte	TOK_EQ
001CBAr 1  rr           	.byte	TOK_PUSH_VAR_LOAD
001CBBr 1  rr           	makevar	"PLAYER"
001CBCr 1  rr           	.byte	TOK_USHL
001CBDr 1  rr           	.byte	TOK_ADD_VAR
001CBEr 1  rr           	makevar	"PLAYERNAME"
001CBFr 1  rr           	.byte	TOK_DPEEK
001CC0r 1  rr           	.byte	TOK_PUSH
001CC1r 1  rr           	.byte	TOK_CSTRING
001CC2r 1  00           	.byte	0
001CC3r 1  rr           	.byte	TOK_CMP_STR
001CC4r 1  rr           	.byte	TOK_NEQ
001CC5r 1  rr           	.byte	TOK_L_AND
001CC6r 1  rr           	.byte	TOK_CJUMP
001CC7r 1  rr rr        	.word	jump_lbl_231
001CC9r 1  rr           	.byte	TOK_NUM
001CCAr 1  rr rr        	.word	fb_lbl_XEND3
001CCCr 1  rr           	.byte	TOK_PUSH_VAR_LOAD
001CCDr 1  rr           	makevar	"CARDNUMBER"
001CCEr 1  rr           	.byte	TOK_PUSH_1
001CCFr 1  rr           	.byte	TOK_SUB
001CD0r 1  rr           	.byte	TOK_USHL
001CD1r 1  rr           	.byte	TOK_ADD
001CD2r 1  rr           	.byte	TOK_DPEEK
001CD3r 1  rr           	.byte	TOK_PUSH_NUM
001CD4r 1  rr rr        	.word	fb_lbl_YEND
001CD6r 1  rr           	.byte	TOK_PUSH_VAR_LOAD
001CD7r 1  rr           	makevar	"PLAYER"
001CD8r 1  rr           	.byte	TOK_USHL
001CD9r 1  rr           	.byte	TOK_ADD
001CDAr 1  rr           	.byte	TOK_DPEEK
001CDBr 1  rr           	.byte	TOK_PUSH_BYTE
001CDCr 1  09           	.byte	9
001CDDr 1  rr           	.byte	TOK_PUSH
001CDEr 1  rr           	.byte	TOK_CALL
001CDFr 1  rr rr        	.word	fb_lbl_DRAWCARDFROMDECK
001CE1r 1               jump_lbl_231:
001CE1r 1               @FastBasic_LINE_997:	; LINE 997
001CE1r 1  rr           	.byte	TOK_VAR_LOAD
001CE2r 1  rr           	makevar	"PLAYER"
001CE3r 1  rr           	.byte	TOK_PUSH_BYTE
001CE4r 1  04           	.byte	4
001CE5r 1  rr           	.byte	TOK_EQ
001CE6r 1  rr           	.byte	TOK_PUSH_VAR_LOAD
001CE7r 1  rr           	makevar	"PLAYER"
001CE8r 1  rr           	.byte	TOK_USHL
001CE9r 1  rr           	.byte	TOK_ADD_VAR
001CEAr 1  rr           	makevar	"PLAYERNAME"
001CEBr 1  rr           	.byte	TOK_DPEEK
001CECr 1  rr           	.byte	TOK_PUSH
001CEDr 1  rr           	.byte	TOK_CSTRING
001CEEr 1  00           	.byte	0
001CEFr 1  rr           	.byte	TOK_CMP_STR
001CF0r 1  rr           	.byte	TOK_NEQ
001CF1r 1  rr           	.byte	TOK_L_AND
001CF2r 1  rr           	.byte	TOK_CJUMP
001CF3r 1  rr rr        	.word	jump_lbl_232
001CF5r 1  rr           	.byte	TOK_NUM
001CF6r 1  rr rr        	.word	fb_lbl_XEND4
001CF8r 1  rr           	.byte	TOK_PUSH_VAR_LOAD
001CF9r 1  rr           	makevar	"CARDNUMBER"
001CFAr 1  rr           	.byte	TOK_PUSH_1
001CFBr 1  rr           	.byte	TOK_SUB
001CFCr 1  rr           	.byte	TOK_USHL
001CFDr 1  rr           	.byte	TOK_ADD
001CFEr 1  rr           	.byte	TOK_DPEEK
001CFFr 1  rr           	.byte	TOK_PUSH_NUM
001D00r 1  rr rr        	.word	fb_lbl_YEND
001D02r 1  rr           	.byte	TOK_PUSH_VAR_LOAD
001D03r 1  rr           	makevar	"PLAYER"
001D04r 1  rr           	.byte	TOK_USHL
001D05r 1  rr           	.byte	TOK_ADD
001D06r 1  rr           	.byte	TOK_DPEEK
001D07r 1  rr           	.byte	TOK_PUSH_BYTE
001D08r 1  09           	.byte	9
001D09r 1  rr           	.byte	TOK_PUSH
001D0Ar 1  rr           	.byte	TOK_CALL
001D0Br 1  rr rr        	.word	fb_lbl_DRAWCARDFROMDECK
001D0Dr 1               jump_lbl_232:
001D0Dr 1               @FastBasic_LINE_998:	; LINE 998
001D0Dr 1  rr           	.byte	TOK_VAR_LOAD
001D0Er 1  rr           	makevar	"PLAYER"
001D0Fr 1  rr           	.byte	TOK_PUSH_BYTE
001D10r 1  05           	.byte	5
001D11r 1  rr           	.byte	TOK_EQ
001D12r 1  rr           	.byte	TOK_PUSH_VAR_LOAD
001D13r 1  rr           	makevar	"PLAYER"
001D14r 1  rr           	.byte	TOK_USHL
001D15r 1  rr           	.byte	TOK_ADD_VAR
001D16r 1  rr           	makevar	"PLAYERNAME"
001D17r 1  rr           	.byte	TOK_DPEEK
001D18r 1  rr           	.byte	TOK_PUSH
001D19r 1  rr           	.byte	TOK_CSTRING
001D1Ar 1  00           	.byte	0
001D1Br 1  rr           	.byte	TOK_CMP_STR
001D1Cr 1  rr           	.byte	TOK_NEQ
001D1Dr 1  rr           	.byte	TOK_L_AND
001D1Er 1  rr           	.byte	TOK_CJUMP
001D1Fr 1  rr rr        	.word	jump_lbl_233
001D21r 1  rr           	.byte	TOK_NUM
001D22r 1  rr rr        	.word	fb_lbl_XEND5
001D24r 1  rr           	.byte	TOK_PUSH_VAR_LOAD
001D25r 1  rr           	makevar	"CARDNUMBER"
001D26r 1  rr           	.byte	TOK_PUSH_1
001D27r 1  rr           	.byte	TOK_SUB
001D28r 1  rr           	.byte	TOK_USHL
001D29r 1  rr           	.byte	TOK_ADD
001D2Ar 1  rr           	.byte	TOK_DPEEK
001D2Br 1  rr           	.byte	TOK_PUSH_NUM
001D2Cr 1  rr rr        	.word	fb_lbl_YEND
001D2Er 1  rr           	.byte	TOK_PUSH_VAR_LOAD
001D2Fr 1  rr           	makevar	"PLAYER"
001D30r 1  rr           	.byte	TOK_USHL
001D31r 1  rr           	.byte	TOK_ADD
001D32r 1  rr           	.byte	TOK_DPEEK
001D33r 1  rr           	.byte	TOK_PUSH_BYTE
001D34r 1  09           	.byte	9
001D35r 1  rr           	.byte	TOK_PUSH
001D36r 1  rr           	.byte	TOK_CALL
001D37r 1  rr rr        	.word	fb_lbl_DRAWCARDFROMDECK
001D39r 1               jump_lbl_233:
001D39r 1               @FastBasic_LINE_999:	; LINE 999
001D39r 1  rr           	.byte	TOK_FOR_NEXT
001D3Ar 1  rr           	.byte	TOK_CJUMP
001D3Br 1  rr rr        	.word	jump_lbl_227
001D3Dr 1               jump_lbl_226:
001D3Dr 1  rr           	.byte	TOK_FOR_EXIT
001D3Er 1               @FastBasic_LINE_1000:	; LINE 1000
001D3Er 1  rr           	.byte	TOK_FOR_NEXT
001D3Fr 1  rr           	.byte	TOK_CJUMP
001D40r 1  rr rr        	.word	jump_lbl_225
001D42r 1               jump_lbl_224:
001D42r 1  rr           	.byte	TOK_FOR_EXIT
001D43r 1               @FastBasic_LINE_1001:	; LINE 1001
001D43r 1  rr           	.byte	TOK_BYTE
001D44r 1  14           	.byte	20
001D45r 1  rr           	.byte	TOK_PUSH_BYTE
001D46r 1  09           	.byte	9
001D47r 1  rr           	.byte	TOK_PUSH_VAR_LOAD
001D48r 1  rr           	makevar	"DISCARDTOP"
001D49r 1  rr           	.byte	TOK_PUSH
001D4Ar 1  rr           	.byte	TOK_CALL
001D4Br 1  rr rr        	.word	fb_lbl_DRAWCARDFROMDECK
001D4Dr 1               @FastBasic_LINE_1002:	; LINE 1002
001D4Dr 1  rr           	.byte	TOK_1
001D4Er 1  rr           	.byte	TOK_VAR_STORE
001D4Fr 1  rr           	makevar	"DEALT"
001D50r 1               @FastBasic_LINE_1003:	; LINE 1003
001D50r 1  rr           	.byte	TOK_JUMP
001D51r 1  rr rr        	.word	fb_lbl_SETPLAYERSLOTS
001D53r 1               @FastBasic_LINE_984:	; LINE 984
001D53r 1               	.segment "DATA"
000454r 1               	.export	fb_lbl_YEND
000454r 1               fb_lbl_YEND:
000454r 1  13 00        	.word	19
000456r 1  0E 00        	.word	14
000458r 1  08 00        	.word	8
00045Ar 1  03 00        	.word	3
00045Cr 1  08 00        	.word	8
00045Er 1  0E 00        	.word	14
000460r 1               @FastBasic_LINE_985:	; LINE 985
000460r 1               	.segment "DATA"
000460r 1               	.export	fb_lbl_XEND0
000460r 1               fb_lbl_XEND0:
000460r 1  09 00        	.word	9
000462r 1  0D 00        	.word	13
000464r 1  11 00        	.word	17
000466r 1  15 00        	.word	21
000468r 1  19 00        	.word	25
00046Ar 1  1D 00        	.word	29
00046Cr 1               @FastBasic_LINE_986:	; LINE 986
00046Cr 1               	.segment "DATA"
00046Cr 1               	.export	fb_lbl_XEND1
00046Cr 1               fb_lbl_XEND1:
00046Cr 1  01 00        	.word	1
00046Er 1  03 00        	.word	3
000470r 1  05 00        	.word	5
000472r 1  07 00        	.word	7
000474r 1  09 00        	.word	9
000476r 1  0B 00        	.word	11
000478r 1               @FastBasic_LINE_987:	; LINE 987
000478r 1               	.segment "DATA"
000478r 1               	.export	fb_lbl_XEND2
000478r 1               fb_lbl_XEND2:
000478r 1  01 00        	.word	1
00047Ar 1  03 00        	.word	3
00047Cr 1  05 00        	.word	5
00047Er 1  07 00        	.word	7
000480r 1  09 00        	.word	9
000482r 1  0B 00        	.word	11
000484r 1               @FastBasic_LINE_988:	; LINE 988
000484r 1               	.segment "DATA"
000484r 1               	.export	fb_lbl_XEND3
000484r 1               fb_lbl_XEND3:
000484r 1  0E 00        	.word	14
000486r 1  10 00        	.word	16
000488r 1  12 00        	.word	18
00048Ar 1  14 00        	.word	20
00048Cr 1  16 00        	.word	22
00048Er 1  18 00        	.word	24
000490r 1               @FastBasic_LINE_989:	; LINE 989
000490r 1               	.segment "DATA"
000490r 1               	.export	fb_lbl_XEND4
000490r 1               fb_lbl_XEND4:
000490r 1  26 00        	.word	38
000492r 1  24 00        	.word	36
000494r 1  22 00        	.word	34
000496r 1  20 00        	.word	32
000498r 1  1E 00        	.word	30
00049Ar 1  1C 00        	.word	28
00049Cr 1               @FastBasic_LINE_990:	; LINE 990
00049Cr 1               	.segment "DATA"
00049Cr 1               	.export	fb_lbl_XEND5
00049Cr 1               fb_lbl_XEND5:
00049Cr 1  26 00        	.word	38
00049Er 1  24 00        	.word	36
0004A0r 1  22 00        	.word	34
0004A2r 1  20 00        	.word	32
0004A4r 1  1E 00        	.word	30
0004A6r 1  1C 00        	.word	28
0004A8r 1               @FastBasic_LINE_1006:	; LINE 1006
0004A8r 1               	.segment "BYTECODE"
001D53r 1               	.export	fb_lbl_CHECKERRORS
001D53r 1               fb_lbl_CHECKERRORS:
001D53r 1               @FastBasic_LINE_1009:	; LINE 1009
001D53r 1  rr           	.byte	TOK_1
001D54r 1  rr           	.byte	TOK_VAR_STORE
001D55r 1  rr           	makevar	"OK"
001D56r 1               @FastBasic_LINE_1010:	; LINE 1010
001D56r 1  rr           	.byte	TOK_VAR_LOAD
001D57r 1  rr           	makevar	"DUMMY"
001D58r 1  rr           	.byte	TOK_PEEK
001D59r 1  rr           	.byte	TOK_PUSH_0
001D5Ar 1  rr           	.byte	TOK_GT
001D5Br 1  rr           	.byte	TOK_CJUMP
001D5Cr 1  rr rr        	.word	jump_lbl_236
001D5Er 1               jump_lbl_236:
001D5Er 1               @FastBasic_LINE_1011:	; LINE 1011
001D5Er 1  rr           	.byte	TOK_0
001D5Fr 1  rr           	.byte	TOK_PUSH_0
001D60r 1  rr           	.byte	TOK_PUSH
001D61r 1  rr           	.byte	TOK_CALL
001D62r 1  rr rr        	.word	fb_lbl_POS
001D64r 1               @FastBasic_LINE_1012:	; LINE 1012
001D64r 1  rr           	.byte	TOK_VAR_LOAD
001D65r 1  rr           	makevar	"DUMMY"
001D66r 1  rr           	.byte	TOK_PUSH_BYTE
001D67r 1  05           	.byte	5
001D68r 1  rr           	.byte	TOK_PUSH_1
001D69r 1  rr           	.byte	TOK_STR_IDX
001D6Ar 1  rr           	.byte	TOK_VAL
001D6Br 1  rr           	.byte	TOK_VAR_STORE
001D6Cr 1  rr           	makevar	"_ERR"
001D6Dr 1               @FastBasic_LINE_1013:	; LINE 1013
001D6Dr 1  rr           	.byte	TOK_VAR_LOAD
001D6Er 1  rr           	makevar	"_ERR"
001D6Fr 1  rr           	.byte	TOK_PUSH_1
001D70r 1  rr           	.byte	TOK_EQ
001D71r 1  rr           	.byte	TOK_CJUMP
001D72r 1  rr rr        	.word	jump_lbl_237
001D74r 1               @FastBasic_LINE_1014:	; LINE 1014
001D74r 1  rr           	.byte	TOK_VAR_STORE_0
001D75r 1  rr           	makevar	"OK"
001D76r 1               @FastBasic_LINE_1015:	; LINE 1015
001D76r 1  rr           	.byte	TOK_CSTRING
001D77r 1  22 20 59 6F  	.byte	34, " You need to specify a valid table"
001D7Br 1  75 20 6E 65  
001D7Fr 1  65 64 20 74  
001D9Ar 1  rr           	.byte	TOK_PUSH
001D9Br 1  rr           	.byte	TOK_JUMP
001D9Cr 1  rr rr        	.word	fb_lbl_PRINTUPPER
001D9Er 1               @FastBasic_LINE_1016:	; LINE 1016
001D9Er 1               jump_lbl_237:
001D9Er 1  rr           	.byte	TOK_VAR_LOAD
001D9Fr 1  rr           	makevar	"_ERR"
001DA0r 1  rr           	.byte	TOK_PUSH_BYTE
001DA1r 1  02           	.byte	2
001DA2r 1  rr           	.byte	TOK_EQ
001DA3r 1  rr           	.byte	TOK_CJUMP
001DA4r 1  rr rr        	.word	jump_lbl_239
001DA6r 1               @FastBasic_LINE_1017:	; LINE 1017
001DA6r 1  rr           	.byte	TOK_VAR_STORE_0
001DA7r 1  rr           	makevar	"OK"
001DA8r 1               @FastBasic_LINE_1018:	; LINE 1018
001DA8r 1  rr           	.byte	TOK_CSTRING
001DA9r 1  21 20 59 6F  	.byte	33, " You need to supply a player name"
001DADr 1  75 20 6E 65  
001DB1r 1  65 64 20 74  
001DCBr 1  rr           	.byte	TOK_PUSH
001DCCr 1  rr           	.byte	TOK_CALL
001DCDr 1  rr rr        	.word	fb_lbl_PRINTUPPER
001DCFr 1               @FastBasic_LINE_1019:	; LINE 1019
001DCFr 1  rr           	.byte	TOK_CSTRING
001DD0r 1  10 20 74 6F  	.byte	16, " to join a table"
001DD4r 1  20 6A 6F 69  
001DD8r 1  6E 20 61 20  
001DE1r 1  rr           	.byte	TOK_PUSH
001DE2r 1  rr           	.byte	TOK_JUMP
001DE3r 1  rr rr        	.word	fb_lbl_PRINTUPPER
001DE5r 1               @FastBasic_LINE_1020:	; LINE 1020
001DE5r 1               jump_lbl_239:
001DE5r 1  rr           	.byte	TOK_VAR_LOAD
001DE6r 1  rr           	makevar	"_ERR"
001DE7r 1  rr           	.byte	TOK_PUSH_BYTE
001DE8r 1  03           	.byte	3
001DE9r 1  rr           	.byte	TOK_EQ
001DEAr 1  rr           	.byte	TOK_CJUMP
001DEBr 1  rr rr        	.word	jump_lbl_241
001DEDr 1               @FastBasic_LINE_1021:	; LINE 1021
001DEDr 1  rr           	.byte	TOK_VAR_STORE_0
001DEEr 1  rr           	makevar	"OK"
001DEFr 1               @FastBasic_LINE_1022:	; LINE 1022
001DEFr 1  rr           	.byte	TOK_CSTRING
001DF0r 1  07 53 6F 72  	.byte	7, "Sorry: "
001DF4r 1  72 79 3A 20  
001DF8r 1  rr           	.byte	TOK_PUSH
001DF9r 1  rr           	.byte	TOK_CALL
001DFAr 1  rr rr        	.word	fb_lbl_PRINTUPPER
001DFCr 1  rr           	.byte	TOK_VAR_LOAD
001DFDr 1  rr           	makevar	"MYNAME"
001DFEr 1  rr           	.byte	TOK_PUSH
001DFFr 1  rr           	.byte	TOK_CALL
001E00r 1  rr rr        	.word	fb_lbl_PRINTUPPER
001E02r 1  rr           	.byte	TOK_CSTRING
001E03r 1  13 20 73 6F  	.byte	19, " someone is already"
001E07r 1  6D 65 6F 6E  
001E0Br 1  65 20 69 73  
001E17r 1  rr           	.byte	TOK_PUSH
001E18r 1  rr           	.byte	TOK_CALL
001E19r 1  rr rr        	.word	fb_lbl_PRINTUPPER
001E1Br 1               @FastBasic_LINE_1023:	; LINE 1023
001E1Br 1  rr           	.byte	TOK_CSTRING
001E1Cr 1  09 61 74 20  	.byte	9, "at table "
001E20r 1  74 61 62 6C  
001E24r 1  65 20        
001E26r 1  rr           	.byte	TOK_PUSH
001E27r 1  rr           	.byte	TOK_CALL
001E28r 1  rr rr        	.word	fb_lbl_PRINTUPPER
001E2Ar 1  rr           	.byte	TOK_VAR_LOAD
001E2Br 1  rr           	makevar	"TABLENUMBER"
001E2Cr 1  rr           	.byte	TOK_USHL
001E2Dr 1  rr           	.byte	TOK_ADD_VAR
001E2Er 1  rr           	makevar	"TABLENAME"
001E2Fr 1  rr           	.byte	TOK_DPEEK
001E30r 1  rr           	.byte	TOK_PUSH
001E31r 1  rr           	.byte	TOK_CALL
001E32r 1  rr rr        	.word	fb_lbl_PRINTUPPER
001E34r 1  rr           	.byte	TOK_CSTRING
001E35r 1  0F 77 69 74  	.byte	15, "with that name,"
001E39r 1  68 20 74 68  
001E3Dr 1  61 74 20 6E  
001E45r 1  rr           	.byte	TOK_PUSH
001E46r 1  rr           	.byte	TOK_CALL
001E47r 1  rr rr        	.word	fb_lbl_PRINTUPPER
001E49r 1               @FastBasic_LINE_1024:	; LINE 1024
001E49r 1  rr           	.byte	TOK_CSTRING
001E4Ar 1  16 70 6C 65  	.byte	22, "please try a different"
001E4Er 1  61 73 65 20  
001E52r 1  74 72 79 20  
001E61r 1  rr           	.byte	TOK_PUSH
001E62r 1  rr           	.byte	TOK_CALL
001E63r 1  rr rr        	.word	fb_lbl_PRINTUPPER
001E65r 1               @FastBasic_LINE_1025:	; LINE 1025
001E65r 1  rr           	.byte	TOK_CSTRING
001E66r 1  11 74 61 62  	.byte	17, "table and or name"
001E6Ar 1  6C 65 20 61  
001E6Er 1  6E 64 20 6F  
001E78r 1  rr           	.byte	TOK_PUSH
001E79r 1  rr           	.byte	TOK_JUMP
001E7Ar 1  rr rr        	.word	fb_lbl_PRINTUPPER
001E7Cr 1               @FastBasic_LINE_1027:	; LINE 1027
001E7Cr 1               jump_lbl_241:
001E7Cr 1  rr           	.byte	TOK_VAR_LOAD
001E7Dr 1  rr           	makevar	"_ERR"
001E7Er 1  rr           	.byte	TOK_PUSH_BYTE
001E7Fr 1  04           	.byte	4
001E80r 1  rr           	.byte	TOK_EQ
001E81r 1  rr           	.byte	TOK_CJUMP
001E82r 1  rr rr        	.word	jump_lbl_243
001E84r 1               @FastBasic_LINE_1028:	; LINE 1028
001E84r 1  rr           	.byte	TOK_VAR_STORE_0
001E85r 1  rr           	makevar	"OK"
001E86r 1               @FastBasic_LINE_1029:	; LINE 1029
001E86r 1  rr           	.byte	TOK_CSTRING
001E87r 1  07 53 6F 72  	.byte	7, "Sorry: "
001E8Br 1  72 79 3A 20  
001E8Fr 1  rr           	.byte	TOK_PUSH
001E90r 1  rr           	.byte	TOK_CALL
001E91r 1  rr rr        	.word	fb_lbl_PRINTUPPER
001E93r 1  rr           	.byte	TOK_VAR_LOAD
001E94r 1  rr           	makevar	"MYNAME"
001E95r 1  rr           	.byte	TOK_PUSH
001E96r 1  rr           	.byte	TOK_CALL
001E97r 1  rr rr        	.word	fb_lbl_PRINTUPPER
001E99r 1  rr           	.byte	TOK_CSTRING
001E9Ar 1  07 20 74 61  	.byte	7, " table "
001E9Er 1  62 6C 65 20  
001EA2r 1  rr           	.byte	TOK_PUSH
001EA3r 1  rr           	.byte	TOK_CALL
001EA4r 1  rr rr        	.word	fb_lbl_PRINTUPPER
001EA6r 1  rr           	.byte	TOK_VAR_LOAD
001EA7r 1  rr           	makevar	"TABLENUMBER"
001EA8r 1  rr           	.byte	TOK_USHL
001EA9r 1  rr           	.byte	TOK_ADD_VAR
001EAAr 1  rr           	makevar	"TABLENAME"
001EABr 1  rr           	.byte	TOK_DPEEK
001EACr 1  rr           	.byte	TOK_PUSH
001EADr 1  rr           	.byte	TOK_CALL
001EAEr 1  rr rr        	.word	fb_lbl_PRINTUPPER
001EB0r 1               @FastBasic_LINE_1030:	; LINE 1030
001EB0r 1  rr           	.byte	TOK_CSTRING
001EB1r 1  18 20 68 61  	.byte	24, " has a game in progress,"
001EB5r 1  73 20 61 20  
001EB9r 1  67 61 6D 65  
001ECAr 1  rr           	.byte	TOK_PUSH
001ECBr 1  rr           	.byte	TOK_CALL
001ECCr 1  rr rr        	.word	fb_lbl_PRINTUPPER
001ECEr 1               @FastBasic_LINE_1031:	; LINE 1031
001ECEr 1  rr           	.byte	TOK_CSTRING
001ECFr 1  1C 70 6C 65  	.byte	28, "please try a different table"
001ED3r 1  61 73 65 20  
001ED7r 1  74 72 79 20  
001EECr 1  rr           	.byte	TOK_PUSH
001EEDr 1  rr           	.byte	TOK_JUMP
001EEEr 1  rr rr        	.word	fb_lbl_PRINTUPPER
001EF0r 1               @FastBasic_LINE_1032:	; LINE 1032
001EF0r 1               jump_lbl_243:
001EF0r 1  rr           	.byte	TOK_VAR_LOAD
001EF1r 1  rr           	makevar	"_ERR"
001EF2r 1  rr           	.byte	TOK_PUSH_BYTE
001EF3r 1  05           	.byte	5
001EF4r 1  rr           	.byte	TOK_EQ
001EF5r 1  rr           	.byte	TOK_CJUMP
001EF6r 1  rr rr        	.word	jump_lbl_245
001EF8r 1               @FastBasic_LINE_1033:	; LINE 1033
001EF8r 1  rr           	.byte	TOK_VAR_STORE_0
001EF9r 1  rr           	makevar	"OK"
001EFAr 1               @FastBasic_LINE_1034:	; LINE 1034
001EFAr 1  rr           	.byte	TOK_CSTRING
001EFBr 1  07 53 6F 72  	.byte	7, "Sorry: "
001EFFr 1  72 79 3A 20  
001F03r 1  rr           	.byte	TOK_PUSH
001F04r 1  rr           	.byte	TOK_CALL
001F05r 1  rr rr        	.word	fb_lbl_PRINTUPPER
001F07r 1  rr           	.byte	TOK_VAR_LOAD
001F08r 1  rr           	makevar	"MYNAME"
001F09r 1  rr           	.byte	TOK_PUSH
001F0Ar 1  rr           	.byte	TOK_CALL
001F0Br 1  rr rr        	.word	fb_lbl_PRINTUPPER
001F0Dr 1  rr           	.byte	TOK_CSTRING
001F0Er 1  07 20 74 61  	.byte	7, " table "
001F12r 1  62 6C 65 20  
001F16r 1  rr           	.byte	TOK_PUSH
001F17r 1  rr           	.byte	TOK_CALL
001F18r 1  rr rr        	.word	fb_lbl_PRINTUPPER
001F1Ar 1  rr           	.byte	TOK_VAR_LOAD
001F1Br 1  rr           	makevar	"TABLENUMBER"
001F1Cr 1  rr           	.byte	TOK_USHL
001F1Dr 1  rr           	.byte	TOK_ADD_VAR
001F1Er 1  rr           	makevar	"TABLENAME"
001F1Fr 1  rr           	.byte	TOK_DPEEK
001F20r 1  rr           	.byte	TOK_PUSH
001F21r 1  rr           	.byte	TOK_CALL
001F22r 1  rr rr        	.word	fb_lbl_PRINTUPPER
001F24r 1               @FastBasic_LINE_1035:	; LINE 1035
001F24r 1  rr           	.byte	TOK_CSTRING
001F25r 1  26 20 69 73  	.byte	38, " is full, please try a different table"
001F29r 1  20 66 75 6C  
001F2Dr 1  6C 2C 20 70  
001F4Cr 1  rr           	.byte	TOK_PUSH
001F4Dr 1  rr           	.byte	TOK_JUMP
001F4Er 1  rr rr        	.word	fb_lbl_PRINTUPPER
001F50r 1               @FastBasic_LINE_1036:	; LINE 1036
001F50r 1               jump_lbl_245:
001F50r 1  rr           	.byte	TOK_VAR_LOAD
001F51r 1  rr           	makevar	"_ERR"
001F52r 1  rr           	.byte	TOK_PUSH_BYTE
001F53r 1  06           	.byte	6
001F54r 1  rr           	.byte	TOK_EQ
001F55r 1  rr           	.byte	TOK_CJUMP
001F56r 1  rr rr        	.word	jump_lbl_247
001F58r 1               @FastBasic_LINE_1037:	; LINE 1037
001F58r 1  rr           	.byte	TOK_VAR_STORE_0
001F59r 1  rr           	makevar	"OK"
001F5Ar 1               @FastBasic_LINE_1038:	; LINE 1038
001F5Ar 1  rr           	.byte	TOK_CSTRING
001F5Br 1  27 4D 75 73  	.byte	39, "Must specify both table and player name"
001F5Fr 1  74 20 73 70  
001F63r 1  65 63 69 66  
001F83r 1  rr           	.byte	TOK_PUSH
001F84r 1  rr           	.byte	TOK_JUMP
001F85r 1  rr rr        	.word	fb_lbl_PRINTUPPER
001F87r 1               @FastBasic_LINE_1039:	; LINE 1039
001F87r 1               jump_lbl_247:
001F87r 1  rr           	.byte	TOK_VAR_LOAD
001F88r 1  rr           	makevar	"_ERR"
001F89r 1  rr           	.byte	TOK_PUSH_BYTE
001F8Ar 1  07           	.byte	7
001F8Br 1  rr           	.byte	TOK_EQ
001F8Cr 1  rr           	.byte	TOK_CJUMP
001F8Dr 1  rr rr        	.word	jump_lbl_249
001F8Fr 1               @FastBasic_LINE_1040:	; LINE 1040
001F8Fr 1  rr           	.byte	TOK_VAR_STORE_0
001F90r 1  rr           	makevar	"OK"
001F91r 1               @FastBasic_LINE_1041:	; LINE 1041
001F91r 1  rr           	.byte	TOK_CSTRING
001F92r 1  1E 50 6C 61  	.byte	30, "Player not found at this table"
001F96r 1  79 65 72 20  
001F9Ar 1  6E 6F 74 20  
001FB1r 1  rr           	.byte	TOK_PUSH
001FB2r 1  rr           	.byte	TOK_JUMP
001FB3r 1  rr rr        	.word	fb_lbl_PRINTUPPER
001FB5r 1               @FastBasic_LINE_1042:	; LINE 1042
001FB5r 1               jump_lbl_249:
001FB5r 1  rr           	.byte	TOK_VAR_LOAD
001FB6r 1  rr           	makevar	"_ERR"
001FB7r 1  rr           	.byte	TOK_PUSH_BYTE
001FB8r 1  08           	.byte	8
001FB9r 1  rr           	.byte	TOK_EQ
001FBAr 1  rr           	.byte	TOK_CJUMP
001FBBr 1  rr rr        	.word	jump_lbl_251
001FBDr 1               @FastBasic_LINE_1043:	; LINE 1043
001FBDr 1  rr           	.byte	TOK_VAR_STORE_0
001FBEr 1  rr           	makevar	"OK"
001FBFr 1               @FastBasic_LINE_1044:	; LINE 1044
001FBFr 1  rr           	.byte	TOK_CSTRING
001FC0r 1  2B 52 6F 75  	.byte	43, "Round is not over yet, no results available"
001FC4r 1  6E 64 20 69  
001FC8r 1  73 20 6E 6F  
001FECr 1  rr           	.byte	TOK_PUSH
001FEDr 1  rr           	.byte	TOK_JUMP
001FEEr 1  rr rr        	.word	fb_lbl_PRINTUPPER
001FF0r 1               @FastBasic_LINE_1045:	; LINE 1045
001FF0r 1               jump_lbl_251:
001FF0r 1  rr           	.byte	TOK_VAR_LOAD
001FF1r 1  rr           	makevar	"_ERR"
001FF2r 1  rr           	.byte	TOK_PUSH_BYTE
001FF3r 1  09           	.byte	9
001FF4r 1  rr           	.byte	TOK_EQ
001FF5r 1  rr           	.byte	TOK_CJUMP
001FF6r 1  rr rr        	.word	jump_lbl_253
001FF8r 1               @FastBasic_LINE_1046:	; LINE 1046
001FF8r 1  rr           	.byte	TOK_VAR_STORE_0
001FF9r 1  rr           	makevar	"OK"
001FFAr 1               @FastBasic_LINE_1047:	; LINE 1047
001FFAr 1  rr           	.byte	TOK_CSTRING
001FFBr 1  1E 4E 6F 20  	.byte	30, "No human players at this table"
001FFFr 1  68 75 6D 61  
002003r 1  6E 20 70 6C  
00201Ar 1  rr           	.byte	TOK_PUSH
00201Br 1  rr           	.byte	TOK_JUMP
00201Cr 1  rr rr        	.word	fb_lbl_PRINTUPPER
00201Er 1               @FastBasic_LINE_1048:	; LINE 1048
00201Er 1               jump_lbl_253:
00201Er 1               @FastBasic_LINE_1049:	; LINE 1049
00201Er 1  rr           	.byte	TOK_1
00201Fr 1  rr           	.byte	TOK_VAR_STORE
002020r 1  rr           	makevar	"OK"
002021r 1               @FastBasic_LINE_1051:	; LINE 1051
002021r 1  rr           	.byte	TOK_RET
002022r 1               @FastBasic_LINE_1053:	; LINE 1053
002022r 1               	.segment "BYTECODE"
002022r 1               	.export	fb_lbl_GOODBEEP
002022r 1               fb_lbl_GOODBEEP:
002022r 1               @FastBasic_LINE_1054:	; LINE 1054
002022r 1  rr           	.byte	TOK_NUM
002023r 1  00 D2        	.word	53760
002025r 1  rr           	.byte	TOK_SADDR
002026r 1  rr           	.byte	TOK_NUM
002027r 1  79 A8        	.word	43129
002029r 1  rr           	.byte	TOK_DPOKE
00202Ar 1  rr           	.byte	TOK_0
00202Br 1  rr           	.byte	TOK_NUM_POKE
00202Cr 1  08 D2        	.word	53768
00202Er 1  rr           	.byte	TOK_BYTE
00202Fr 1  03           	.byte	3
002030r 1  rr           	.byte	TOK_NUM_POKE
002031r 1  0F D2        	.word	53775
002033r 1               @FastBasic_LINE_1055:	; LINE 1055
002033r 1  rr           	.byte	TOK_BYTE
002034r 1  04           	.byte	4
002035r 1  rr           	.byte	TOK_PAUSE
002036r 1               @FastBasic_LINE_1056:	; LINE 1056
002036r 1  rr           	.byte	TOK_NUM
002037r 1  rr rr        	.word	SOUND_OFF
002039r 1  rr           	.byte	TOK_USR_ADDR
00203Ar 1  rr           	.byte	TOK_USR_CALL
00203Br 1               @FastBasic_LINE_1057:	; LINE 1057
00203Br 1  rr           	.byte	TOK_RET
00203Cr 1               @FastBasic_LINE_1059:	; LINE 1059
00203Cr 1               	.segment "BYTECODE"
00203Cr 1               	.export	fb_lbl_BADBEEP
00203Cr 1               fb_lbl_BADBEEP:
00203Cr 1               @FastBasic_LINE_1060:	; LINE 1060
00203Cr 1  rr           	.byte	TOK_NUM
00203Dr 1  00 D2        	.word	53760
00203Fr 1  rr           	.byte	TOK_SADDR
002040r 1  rr           	.byte	TOK_NUM
002041r 1  FF A8        	.word	43263
002043r 1  rr           	.byte	TOK_DPOKE
002044r 1  rr           	.byte	TOK_0
002045r 1  rr           	.byte	TOK_NUM_POKE
002046r 1  08 D2        	.word	53768
002048r 1  rr           	.byte	TOK_BYTE
002049r 1  03           	.byte	3
00204Ar 1  rr           	.byte	TOK_NUM_POKE
00204Br 1  0F D2        	.word	53775
00204Dr 1               @FastBasic_LINE_1061:	; LINE 1061
00204Dr 1  rr           	.byte	TOK_BYTE
00204Er 1  04           	.byte	4
00204Fr 1  rr           	.byte	TOK_PAUSE
002050r 1               @FastBasic_LINE_1062:	; LINE 1062
002050r 1  rr           	.byte	TOK_NUM
002051r 1  rr rr        	.word	SOUND_OFF
002053r 1  rr           	.byte	TOK_USR_ADDR
002054r 1  rr           	.byte	TOK_USR_CALL
002055r 1               @FastBasic_LINE_1063:	; LINE 1063
002055r 1  rr           	.byte	TOK_RET
002056r 1               @FastBasic_LINE_1065:	; LINE 1065
002056r 1               	.segment "BYTECODE"
002056r 1               	.export	fb_lbl_DRAWCARDFROMDECK
002056r 1               fb_lbl_DRAWCARDFROMDECK:
002056r 1  rr           	.byte	TOK_POP
002057r 1  rr           	.byte	TOK_VAR_STORE
002058r 1  rr           	makevar	"_CARD"
002059r 1  rr           	.byte	TOK_POP
00205Ar 1  rr           	.byte	TOK_VAR_STORE
00205Br 1  rr           	makevar	"_ENDY"
00205Cr 1  rr           	.byte	TOK_POP
00205Dr 1  rr           	.byte	TOK_VAR_STORE
00205Er 1  rr           	makevar	"_ENDX"
00205Fr 1               @FastBasic_LINE_1066:	; LINE 1066
00205Fr 1  rr           	.byte	TOK_BYTE
002060r 1  12           	.byte	18
002061r 1  rr           	.byte	TOK_VAR_STORE
002062r 1  rr           	makevar	"DX"
002063r 1  rr           	.byte	TOK_BYTE
002064r 1  0A           	.byte	10
002065r 1  rr           	.byte	TOK_VAR_STORE
002066r 1  rr           	makevar	"DY"
002067r 1  rr           	.byte	TOK_VAR_LOAD
002068r 1  rr           	makevar	"_ENDX"
002069r 1  rr           	.byte	TOK_VAR_STORE
00206Ar 1  rr           	makevar	"ENDX"
00206Br 1  rr           	.byte	TOK_VAR_LOAD
00206Cr 1  rr           	makevar	"_ENDY"
00206Dr 1  rr           	.byte	TOK_VAR_STORE
00206Er 1  rr           	makevar	"ENDY"
00206Fr 1  rr           	.byte	TOK_VAR_LOAD
002070r 1  rr           	makevar	"_CARD"
002071r 1  rr           	.byte	TOK_VAR_STORE
002072r 1  rr           	makevar	"CARD"
002073r 1               @FastBasic_LINE_1067:	; LINE 1067
002073r 1  rr           	.byte	TOK_NUM
002074r 1  00 D2        	.word	53760
002076r 1  rr           	.byte	TOK_SADDR
002077r 1  rr           	.byte	TOK_NUM
002078r 1  79 18        	.word	6265
00207Ar 1  rr           	.byte	TOK_DPOKE
00207Br 1  rr           	.byte	TOK_0
00207Cr 1  rr           	.byte	TOK_NUM_POKE
00207Dr 1  08 D2        	.word	53768
00207Fr 1  rr           	.byte	TOK_BYTE
002080r 1  03           	.byte	3
002081r 1  rr           	.byte	TOK_NUM_POKE
002082r 1  0F D2        	.word	53775
002084r 1               @FastBasic_LINE_1068:	; LINE 1068
002084r 1  rr           	.byte	TOK_DECVAR
002085r 1  rr           	makevar	"DRAWDECK"
002086r 1               @FastBasic_LINE_1069:	; LINE 1069
002086r 1  rr           	.byte	TOK_BYTE
002087r 1  13           	.byte	19
002088r 1  rr           	.byte	TOK_PUSH_BYTE
002089r 1  0D           	.byte	13
00208Ar 1  rr           	.byte	TOK_PUSH
00208Br 1  rr           	.byte	TOK_CALL
00208Cr 1  rr rr        	.word	fb_lbl_POS
00208Er 1  rr           	.byte	TOK_CSTRING
00208Fr 1  02 20 20     	.byte	2, "  "
002092r 1  rr           	.byte	TOK_PUSH
002093r 1  rr           	.byte	TOK_CALL
002094r 1  rr rr        	.word	fb_lbl_PRINT
002096r 1               @FastBasic_LINE_1070:	; LINE 1070
002096r 1  rr           	.byte	TOK_BYTE
002097r 1  13           	.byte	19
002098r 1  rr           	.byte	TOK_PUSH_BYTE
002099r 1  0D           	.byte	13
00209Ar 1  rr           	.byte	TOK_PUSH
00209Br 1  rr           	.byte	TOK_CALL
00209Cr 1  rr rr        	.word	fb_lbl_POS
00209Er 1  rr           	.byte	TOK_VAR_LOAD
00209Fr 1  rr           	makevar	"DRAWDECK"
0020A0r 1  rr           	.byte	TOK_PUSH
0020A1r 1  rr           	.byte	TOK_CALL
0020A2r 1  rr rr        	.word	fb_lbl_PRINTVAL
0020A4r 1               @FastBasic_LINE_1071:	; LINE 1071
0020A4r 1  rr           	.byte	TOK_VAR_LOAD
0020A5r 1  rr           	makevar	"DRAWDECK"
0020A6r 1  rr           	.byte	TOK_PUSH_1
0020A7r 1  rr           	.byte	TOK_LT
0020A8r 1  rr           	.byte	TOK_CJUMP
0020A9r 1  rr rr        	.word	jump_lbl_261
0020ABr 1  rr           	.byte	TOK_BYTE
0020ACr 1  11           	.byte	17
0020ADr 1  rr           	.byte	TOK_PUSH_BYTE
0020AEr 1  09           	.byte	9
0020AFr 1  rr           	.byte	TOK_PUSH_0
0020B0r 1  rr           	.byte	TOK_PUSH
0020B1r 1  rr           	.byte	TOK_CALL
0020B2r 1  rr rr        	.word	fb_lbl_DRAWCARD
0020B4r 1               jump_lbl_261:
0020B4r 1               @FastBasic_LINE_1072:	; LINE 1072
0020B4r 1  rr           	.byte	TOK_CALL
0020B5r 1  rr rr        	.word	fb_lbl_UPDATESCREENBUFFER
0020B7r 1               @FastBasic_LINE_1073:	; LINE 1073
0020B7r 1  rr           	.byte	TOK_1
0020B8r 1  rr           	.byte	TOK_NEG
0020B9r 1  rr           	.byte	TOK_VAR_STORE
0020BAr 1  rr           	makevar	"XCHANGE"
0020BBr 1  rr           	.byte	TOK_1
0020BCr 1  rr           	.byte	TOK_NEG
0020BDr 1  rr           	.byte	TOK_VAR_STORE
0020BEr 1  rr           	makevar	"YCHANGE"
0020BFr 1               @FastBasic_LINE_1074:	; LINE 1074
0020BFr 1  rr           	.byte	TOK_VAR_LOAD
0020C0r 1  rr           	makevar	"ENDX"
0020C1r 1  rr           	.byte	TOK_PUSH_VAR_LOAD
0020C2r 1  rr           	makevar	"DX"
0020C3r 1  rr           	.byte	TOK_GT
0020C4r 1  rr           	.byte	TOK_CJUMP
0020C5r 1  rr rr        	.word	jump_lbl_262
0020C7r 1  rr           	.byte	TOK_1
0020C8r 1  rr           	.byte	TOK_VAR_STORE
0020C9r 1  rr           	makevar	"XCHANGE"
0020CAr 1               jump_lbl_262:
0020CAr 1               @FastBasic_LINE_1075:	; LINE 1075
0020CAr 1  rr           	.byte	TOK_VAR_LOAD
0020CBr 1  rr           	makevar	"ENDY"
0020CCr 1  rr           	.byte	TOK_PUSH_VAR_LOAD
0020CDr 1  rr           	makevar	"DY"
0020CEr 1  rr           	.byte	TOK_GT
0020CFr 1  rr           	.byte	TOK_CJUMP
0020D0r 1  rr rr        	.word	jump_lbl_264
0020D2r 1  rr           	.byte	TOK_1
0020D3r 1  rr           	.byte	TOK_VAR_STORE
0020D4r 1  rr           	makevar	"YCHANGE"
0020D5r 1               @FastBasic_LINE_1076:	; LINE 1076
0020D5r 1               jump_lbl_264:
0020D5r 1               @FastBasic_LINE_1077:	; LINE 1077
0020D5r 1  rr           	.byte	TOK_CALL
0020D6r 1  rr rr        	.word	fb_lbl_DRAWBUFFER
0020D8r 1               @FastBasic_LINE_1078:	; LINE 1078
0020D8r 1  rr           	.byte	TOK_VAR_LOAD
0020D9r 1  rr           	makevar	"DX"
0020DAr 1  rr           	.byte	TOK_PUSH_VAR_LOAD
0020DBr 1  rr           	makevar	"ENDX"
0020DCr 1  rr           	.byte	TOK_NEQ
0020DDr 1  rr           	.byte	TOK_CJUMP
0020DEr 1  rr rr        	.word	jump_lbl_265
0020E0r 1  rr           	.byte	TOK_VAR_LOAD
0020E1r 1  rr           	makevar	"DX"
0020E2r 1  rr           	.byte	TOK_ADD_VAR
0020E3r 1  rr           	makevar	"XCHANGE"
0020E4r 1  rr           	.byte	TOK_VAR_STORE
0020E5r 1  rr           	makevar	"DX"
0020E6r 1               jump_lbl_265:
0020E6r 1               @FastBasic_LINE_1079:	; LINE 1079
0020E6r 1  rr           	.byte	TOK_VAR_LOAD
0020E7r 1  rr           	makevar	"DY"
0020E8r 1  rr           	.byte	TOK_PUSH_VAR_LOAD
0020E9r 1  rr           	makevar	"ENDY"
0020EAr 1  rr           	.byte	TOK_NEQ
0020EBr 1  rr           	.byte	TOK_CJUMP
0020ECr 1  rr rr        	.word	jump_lbl_266
0020EEr 1  rr           	.byte	TOK_VAR_LOAD
0020EFr 1  rr           	makevar	"DY"
0020F0r 1  rr           	.byte	TOK_ADD_VAR
0020F1r 1  rr           	makevar	"YCHANGE"
0020F2r 1  rr           	.byte	TOK_VAR_STORE
0020F3r 1  rr           	makevar	"DY"
0020F4r 1               jump_lbl_266:
0020F4r 1               @FastBasic_LINE_1080:	; LINE 1080
0020F4r 1  rr           	.byte	TOK_VAR_LOAD
0020F5r 1  rr           	makevar	"CARD"
0020F6r 1  rr           	.byte	TOK_PUSH_BYTE
0020F7r 1  09           	.byte	9
0020F8r 1  rr           	.byte	TOK_EQ
0020F9r 1  rr           	.byte	TOK_CJUMP
0020FAr 1  rr rr        	.word	jump_lbl_267
0020FCr 1               @FastBasic_LINE_1081:	; LINE 1081
0020FCr 1  rr           	.byte	TOK_VAR_LOAD
0020FDr 1  rr           	makevar	"DX"
0020FEr 1  rr           	.byte	TOK_PUSH_VAR_LOAD
0020FFr 1  rr           	makevar	"DY"
002100r 1  rr           	.byte	TOK_PUSH
002101r 1  rr           	.byte	TOK_CALL
002102r 1  rr rr        	.word	fb_lbl_POS
002104r 1  rr           	.byte	TOK_BYTE
002105r 1  0D           	.byte	13
002106r 1  rr           	.byte	TOK_PUSH
002107r 1  rr           	.byte	TOK_CALL
002108r 1  rr rr        	.word	fb_lbl_PRINTBYTE
00210Ar 1  rr           	.byte	TOK_BYTE
00210Br 1  0E           	.byte	14
00210Cr 1  rr           	.byte	TOK_PUSH
00210Dr 1  rr           	.byte	TOK_CALL
00210Er 1  rr rr        	.word	fb_lbl_PRINTBYTE
002110r 1               @FastBasic_LINE_1082:	; LINE 1082
002110r 1  rr           	.byte	TOK_VAR_LOAD
002111r 1  rr           	makevar	"DX"
002112r 1  rr           	.byte	TOK_PUSH_1
002113r 1  rr           	.byte	TOK_ADD_VAR
002114r 1  rr           	makevar	"DY"
002115r 1  rr           	.byte	TOK_PUSH
002116r 1  rr           	.byte	TOK_CALL
002117r 1  rr rr        	.word	fb_lbl_POS
002119r 1  rr           	.byte	TOK_BYTE
00211Ar 1  0F           	.byte	15
00211Br 1  rr           	.byte	TOK_PUSH
00211Cr 1  rr           	.byte	TOK_CALL
00211Dr 1  rr rr        	.word	fb_lbl_PRINTBYTE
00211Fr 1  rr           	.byte	TOK_BYTE
002120r 1  1B           	.byte	27
002121r 1  rr           	.byte	TOK_PUSH
002122r 1  rr           	.byte	TOK_CALL
002123r 1  rr rr        	.word	fb_lbl_PRINTBYTE
002125r 1               @FastBasic_LINE_1083:	; LINE 1083
002125r 1  rr           	.byte	TOK_JUMP
002126r 1  rr rr        	.word	jump_lbl_268
002128r 1               jump_lbl_267:
002128r 1               @FastBasic_LINE_1084:	; LINE 1084
002128r 1  rr           	.byte	TOK_VAR_LOAD
002129r 1  rr           	makevar	"DX"
00212Ar 1  rr           	.byte	TOK_PUSH_VAR_LOAD
00212Br 1  rr           	makevar	"DY"
00212Cr 1  rr           	.byte	TOK_PUSH_VAR_LOAD
00212Dr 1  rr           	makevar	"CARD"
00212Er 1  rr           	.byte	TOK_PUSH
00212Fr 1  rr           	.byte	TOK_CALL
002130r 1  rr rr        	.word	fb_lbl_DRAWCARD
002132r 1               @FastBasic_LINE_1085:	; LINE 1085
002132r 1               jump_lbl_268:
002132r 1               @FastBasic_LINE_1086:	; LINE 1086
002132r 1  rr           	.byte	TOK_VAR_LOAD
002133r 1  rr           	makevar	"DX"
002134r 1  rr           	.byte	TOK_PUSH_VAR_LOAD
002135r 1  rr           	makevar	"ENDX"
002136r 1  rr           	.byte	TOK_EQ
002137r 1  rr           	.byte	TOK_PUSH_VAR_LOAD
002138r 1  rr           	makevar	"DY"
002139r 1  rr           	.byte	TOK_PUSH_VAR_LOAD
00213Ar 1  rr           	makevar	"ENDY"
00213Br 1  rr           	.byte	TOK_EQ
00213Cr 1  rr           	.byte	TOK_L_AND
00213Dr 1  rr           	.byte	TOK_CJUMP
00213Er 1  rr rr        	.word	jump_lbl_264
002140r 1               @FastBasic_LINE_1087:	; LINE 1087
002140r 1  rr           	.byte	TOK_CALL
002141r 1  rr rr        	.word	fb_lbl_UPDATESCREENBUFFER
002143r 1               @FastBasic_LINE_1088:	; LINE 1088
002143r 1  rr           	.byte	TOK_NUM
002144r 1  rr rr        	.word	SOUND_OFF
002146r 1  rr           	.byte	TOK_USR_ADDR
002147r 1  rr           	.byte	TOK_USR_CALL
002148r 1               @FastBasic_LINE_1089:	; LINE 1089
002148r 1  rr           	.byte	TOK_RET
002149r 1               @FastBasic_LINE_1091:	; LINE 1091
002149r 1               	.segment "BYTECODE"
002149r 1               	.export	fb_lbl_PLAYCARD
002149r 1               fb_lbl_PLAYCARD:
002149r 1  rr           	.byte	TOK_POP
00214Ar 1  rr           	.byte	TOK_VAR_STORE
00214Br 1  rr           	makevar	"_PLAYERINDEX"
00214Cr 1               @FastBasic_LINE_1092:	; LINE 1092
00214Cr 1  rr           	.byte	TOK_VAR_LOAD
00214Dr 1  rr           	makevar	"_PLAYERINDEX"
00214Er 1  rr           	.byte	TOK_VAR_STORE
00214Fr 1  rr           	makevar	"INDEX"
002150r 1               @FastBasic_LINE_1093:	; LINE 1093
002150r 1  rr           	.byte	TOK_NUM
002151r 1  00 D2        	.word	53760
002153r 1  rr           	.byte	TOK_SADDR
002154r 1  rr           	.byte	TOK_NUM
002155r 1  79 18        	.word	6265
002157r 1  rr           	.byte	TOK_DPOKE
002158r 1  rr           	.byte	TOK_0
002159r 1  rr           	.byte	TOK_NUM_POKE
00215Ar 1  08 D2        	.word	53768
00215Cr 1  rr           	.byte	TOK_BYTE
00215Dr 1  03           	.byte	3
00215Er 1  rr           	.byte	TOK_NUM_POKE
00215Fr 1  0F D2        	.word	53775
002161r 1               @FastBasic_LINE_1094:	; LINE 1094
002161r 1  rr           	.byte	TOK_BYTE
002162r 1  14           	.byte	20
002163r 1  rr           	.byte	TOK_VAR_STORE
002164r 1  rr           	makevar	"ENDX"
002165r 1  rr           	.byte	TOK_BYTE
002166r 1  0A           	.byte	10
002167r 1  rr           	.byte	TOK_VAR_STORE
002168r 1  rr           	makevar	"ENDY"
002169r 1               @FastBasic_LINE_1095:	; LINE 1095
002169r 1  rr           	.byte	TOK_VAR_LOAD
00216Ar 1  rr           	makevar	"INDEX"
00216Br 1  rr           	.byte	TOK_USHL
00216Cr 1  rr           	.byte	TOK_ADD_VAR
00216Dr 1  rr           	makevar	"XSTART"
00216Er 1  rr           	.byte	TOK_DPEEK
00216Fr 1  rr           	.byte	TOK_VAR_STORE
002170r 1  rr           	makevar	"DX"
002171r 1  rr           	.byte	TOK_VAR_LOAD
002172r 1  rr           	makevar	"INDEX"
002173r 1  rr           	.byte	TOK_USHL
002174r 1  rr           	.byte	TOK_ADD_VAR
002175r 1  rr           	makevar	"YSTART"
002176r 1  rr           	.byte	TOK_DPEEK
002177r 1  rr           	.byte	TOK_VAR_STORE
002178r 1  rr           	makevar	"DY"
002179r 1               @FastBasic_LINE_1096:	; LINE 1096
002179r 1  rr           	.byte	TOK_1
00217Ar 1  rr           	.byte	TOK_NEG
00217Br 1  rr           	.byte	TOK_VAR_STORE
00217Cr 1  rr           	makevar	"XCHANGE"
00217Dr 1  rr           	.byte	TOK_1
00217Er 1  rr           	.byte	TOK_NEG
00217Fr 1  rr           	.byte	TOK_VAR_STORE
002180r 1  rr           	makevar	"YCHANGE"
002181r 1               @FastBasic_LINE_1097:	; LINE 1097
002181r 1  rr           	.byte	TOK_VAR_LOAD
002182r 1  rr           	makevar	"ENDX"
002183r 1  rr           	.byte	TOK_PUSH_VAR_LOAD
002184r 1  rr           	makevar	"DX"
002185r 1  rr           	.byte	TOK_GT
002186r 1  rr           	.byte	TOK_CJUMP
002187r 1  rr rr        	.word	jump_lbl_271
002189r 1  rr           	.byte	TOK_1
00218Ar 1  rr           	.byte	TOK_VAR_STORE
00218Br 1  rr           	makevar	"XCHANGE"
00218Cr 1               jump_lbl_271:
00218Cr 1               @FastBasic_LINE_1098:	; LINE 1098
00218Cr 1  rr           	.byte	TOK_VAR_LOAD
00218Dr 1  rr           	makevar	"ENDY"
00218Er 1  rr           	.byte	TOK_PUSH_VAR_LOAD
00218Fr 1  rr           	makevar	"DY"
002190r 1  rr           	.byte	TOK_GT
002191r 1  rr           	.byte	TOK_CJUMP
002192r 1  rr rr        	.word	jump_lbl_272
002194r 1  rr           	.byte	TOK_1
002195r 1  rr           	.byte	TOK_VAR_STORE
002196r 1  rr           	makevar	"YCHANGE"
002197r 1               jump_lbl_272:
002197r 1               @FastBasic_LINE_1099:	; LINE 1099
002197r 1  rr           	.byte	TOK_VAR_LOAD
002198r 1  rr           	makevar	"DX"
002199r 1  rr           	.byte	TOK_PUSH_VAR_LOAD
00219Ar 1  rr           	makevar	"DY"
00219Br 1  rr           	.byte	TOK_PUSH
00219Cr 1  rr           	.byte	TOK_CALL
00219Dr 1  rr rr        	.word	fb_lbl_POS
00219Fr 1  rr           	.byte	TOK_CSTRING
0021A0r 1  0D 20 20 20  	.byte	13, "             "
0021A4r 1  20 20 20 20  
0021A8r 1  20 20 20 20  
0021AEr 1  rr           	.byte	TOK_PUSH
0021AFr 1  rr           	.byte	TOK_CALL
0021B0r 1  rr rr        	.word	fb_lbl_PRINT
0021B2r 1               @FastBasic_LINE_1100:	; LINE 1100
0021B2r 1  rr           	.byte	TOK_VAR_LOAD
0021B3r 1  rr           	makevar	"DX"
0021B4r 1  rr           	.byte	TOK_PUSH_1
0021B5r 1  rr           	.byte	TOK_ADD_VAR
0021B6r 1  rr           	makevar	"DY"
0021B7r 1  rr           	.byte	TOK_PUSH
0021B8r 1  rr           	.byte	TOK_CALL
0021B9r 1  rr rr        	.word	fb_lbl_POS
0021BBr 1  rr           	.byte	TOK_CSTRING
0021BCr 1  0D 20 20 20  	.byte	13, "             "
0021C0r 1  20 20 20 20  
0021C4r 1  20 20 20 20  
0021CAr 1  rr           	.byte	TOK_PUSH
0021CBr 1  rr           	.byte	TOK_CALL
0021CCr 1  rr rr        	.word	fb_lbl_PRINT
0021CEr 1               @FastBasic_LINE_1101:	; LINE 1101
0021CEr 1  rr           	.byte	TOK_VAR_LOAD
0021CFr 1  rr           	makevar	"DX"
0021D0r 1  rr           	.byte	TOK_PUSH_VAR_LOAD
0021D1r 1  rr           	makevar	"DY"
0021D2r 1  rr           	.byte	TOK_PUSH_VAR_LOAD
0021D3r 1  rr           	makevar	"INDEX"
0021D4r 1  rr           	.byte	TOK_USHL
0021D5r 1  rr           	.byte	TOK_ADD_VAR
0021D6r 1  rr           	makevar	"PLAYERHANDCOUNT"
0021D7r 1  rr           	.byte	TOK_DPEEK
0021D8r 1  rr           	.byte	TOK_PUSH_0
0021D9r 1  rr           	.byte	TOK_PUSH
0021DAr 1  rr           	.byte	TOK_CALL
0021DBr 1  rr rr        	.word	fb_lbl_DRAWPLAYERHAND
0021DDr 1               @FastBasic_LINE_1102:	; LINE 1102
0021DDr 1  rr           	.byte	TOK_CALL
0021DEr 1  rr rr        	.word	fb_lbl_UPDATESCREENBUFFER
0021E0r 1               @FastBasic_LINE_1103:	; LINE 1103
0021E0r 1               jump_lbl_273:
0021E0r 1               @FastBasic_LINE_1104:	; LINE 1104
0021E0r 1  rr           	.byte	TOK_CALL
0021E1r 1  rr rr        	.word	fb_lbl_DRAWBUFFER
0021E3r 1               @FastBasic_LINE_1105:	; LINE 1105
0021E3r 1  rr           	.byte	TOK_VAR_LOAD
0021E4r 1  rr           	makevar	"DX"
0021E5r 1  rr           	.byte	TOK_PUSH_VAR_LOAD
0021E6r 1  rr           	makevar	"ENDX"
0021E7r 1  rr           	.byte	TOK_NEQ
0021E8r 1  rr           	.byte	TOK_CJUMP
0021E9r 1  rr rr        	.word	jump_lbl_274
0021EBr 1  rr           	.byte	TOK_VAR_LOAD
0021ECr 1  rr           	makevar	"DX"
0021EDr 1  rr           	.byte	TOK_ADD_VAR
0021EEr 1  rr           	makevar	"XCHANGE"
0021EFr 1  rr           	.byte	TOK_VAR_STORE
0021F0r 1  rr           	makevar	"DX"
0021F1r 1               jump_lbl_274:
0021F1r 1               @FastBasic_LINE_1106:	; LINE 1106
0021F1r 1  rr           	.byte	TOK_VAR_LOAD
0021F2r 1  rr           	makevar	"DY"
0021F3r 1  rr           	.byte	TOK_PUSH_VAR_LOAD
0021F4r 1  rr           	makevar	"ENDY"
0021F5r 1  rr           	.byte	TOK_NEQ
0021F6r 1  rr           	.byte	TOK_CJUMP
0021F7r 1  rr rr        	.word	jump_lbl_275
0021F9r 1  rr           	.byte	TOK_VAR_LOAD
0021FAr 1  rr           	makevar	"DY"
0021FBr 1  rr           	.byte	TOK_ADD_VAR
0021FCr 1  rr           	makevar	"YCHANGE"
0021FDr 1  rr           	.byte	TOK_VAR_STORE
0021FEr 1  rr           	makevar	"DY"
0021FFr 1               jump_lbl_275:
0021FFr 1               @FastBasic_LINE_1107:	; LINE 1107
0021FFr 1  rr           	.byte	TOK_VAR_LOAD
002200r 1  rr           	makevar	"DX"
002201r 1  rr           	.byte	TOK_PUSH_VAR_LOAD
002202r 1  rr           	makevar	"DY"
002203r 1  rr           	.byte	TOK_PUSH
002204r 1  rr           	.byte	TOK_CALL
002205r 1  rr rr        	.word	fb_lbl_POS
002207r 1  rr           	.byte	TOK_BYTE
002208r 1  0D           	.byte	13
002209r 1  rr           	.byte	TOK_PUSH
00220Ar 1  rr           	.byte	TOK_CALL
00220Br 1  rr rr        	.word	fb_lbl_PRINTBYTE
00220Dr 1  rr           	.byte	TOK_BYTE
00220Er 1  0E           	.byte	14
00220Fr 1  rr           	.byte	TOK_PUSH
002210r 1  rr           	.byte	TOK_CALL
002211r 1  rr rr        	.word	fb_lbl_PRINTBYTE
002213r 1               @FastBasic_LINE_1108:	; LINE 1108
002213r 1  rr           	.byte	TOK_VAR_LOAD
002214r 1  rr           	makevar	"DX"
002215r 1  rr           	.byte	TOK_PUSH_1
002216r 1  rr           	.byte	TOK_ADD_VAR
002217r 1  rr           	makevar	"DY"
002218r 1  rr           	.byte	TOK_PUSH
002219r 1  rr           	.byte	TOK_CALL
00221Ar 1  rr rr        	.word	fb_lbl_POS
00221Cr 1  rr           	.byte	TOK_BYTE
00221Dr 1  0F           	.byte	15
00221Er 1  rr           	.byte	TOK_PUSH
00221Fr 1  rr           	.byte	TOK_CALL
002220r 1  rr rr        	.word	fb_lbl_PRINTBYTE
002222r 1  rr           	.byte	TOK_BYTE
002223r 1  1B           	.byte	27
002224r 1  rr           	.byte	TOK_PUSH
002225r 1  rr           	.byte	TOK_CALL
002226r 1  rr rr        	.word	fb_lbl_PRINTBYTE
002228r 1               @FastBasic_LINE_1109:	; LINE 1109
002228r 1  rr           	.byte	TOK_VAR_LOAD
002229r 1  rr           	makevar	"DX"
00222Ar 1  rr           	.byte	TOK_PUSH_VAR_LOAD
00222Br 1  rr           	makevar	"ENDX"
00222Cr 1  rr           	.byte	TOK_EQ
00222Dr 1  rr           	.byte	TOK_PUSH_VAR_LOAD
00222Er 1  rr           	makevar	"DY"
00222Fr 1  rr           	.byte	TOK_PUSH_VAR_LOAD
002230r 1  rr           	makevar	"ENDY"
002231r 1  rr           	.byte	TOK_EQ
002232r 1  rr           	.byte	TOK_L_AND
002233r 1  rr           	.byte	TOK_CJUMP
002234r 1  rr rr        	.word	jump_lbl_273
002236r 1               @FastBasic_LINE_1110:	; LINE 1110
002236r 1  rr           	.byte	TOK_CALL
002237r 1  rr rr        	.word	fb_lbl_UPDATESCREENBUFFER
002239r 1               @FastBasic_LINE_1111:	; LINE 1111
002239r 1  rr           	.byte	TOK_NUM
00223Ar 1  rr rr        	.word	SOUND_OFF
00223Cr 1  rr           	.byte	TOK_USR_ADDR
00223Dr 1  rr           	.byte	TOK_USR_CALL
00223Er 1               @FastBasic_LINE_1112:	; LINE 1112
00223Er 1  rr           	.byte	TOK_RET
00223Fr 1               @FastBasic_LINE_1122:	; LINE 1122
00223Fr 1               	.segment "BYTECODE"
00223Fr 1               	.export	fb_lbl_DRAWTABLESELECTION
00223Fr 1               fb_lbl_DRAWTABLESELECTION:
00223Fr 1               @FastBasic_LINE_1123:	; LINE 1123
00223Fr 1  rr           	.byte	TOK_BYTE
002240r 1  22           	.byte	34
002241r 1  rr           	.byte	TOK_PUSH_VAR_LOAD
002242r 1  rr           	makevar	"MYNAME"
002243r 1  rr           	.byte	TOK_PEEK
002244r 1  rr           	.byte	TOK_SUB
002245r 1  rr           	.byte	TOK_PUSH_BYTE
002246r 1  02           	.byte	2
002247r 1  rr           	.byte	TOK_DIV
002248r 1  rr           	.byte	TOK_PUSH_1
002249r 1  rr           	.byte	TOK_PUSH
00224Ar 1  rr           	.byte	TOK_CALL
00224Br 1  rr rr        	.word	fb_lbl_POS
00224Dr 1  rr           	.byte	TOK_CSTRING
00224Er 1  06 48 45 4C  	.byte	6, "HELLO "
002252r 1  4C 4F 20     
002255r 1  rr           	.byte	TOK_PUSH
002256r 1  rr           	.byte	TOK_CALL
002257r 1  rr rr        	.word	fb_lbl_PRINT
002259r 1  rr           	.byte	TOK_VAR_LOAD
00225Ar 1  rr           	makevar	"MYNAME"
00225Br 1  rr           	.byte	TOK_PUSH
00225Cr 1  rr           	.byte	TOK_CALL
00225Dr 1  rr rr        	.word	fb_lbl_PRINT
00225Fr 1               @FastBasic_LINE_1124:	; LINE 1124
00225Fr 1  rr           	.byte	TOK_BYTE
002260r 1  0A           	.byte	10
002261r 1  rr           	.byte	TOK_PUSH_BYTE
002262r 1  03           	.byte	3
002263r 1  rr           	.byte	TOK_PUSH
002264r 1  rr           	.byte	TOK_CALL
002265r 1  rr rr        	.word	fb_lbl_POS
002267r 1  rr           	.byte	TOK_CSTRING
002268r 1  15 57 45 4C  	.byte	21, "WELCOME TO FUJI-LLAMA"
00226Cr 1  43 4F 4D 45  
002270r 1  20 54 4F 20  
00227Er 1  rr           	.byte	TOK_PUSH
00227Fr 1  rr           	.byte	TOK_CALL
002280r 1  rr rr        	.word	fb_lbl_PRINT
002282r 1               @FastBasic_LINE_1125:	; LINE 1125
002282r 1  rr           	.byte	TOK_BYTE
002283r 1  02           	.byte	2
002284r 1  rr           	.byte	TOK_PUSH_BYTE
002285r 1  03           	.byte	3
002286r 1  rr           	.byte	TOK_PUSH_BYTE
002287r 1  07           	.byte	7
002288r 1  rr           	.byte	TOK_PUSH
002289r 1  rr           	.byte	TOK_CALL
00228Ar 1  rr rr        	.word	fb_lbl_DRAWCARD
00228Cr 1  rr           	.byte	TOK_BYTE
00228Dr 1  23           	.byte	35
00228Er 1  rr           	.byte	TOK_PUSH_BYTE
00228Fr 1  03           	.byte	3
002290r 1  rr           	.byte	TOK_PUSH_BYTE
002291r 1  08           	.byte	8
002292r 1  rr           	.byte	TOK_PUSH
002293r 1  rr           	.byte	TOK_CALL
002294r 1  rr rr        	.word	fb_lbl_DRAWCARD
002296r 1               @FastBasic_LINE_1126:	; LINE 1126
002296r 1  rr           	.byte	TOK_BYTE
002297r 1  05           	.byte	5
002298r 1  rr           	.byte	TOK_PUSH_BYTE
002299r 1  04           	.byte	4
00229Ar 1  rr           	.byte	TOK_PUSH
00229Br 1  rr           	.byte	TOK_CALL
00229Cr 1  rr rr        	.word	fb_lbl_POS
00229Er 1  rr           	.byte	TOK_CSTRING
00229Fr 1  1E 40 40 40  	.byte	30, "@@@@@@@@@@@@@@@@@@@@@@@@@@@@@@"
0022A3r 1  40 40 40 40  
0022A7r 1  40 40 40 40  
0022BEr 1  rr           	.byte	TOK_PUSH
0022BFr 1  rr           	.byte	TOK_CALL
0022C0r 1  rr rr        	.word	fb_lbl_PRINTINV
0022C2r 1               @FastBasic_LINE_1127:	; LINE 1127
0022C2r 1  rr           	.byte	TOK_BYTE
0022C3r 1  05           	.byte	5
0022C4r 1  rr           	.byte	TOK_PUSH_BYTE
0022C5r 1  05           	.byte	5
0022C6r 1  rr           	.byte	TOK_PUSH
0022C7r 1  rr           	.byte	TOK_CALL
0022C8r 1  rr rr        	.word	fb_lbl_POS
0022CAr 1  rr           	.byte	TOK_CSTRING
0022CBr 1  0A 54 41 42  	.byte	10, "TABLE NAME"
0022CFr 1  4C 45 20 4E  
0022D3r 1  41 4D 45     
0022D6r 1  rr           	.byte	TOK_PUSH
0022D7r 1  rr           	.byte	TOK_CALL
0022D8r 1  rr rr        	.word	fb_lbl_PRINT
0022DAr 1  rr           	.byte	TOK_BYTE
0022DBr 1  1C           	.byte	28
0022DCr 1  rr           	.byte	TOK_PUSH_BYTE
0022DDr 1  05           	.byte	5
0022DEr 1  rr           	.byte	TOK_PUSH
0022DFr 1  rr           	.byte	TOK_CALL
0022E0r 1  rr rr        	.word	fb_lbl_POS
0022E2r 1  rr           	.byte	TOK_CSTRING
0022E3r 1  07 50 4C 41  	.byte	7, "PLAYERS"
0022E7r 1  59 45 52 53  
0022EBr 1  rr           	.byte	TOK_PUSH
0022ECr 1  rr           	.byte	TOK_CALL
0022EDr 1  rr rr        	.word	fb_lbl_PRINT
0022EFr 1               @FastBasic_LINE_1128:	; LINE 1128
0022EFr 1  rr           	.byte	TOK_BYTE
0022F0r 1  05           	.byte	5
0022F1r 1  rr           	.byte	TOK_PUSH_BYTE
0022F2r 1  06           	.byte	6
0022F3r 1  rr           	.byte	TOK_PUSH
0022F4r 1  rr           	.byte	TOK_CALL
0022F5r 1  rr rr        	.word	fb_lbl_POS
0022F7r 1  rr           	.byte	TOK_CSTRING
0022F8r 1  1E 40 40 40  	.byte	30, "@@@@@@@@@@@@@@@@@@@@@@@@@@@@@@"
0022FCr 1  40 40 40 40  
002300r 1  40 40 40 40  
002317r 1  rr           	.byte	TOK_PUSH
002318r 1  rr           	.byte	TOK_CALL
002319r 1  rr rr        	.word	fb_lbl_PRINTINV
00231Br 1               @FastBasic_LINE_1129:	; LINE 1129
00231Br 1  rr           	.byte	TOK_VAR_SADDR
00231Cr 1  rr           	makevar	"Y"
00231Dr 1  rr           	.byte	TOK_PUSH_BYTE
00231Er 1  07           	.byte	7
00231Fr 1  rr           	.byte	TOK_DPOKE
002320r 1  rr           	.byte	TOK_BYTE
002321r 1  13           	.byte	19
002322r 1  rr           	.byte	TOK_PUSH_1
002323r 1  rr           	.byte	TOK_FOR
002324r 1  rr           	.byte	TOK_CNJUMP
002325r 1  rr rr        	.word	jump_lbl_280
002327r 1               jump_lbl_281:
002327r 1               @FastBasic_LINE_1130:	; LINE 1130
002327r 1  rr           	.byte	TOK_BYTE
002328r 1  03           	.byte	3
002329r 1  rr           	.byte	TOK_PUSH_VAR_LOAD
00232Ar 1  rr           	makevar	"Y"
00232Br 1  rr           	.byte	TOK_PUSH
00232Cr 1  rr           	.byte	TOK_CALL
00232Dr 1  rr rr        	.word	fb_lbl_POS
00232Fr 1  rr           	.byte	TOK_CSTRING
002330r 1  00           	.byte	0
002331r 1  rr           	.byte	TOK_PUSH
002332r 1  rr           	.byte	TOK_CALL
002333r 1  rr rr        	.word	fb_lbl_PRINTINV
002335r 1  rr           	.byte	TOK_BYTE
002336r 1  24           	.byte	36
002337r 1  rr           	.byte	TOK_PUSH_VAR_LOAD
002338r 1  rr           	makevar	"Y"
002339r 1  rr           	.byte	TOK_PUSH
00233Ar 1  rr           	.byte	TOK_CALL
00233Br 1  rr rr        	.word	fb_lbl_POS
00233Dr 1  rr           	.byte	TOK_CSTRING
00233Er 1  01 3F        	.byte	1, "?"
002340r 1  rr           	.byte	TOK_PUSH
002341r 1  rr           	.byte	TOK_CALL
002342r 1  rr rr        	.word	fb_lbl_PRINTINV
002344r 1               @FastBasic_LINE_1131:	; LINE 1131
002344r 1  rr           	.byte	TOK_FOR_NEXT
002345r 1  rr           	.byte	TOK_CJUMP
002346r 1  rr rr        	.word	jump_lbl_281
002348r 1               jump_lbl_280:
002348r 1  rr           	.byte	TOK_FOR_EXIT
002349r 1               @FastBasic_LINE_1132:	; LINE 1132
002349r 1  rr           	.byte	TOK_VAR_SADDR
00234Ar 1  rr           	makevar	"Y"
00234Br 1  rr           	.byte	TOK_PUSH_BYTE
00234Cr 1  08           	.byte	8
00234Dr 1  rr           	.byte	TOK_DPOKE
00234Er 1  rr           	.byte	TOK_BYTE
00234Fr 1  14           	.byte	20
002350r 1  rr           	.byte	TOK_PUSH_BYTE
002351r 1  02           	.byte	2
002352r 1  rr           	.byte	TOK_FOR
002353r 1  rr           	.byte	TOK_CNJUMP
002354r 1  rr rr        	.word	jump_lbl_282
002356r 1               jump_lbl_283:
002356r 1               @FastBasic_LINE_1133:	; LINE 1133
002356r 1  rr           	.byte	TOK_BYTE
002357r 1  04           	.byte	4
002358r 1  rr           	.byte	TOK_PUSH_VAR_LOAD
002359r 1  rr           	makevar	"Y"
00235Ar 1  rr           	.byte	TOK_PUSH
00235Br 1  rr           	.byte	TOK_CALL
00235Cr 1  rr rr        	.word	fb_lbl_POS
00235Er 1  rr           	.byte	TOK_CSTRING
00235Fr 1  20 40 40 40  	.byte	32, "@@@@@@@@@@@@@@@@@@@@@@@@@@@@@@@@"
002363r 1  40 40 40 40  
002367r 1  40 40 40 40  
002380r 1  rr           	.byte	TOK_PUSH
002381r 1  rr           	.byte	TOK_CALL
002382r 1  rr rr        	.word	fb_lbl_PRINT
002384r 1               @FastBasic_LINE_1134:	; LINE 1134
002384r 1  rr           	.byte	TOK_FOR_NEXT
002385r 1  rr           	.byte	TOK_CJUMP
002386r 1  rr rr        	.word	jump_lbl_283
002388r 1               jump_lbl_282:
002388r 1  rr           	.byte	TOK_FOR_EXIT
002389r 1               @FastBasic_LINE_1135:	; LINE 1135
002389r 1  rr           	.byte	TOK_BYTE
00238Ar 1  02           	.byte	2
00238Br 1  rr           	.byte	TOK_PUSH_BYTE
00238Cr 1  14           	.byte	20
00238Dr 1  rr           	.byte	TOK_PUSH_BYTE
00238Er 1  08           	.byte	8
00238Fr 1  rr           	.byte	TOK_PUSH
002390r 1  rr           	.byte	TOK_CALL
002391r 1  rr rr        	.word	fb_lbl_DRAWCARD
002393r 1  rr           	.byte	TOK_BYTE
002394r 1  23           	.byte	35
002395r 1  rr           	.byte	TOK_PUSH_BYTE
002396r 1  14           	.byte	20
002397r 1  rr           	.byte	TOK_PUSH_BYTE
002398r 1  07           	.byte	7
002399r 1  rr           	.byte	TOK_PUSH
00239Ar 1  rr           	.byte	TOK_CALL
00239Br 1  rr rr        	.word	fb_lbl_DRAWCARD
00239Dr 1               @FastBasic_LINE_1136:	; LINE 1136
00239Dr 1  rr           	.byte	TOK_BYTE
00239Er 1  05           	.byte	5
00239Fr 1  rr           	.byte	TOK_PUSH_BYTE
0023A0r 1  15           	.byte	21
0023A1r 1  rr           	.byte	TOK_PUSH
0023A2r 1  rr           	.byte	TOK_CALL
0023A3r 1  rr rr        	.word	fb_lbl_POS
0023A5r 1  rr           	.byte	TOK_CSTRING
0023A6r 1  1E 40 40 40  	.byte	30, "@@@@@@@@@@@@@@@@@@@@@@@@@@@@@@"
0023AAr 1  40 40 40 40  
0023AEr 1  40 40 40 40  
0023C5r 1  rr           	.byte	TOK_PUSH
0023C6r 1  rr           	.byte	TOK_JUMP
0023C7r 1  rr rr        	.word	fb_lbl_PRINTINV
0023C9r 1               @FastBasic_LINE_1139:	; LINE 1139
0023C9r 1               	.segment "BYTECODE"
0023C9r 1               	.export	fb_lbl_DRAWGAMESTATE
0023C9r 1               fb_lbl_DRAWGAMESTATE:
0023C9r 1               @FastBasic_LINE_1141:	; LINE 1141
0023C9r 1  rr           	.byte	TOK_VAR_LOAD
0023CAr 1  rr           	makevar	"TABLENUMBER"
0023CBr 1  rr           	.byte	TOK_USHL
0023CCr 1  rr           	.byte	TOK_ADD_VAR
0023CDr 1  rr           	makevar	"GAMESTATUS"
0023CEr 1  rr           	.byte	TOK_DPEEK
0023CFr 1  rr           	.byte	TOK_PUSH_BYTE
0023D0r 1  04           	.byte	4
0023D1r 1  rr           	.byte	TOK_EQ
0023D2r 1  rr           	.byte	TOK_PUSH_VAR_LOAD
0023D3r 1  rr           	makevar	"TABLENUMBER"
0023D4r 1  rr           	.byte	TOK_USHL
0023D5r 1  rr           	.byte	TOK_ADD_VAR
0023D6r 1  rr           	makevar	"GAMESTATUS"
0023D7r 1  rr           	.byte	TOK_DPEEK
0023D8r 1  rr           	.byte	TOK_PUSH_BYTE
0023D9r 1  05           	.byte	5
0023DAr 1  rr           	.byte	TOK_EQ
0023DBr 1  rr           	.byte	TOK_L_OR
0023DCr 1  rr           	.byte	TOK_CNRET
0023DDr 1               @FastBasic_LINE_1142:	; LINE 1142
0023DDr 1  rr           	.byte	TOK_CALL
0023DEr 1  rr rr        	.word	fb_lbl_ENABLEDOUBLEBUFFER
0023E0r 1               @FastBasic_LINE_1143:	; LINE 1143
0023E0r 1  rr           	.byte	TOK_CALL
0023E1r 1  rr rr        	.word	fb_lbl_RESETSCREEN
0023E3r 1               @FastBasic_LINE_1144:	; LINE 1144
0023E3r 1  rr           	.byte	TOK_0
0023E4r 1  rr           	.byte	TOK_PUSH_BYTE
0023E5r 1  05           	.byte	5
0023E6r 1  rr           	.byte	TOK_PUSH
0023E7r 1  rr           	.byte	TOK_CALL
0023E8r 1  rr rr        	.word	fb_lbl_POS
0023EAr 1  rr           	.byte	TOK_CSTRING
0023EBr 1  28 40 40 40  	.byte	40, "@@@@@@@@@@@@@@@@@@@@@@@@@@@@@@@@@@@@@@@@"
0023EFr 1  40 40 40 40  
0023F3r 1  40 40 40 40  
002414r 1  rr           	.byte	TOK_PUSH
002415r 1  rr           	.byte	TOK_CALL
002416r 1  rr rr        	.word	fb_lbl_PRINTINV
002418r 1               @FastBasic_LINE_1145:	; LINE 1145
002418r 1  rr           	.byte	TOK_0
002419r 1  rr           	.byte	TOK_PUSH_BYTE
00241Ar 1  0A           	.byte	10
00241Br 1  rr           	.byte	TOK_PUSH
00241Cr 1  rr           	.byte	TOK_CALL
00241Dr 1  rr rr        	.word	fb_lbl_POS
00241Fr 1  rr           	.byte	TOK_CSTRING
002420r 1  10 40 40 40  	.byte	16, "@@@@@@@@@@@@@@@@"
002424r 1  40 40 40 40  
002428r 1  40 40 40 40  
002431r 1  rr           	.byte	TOK_PUSH
002432r 1  rr           	.byte	TOK_CALL
002433r 1  rr rr        	.word	fb_lbl_PRINTINV
002435r 1               @FastBasic_LINE_1146:	; LINE 1146
002435r 1  rr           	.byte	TOK_BYTE
002436r 1  18           	.byte	24
002437r 1  rr           	.byte	TOK_PUSH_BYTE
002438r 1  0A           	.byte	10
002439r 1  rr           	.byte	TOK_PUSH
00243Ar 1  rr           	.byte	TOK_CALL
00243Br 1  rr rr        	.word	fb_lbl_POS
00243Dr 1  rr           	.byte	TOK_CSTRING
00243Er 1  10 40 40 40  	.byte	16, "@@@@@@@@@@@@@@@@"
002442r 1  40 40 40 40  
002446r 1  40 40 40 40  
00244Fr 1  rr           	.byte	TOK_PUSH
002450r 1  rr           	.byte	TOK_CALL
002451r 1  rr rr        	.word	fb_lbl_PRINTINV
002453r 1               @FastBasic_LINE_1147:	; LINE 1147
002453r 1  rr           	.byte	TOK_0
002454r 1  rr           	.byte	TOK_PUSH_BYTE
002455r 1  10           	.byte	16
002456r 1  rr           	.byte	TOK_PUSH
002457r 1  rr           	.byte	TOK_CALL
002458r 1  rr rr        	.word	fb_lbl_POS
00245Ar 1  rr           	.byte	TOK_CSTRING
00245Br 1  28 40 40 40  	.byte	40, "@@@@@@@@@@@@@@@@@@@@@@@@@@@@@@@@@@@@@@@@"
00245Fr 1  40 40 40 40  
002463r 1  40 40 40 40  
002484r 1  rr           	.byte	TOK_PUSH
002485r 1  rr           	.byte	TOK_CALL
002486r 1  rr rr        	.word	fb_lbl_PRINTINV
002488r 1               @FastBasic_LINE_1148:	; LINE 1148
002488r 1  rr           	.byte	TOK_BYTE
002489r 1  0F           	.byte	15
00248Ar 1  rr           	.byte	TOK_PUSH_BYTE
00248Br 1  05           	.byte	5
00248Cr 1  rr           	.byte	TOK_PUSH
00248Dr 1  rr           	.byte	TOK_CALL
00248Er 1  rr rr        	.word	fb_lbl_POS
002490r 1  rr           	.byte	TOK_BYTE
002491r 1  DF           	.byte	223
002492r 1  rr           	.byte	TOK_PUSH
002493r 1  rr           	.byte	TOK_CALL
002494r 1  rr rr        	.word	fb_lbl_PRINTBYTE
002496r 1  rr           	.byte	TOK_BYTE
002497r 1  17           	.byte	23
002498r 1  rr           	.byte	TOK_PUSH_BYTE
002499r 1  05           	.byte	5
00249Ar 1  rr           	.byte	TOK_PUSH
00249Br 1  rr           	.byte	TOK_CALL
00249Cr 1  rr rr        	.word	fb_lbl_POS
00249Er 1  rr           	.byte	TOK_BYTE
00249Fr 1  DF           	.byte	223
0024A0r 1  rr           	.byte	TOK_PUSH
0024A1r 1  rr           	.byte	TOK_CALL
0024A2r 1  rr rr        	.word	fb_lbl_PRINTBYTE
0024A4r 1               @FastBasic_LINE_1149:	; LINE 1149
0024A4r 1  rr           	.byte	TOK_VAR_SADDR
0024A5r 1  rr           	makevar	"Y"
0024A6r 1  rr           	.byte	TOK_PUSH_BYTE
0024A7r 1  06           	.byte	6
0024A8r 1  rr           	.byte	TOK_DPOKE
0024A9r 1  rr           	.byte	TOK_BYTE
0024AAr 1  0F           	.byte	15
0024ABr 1  rr           	.byte	TOK_PUSH_1
0024ACr 1  rr           	.byte	TOK_FOR
0024ADr 1  rr           	.byte	TOK_CNJUMP
0024AEr 1  rr rr        	.word	jump_lbl_287
0024B0r 1               jump_lbl_288:
0024B0r 1               @FastBasic_LINE_1150:	; LINE 1150
0024B0r 1  rr           	.byte	TOK_BYTE
0024B1r 1  0F           	.byte	15
0024B2r 1  rr           	.byte	TOK_PUSH_VAR_LOAD
0024B3r 1  rr           	makevar	"Y"
0024B4r 1  rr           	.byte	TOK_PUSH
0024B5r 1  rr           	.byte	TOK_CALL
0024B6r 1  rr rr        	.word	fb_lbl_POS
0024B8r 1  rr           	.byte	TOK_BYTE
0024B9r 1  9F           	.byte	159
0024BAr 1  rr           	.byte	TOK_PUSH
0024BBr 1  rr           	.byte	TOK_CALL
0024BCr 1  rr rr        	.word	fb_lbl_PRINTBYTE
0024BEr 1  rr           	.byte	TOK_BYTE
0024BFr 1  17           	.byte	23
0024C0r 1  rr           	.byte	TOK_PUSH_VAR_LOAD
0024C1r 1  rr           	makevar	"Y"
0024C2r 1  rr           	.byte	TOK_PUSH
0024C3r 1  rr           	.byte	TOK_CALL
0024C4r 1  rr rr        	.word	fb_lbl_POS
0024C6r 1  rr           	.byte	TOK_BYTE
0024C7r 1  9F           	.byte	159
0024C8r 1  rr           	.byte	TOK_PUSH
0024C9r 1  rr           	.byte	TOK_CALL
0024CAr 1  rr rr        	.word	fb_lbl_PRINTBYTE
0024CCr 1               @FastBasic_LINE_1151:	; LINE 1151
0024CCr 1  rr           	.byte	TOK_FOR_NEXT
0024CDr 1  rr           	.byte	TOK_CJUMP
0024CEr 1  rr rr        	.word	jump_lbl_288
0024D0r 1               jump_lbl_287:
0024D0r 1  rr           	.byte	TOK_FOR_EXIT
0024D1r 1               @FastBasic_LINE_1152:	; LINE 1152
0024D1r 1  rr           	.byte	TOK_BYTE
0024D2r 1  0F           	.byte	15
0024D3r 1  rr           	.byte	TOK_PUSH_BYTE
0024D4r 1  0A           	.byte	10
0024D5r 1  rr           	.byte	TOK_PUSH
0024D6r 1  rr           	.byte	TOK_CALL
0024D7r 1  rr rr        	.word	fb_lbl_POS
0024D9r 1  rr           	.byte	TOK_BYTE
0024DAr 1  DD           	.byte	221
0024DBr 1  rr           	.byte	TOK_PUSH
0024DCr 1  rr           	.byte	TOK_CALL
0024DDr 1  rr rr        	.word	fb_lbl_PRINTBYTE
0024DFr 1  rr           	.byte	TOK_BYTE
0024E0r 1  17           	.byte	23
0024E1r 1  rr           	.byte	TOK_PUSH_BYTE
0024E2r 1  0A           	.byte	10
0024E3r 1  rr           	.byte	TOK_PUSH
0024E4r 1  rr           	.byte	TOK_CALL
0024E5r 1  rr rr        	.word	fb_lbl_POS
0024E7r 1  rr           	.byte	TOK_BYTE
0024E8r 1  DE           	.byte	222
0024E9r 1  rr           	.byte	TOK_PUSH
0024EAr 1  rr           	.byte	TOK_CALL
0024EBr 1  rr rr        	.word	fb_lbl_PRINTBYTE
0024EDr 1               @FastBasic_LINE_1153:	; LINE 1153
0024EDr 1  rr           	.byte	TOK_BYTE
0024EEr 1  0F           	.byte	15
0024EFr 1  rr           	.byte	TOK_PUSH_BYTE
0024F0r 1  10           	.byte	16
0024F1r 1  rr           	.byte	TOK_PUSH
0024F2r 1  rr           	.byte	TOK_CALL
0024F3r 1  rr rr        	.word	fb_lbl_POS
0024F5r 1  rr           	.byte	TOK_BYTE
0024F6r 1  FE           	.byte	254
0024F7r 1  rr           	.byte	TOK_PUSH
0024F8r 1  rr           	.byte	TOK_CALL
0024F9r 1  rr rr        	.word	fb_lbl_PRINTBYTE
0024FBr 1  rr           	.byte	TOK_BYTE
0024FCr 1  17           	.byte	23
0024FDr 1  rr           	.byte	TOK_PUSH_BYTE
0024FEr 1  10           	.byte	16
0024FFr 1  rr           	.byte	TOK_PUSH
002500r 1  rr           	.byte	TOK_CALL
002501r 1  rr rr        	.word	fb_lbl_POS
002503r 1  rr           	.byte	TOK_BYTE
002504r 1  FE           	.byte	254
002505r 1  rr           	.byte	TOK_PUSH
002506r 1  rr           	.byte	TOK_CALL
002507r 1  rr rr        	.word	fb_lbl_PRINTBYTE
002509r 1               @FastBasic_LINE_1154:	; LINE 1154
002509r 1  rr           	.byte	TOK_CALL
00250Ar 1  rr rr        	.word	fb_lbl_DRAWPLAYERS
00250Cr 1               @FastBasic_LINE_1155:	; LINE 1155
00250Cr 1  rr           	.byte	TOK_VAR_LOAD
00250Dr 1  rr           	makevar	"LASTMOVEPLAYED"
00250Er 1  rr           	.byte	TOK_PUSH
00250Fr 1  rr           	.byte	TOK_CSTRING
002510r 1  1B 57 61 69  	.byte	27, "Waiting for players to join"
002514r 1  74 69 6E 67  
002518r 1  20 66 6F 72  
00252Cr 1  rr           	.byte	TOK_CMP_STR
00252Dr 1  rr           	.byte	TOK_EQ
00252Er 1  rr           	.byte	TOK_CJUMP
00252Fr 1  rr rr        	.word	jump_lbl_289
002531r 1               @FastBasic_LINE_1156:	; LINE 1156
002531r 1  rr           	.byte	TOK_BYTE
002532r 1  02           	.byte	2
002533r 1  rr           	.byte	TOK_PUSH_BYTE
002534r 1  03           	.byte	3
002535r 1  rr           	.byte	TOK_PUSH
002536r 1  rr           	.byte	TOK_CALL
002537r 1  rr rr        	.word	fb_lbl_POS
002539r 1  rr           	.byte	TOK_CSTRING
00253Ar 1  25 50 4C 45  	.byte	37, "PLEASE WAIT FOR OTHER PLAYERS TO JOIN"
00253Er 1  41 53 45 20  
002542r 1  57 41 49 54  
002560r 1  rr           	.byte	TOK_PUSH
002561r 1  rr           	.byte	TOK_CALL
002562r 1  rr rr        	.word	fb_lbl_PRINT
002564r 1               @FastBasic_LINE_1157:	; LINE 1157
002564r 1  rr           	.byte	TOK_BYTE
002565r 1  03           	.byte	3
002566r 1  rr           	.byte	TOK_PUSH_BYTE
002567r 1  04           	.byte	4
002568r 1  rr           	.byte	TOK_PUSH
002569r 1  rr           	.byte	TOK_CALL
00256Ar 1  rr rr        	.word	fb_lbl_POS
00256Cr 1  rr           	.byte	TOK_CSTRING
00256Dr 1  23 4F 52 20  	.byte	35, "OR PRESS S TO START WITH AI PLAYERS"
002571r 1  50 52 45 53  
002575r 1  53 20 53 20  
002591r 1  rr           	.byte	TOK_PUSH
002592r 1  rr           	.byte	TOK_CALL
002593r 1  rr rr        	.word	fb_lbl_PRINT
002595r 1               @FastBasic_LINE_1158:	; LINE 1158
002595r 1  rr           	.byte	TOK_BYTE
002596r 1  11           	.byte	17
002597r 1  rr           	.byte	TOK_PUSH_BYTE
002598r 1  09           	.byte	9
002599r 1  rr           	.byte	TOK_PUSH_BYTE
00259Ar 1  08           	.byte	8
00259Br 1  rr           	.byte	TOK_PUSH
00259Cr 1  rr           	.byte	TOK_CALL
00259Dr 1  rr rr        	.word	fb_lbl_DRAWCARD
00259Fr 1               @FastBasic_LINE_1160:	; LINE 1160
00259Fr 1  rr           	.byte	TOK_JUMP
0025A0r 1  rr rr        	.word	fb_lbl_DRAWBUFFEREND
0025A2r 1               @FastBasic_LINE_1163:	; LINE 1163
0025A2r 1               jump_lbl_289:
0025A2r 1               @FastBasic_LINE_1164:	; LINE 1164
0025A2r 1  rr           	.byte	TOK_VAR_LOAD
0025A3r 1  rr           	makevar	"DRAWDECK"
0025A4r 1  rr           	.byte	TOK_PUSH_0
0025A5r 1  rr           	.byte	TOK_GT
0025A6r 1  rr           	.byte	TOK_CJUMP
0025A7r 1  rr rr        	.word	jump_lbl_290
0025A9r 1               @FastBasic_LINE_1165:	; LINE 1165
0025A9r 1  rr           	.byte	TOK_BYTE
0025AAr 1  11           	.byte	17
0025ABr 1  rr           	.byte	TOK_PUSH_BYTE
0025ACr 1  09           	.byte	9
0025ADr 1  rr           	.byte	TOK_PUSH_BYTE
0025AEr 1  08           	.byte	8
0025AFr 1  rr           	.byte	TOK_PUSH
0025B0r 1  rr           	.byte	TOK_CALL
0025B1r 1  rr rr        	.word	fb_lbl_DRAWCARD
0025B3r 1               @FastBasic_LINE_1166:	; LINE 1166
0025B3r 1  rr           	.byte	TOK_BYTE
0025B4r 1  13           	.byte	19
0025B5r 1  rr           	.byte	TOK_PUSH_BYTE
0025B6r 1  0D           	.byte	13
0025B7r 1  rr           	.byte	TOK_PUSH
0025B8r 1  rr           	.byte	TOK_CALL
0025B9r 1  rr rr        	.word	fb_lbl_POS
0025BBr 1  rr           	.byte	TOK_VAR_LOAD
0025BCr 1  rr           	makevar	"DRAWDECK"
0025BDr 1  rr           	.byte	TOK_PUSH
0025BEr 1  rr           	.byte	TOK_CALL
0025BFr 1  rr rr        	.word	fb_lbl_PRINTVAL
0025C1r 1               @FastBasic_LINE_1167:	; LINE 1167
0025C1r 1  rr           	.byte	TOK_JUMP
0025C2r 1  rr rr        	.word	jump_lbl_291
0025C4r 1               jump_lbl_290:
0025C4r 1               @FastBasic_LINE_1168:	; LINE 1168
0025C4r 1  rr           	.byte	TOK_BYTE
0025C5r 1  11           	.byte	17
0025C6r 1  rr           	.byte	TOK_PUSH_BYTE
0025C7r 1  09           	.byte	9
0025C8r 1  rr           	.byte	TOK_PUSH_0
0025C9r 1  rr           	.byte	TOK_PUSH
0025CAr 1  rr           	.byte	TOK_CALL
0025CBr 1  rr rr        	.word	fb_lbl_DRAWCARD
0025CDr 1               @FastBasic_LINE_1169:	; LINE 1169
0025CDr 1               jump_lbl_291:
0025CDr 1               @FastBasic_LINE_1170:	; LINE 1170
0025CDr 1  rr           	.byte	TOK_VAR_LOAD
0025CEr 1  rr           	makevar	"DEALT"
0025CFr 1  rr           	.byte	TOK_COMP_0
0025D0r 1  rr           	.byte	TOK_CNJUMP
0025D1r 1  rr rr        	.word	jump_lbl_292
0025D3r 1               @FastBasic_LINE_1171:	; LINE 1171
0025D3r 1  rr           	.byte	TOK_BYTE
0025D4r 1  38           	.byte	56
0025D5r 1  rr           	.byte	TOK_VAR_STORE
0025D6r 1  rr           	makevar	"DRAWDECK"
0025D7r 1               @FastBasic_LINE_1172:	; LINE 1172
0025D7r 1  rr           	.byte	TOK_BYTE
0025D8r 1  13           	.byte	19
0025D9r 1  rr           	.byte	TOK_PUSH_BYTE
0025DAr 1  0D           	.byte	13
0025DBr 1  rr           	.byte	TOK_PUSH
0025DCr 1  rr           	.byte	TOK_CALL
0025DDr 1  rr rr        	.word	fb_lbl_POS
0025DFr 1  rr           	.byte	TOK_VAR_LOAD
0025E0r 1  rr           	makevar	"DRAWDECK"
0025E1r 1  rr           	.byte	TOK_PUSH
0025E2r 1  rr           	.byte	TOK_CALL
0025E3r 1  rr rr        	.word	fb_lbl_PRINTVAL
0025E5r 1               @FastBasic_LINE_1173:	; LINE 1173
0025E5r 1  rr           	.byte	TOK_CALL
0025E6r 1  rr rr        	.word	fb_lbl_DRAWBUFFEREND
0025E8r 1               @FastBasic_LINE_1175:	; LINE 1175
0025E8r 1  rr           	.byte	TOK_CALL
0025E9r 1  rr rr        	.word	fb_lbl_DEALCARDS
0025EBr 1               @FastBasic_LINE_1176:	; LINE 1176
0025EBr 1  rr           	.byte	TOK_CALL
0025ECr 1  rr rr        	.word	fb_lbl_ENABLEDOUBLEBUFFER
0025EEr 1               @FastBasic_LINE_1177:	; LINE 1177
0025EEr 1               jump_lbl_292:
0025EEr 1               @FastBasic_LINE_1178:	; LINE 1178
0025EEr 1  rr           	.byte	TOK_BYTE
0025EFr 1  14           	.byte	20
0025F0r 1  rr           	.byte	TOK_PUSH_BYTE
0025F1r 1  09           	.byte	9
0025F2r 1  rr           	.byte	TOK_PUSH_VAR_LOAD
0025F3r 1  rr           	makevar	"DISCARDTOP"
0025F4r 1  rr           	.byte	TOK_PUSH
0025F5r 1  rr           	.byte	TOK_CALL
0025F6r 1  rr rr        	.word	fb_lbl_DRAWCARD
0025F8r 1               @FastBasic_LINE_1180:	; LINE 1180
0025F8r 1  rr           	.byte	TOK_BYTE
0025F9r 1  05           	.byte	5
0025FAr 1  rr           	.byte	TOK_PUSH_BYTE
0025FBr 1  19           	.byte	25
0025FCr 1  rr           	.byte	TOK_PUSH
0025FDr 1  rr           	.byte	TOK_CALL
0025FEr 1  rr rr        	.word	fb_lbl_POS
002600r 1  rr           	.byte	TOK_CSTRING
002601r 1  1C 48 2D 48  	.byte	28, "H-HELP C-COLOR E-EXIT Q-QUIT"
002605r 1  45 4C 50 20  
002609r 1  43 2D 43 4F  
00261Er 1  rr           	.byte	TOK_PUSH
00261Fr 1  rr           	.byte	TOK_CALL
002620r 1  rr rr        	.word	fb_lbl_PRINT
002622r 1               @FastBasic_LINE_1181:	; LINE 1181
002622r 1  rr           	.byte	TOK_VAR_LOAD
002623r 1  rr           	makevar	"PLAYERINDEX"
002624r 1  rr           	.byte	TOK_USHL
002625r 1  rr           	.byte	TOK_ADD_VAR
002626r 1  rr           	makevar	"PLAYERSTATUS"
002627r 1  rr           	.byte	TOK_DPEEK
002628r 1  rr           	.byte	TOK_PUSH_1
002629r 1  rr           	.byte	TOK_EQ
00262Ar 1  rr           	.byte	TOK_CJUMP
00262Br 1  rr rr        	.word	jump_lbl_293
00262Dr 1               @FastBasic_LINE_1182:	; LINE 1182
00262Dr 1  rr           	.byte	TOK_BYTE
00262Er 1  0D           	.byte	13
00262Fr 1  rr           	.byte	TOK_PUSH_BYTE
002630r 1  18           	.byte	24
002631r 1  rr           	.byte	TOK_PUSH
002632r 1  rr           	.byte	TOK_CALL
002633r 1  rr rr        	.word	fb_lbl_POS
002635r 1  rr           	.byte	TOK_CSTRING
002636r 1  0D 59 4F 55  	.byte	13, "YOUR TURN NOW"
00263Ar 1  52 20 54 55  
00263Er 1  52 4E 20 4E  
002644r 1  rr           	.byte	TOK_PUSH
002645r 1  rr           	.byte	TOK_CALL
002646r 1  rr rr        	.word	fb_lbl_PRINT
002648r 1               @FastBasic_LINE_1183:	; LINE 1183
002648r 1  rr           	.byte	TOK_BYTE
002649r 1  1A           	.byte	26
00264Ar 1  rr           	.byte	TOK_PUSH_BYTE
00264Br 1  11           	.byte	17
00264Cr 1  rr           	.byte	TOK_PUSH
00264Dr 1  rr           	.byte	TOK_CALL
00264Er 1  rr rr        	.word	fb_lbl_POS
002650r 1  rr           	.byte	TOK_CSTRING
002651r 1  0A 54 49 4D  	.byte	10, "TIME LEFT:"
002655r 1  45 20 4C 45  
002659r 1  46 54 3A     
00265Cr 1  rr           	.byte	TOK_PUSH
00265Dr 1  rr           	.byte	TOK_CALL
00265Er 1  rr rr        	.word	fb_lbl_PRINT
002660r 1               @FastBasic_LINE_1184:	; LINE 1184
002660r 1  rr           	.byte	TOK_BYTE
002661r 1  02           	.byte	2
002662r 1  rr           	.byte	TOK_PUSH_BYTE
002663r 1  14           	.byte	20
002664r 1  rr           	.byte	TOK_PUSH
002665r 1  rr           	.byte	TOK_CALL
002666r 1  rr rr        	.word	fb_lbl_DRAWDRAWBUTTON
002668r 1               @FastBasic_LINE_1185:	; LINE 1185
002668r 1  rr           	.byte	TOK_BYTE
002669r 1  25           	.byte	37
00266Ar 1  rr           	.byte	TOK_PUSH_BYTE
00266Br 1  14           	.byte	20
00266Cr 1  rr           	.byte	TOK_PUSH
00266Dr 1  rr           	.byte	TOK_CALL
00266Er 1  rr rr        	.word	fb_lbl_DRAWFOLDBUTTON
002670r 1               @FastBasic_LINE_1186:	; LINE 1186
002670r 1  rr           	.byte	TOK_JUMP
002671r 1  rr rr        	.word	fb_lbl_DRAWBUFFEREND
002673r 1               jump_lbl_293:
002673r 1               @FastBasic_LINE_1187:	; LINE 1187
002673r 1  rr           	.byte	TOK_BYTE
002674r 1  07           	.byte	7
002675r 1  rr           	.byte	TOK_PUSH_BYTE
002676r 1  18           	.byte	24
002677r 1  rr           	.byte	TOK_PUSH
002678r 1  rr           	.byte	TOK_CALL
002679r 1  rr rr        	.word	fb_lbl_POS
00267Br 1  rr           	.byte	TOK_CSTRING
00267Cr 1  1A 57 41 49  	.byte	26, "WAITING FOR OTHERS TO PLAY"
002680r 1  54 49 4E 47  
002684r 1  20 46 4F 52  
002697r 1  rr           	.byte	TOK_PUSH
002698r 1  rr           	.byte	TOK_CALL
002699r 1  rr rr        	.word	fb_lbl_PRINT
00269Br 1               @FastBasic_LINE_1189:	; LINE 1189
00269Br 1  rr           	.byte	TOK_JUMP
00269Cr 1  rr rr        	.word	fb_lbl_DRAWBUFFEREND
00269Er 1               @FastBasic_LINE_1193:	; LINE 1193
00269Er 1               	.segment "BYTECODE"
00269Er 1               	.export	fb_lbl_DRAWMAINPLAYERHAND
00269Er 1               fb_lbl_DRAWMAINPLAYERHAND:
00269Er 1  rr           	.byte	TOK_POP
00269Fr 1  rr           	.byte	TOK_VAR_STORE
0026A0r 1  rr           	makevar	"_INDEX"
0026A1r 1               @FastBasic_LINE_1194:	; LINE 1194
0026A1r 1  rr           	.byte	TOK_VAR_LOAD
0026A2r 1  rr           	makevar	"_INDEX"
0026A3r 1  rr           	.byte	TOK_VAR_STORE
0026A4r 1  rr           	makevar	"DISPLAYINDEX"
0026A5r 1  rr           	.byte	TOK_BYTE
0026A6r 1  13           	.byte	19
0026A7r 1  rr           	.byte	TOK_VAR_STORE
0026A8r 1  rr           	makevar	"YY"
0026A9r 1               @FastBasic_LINE_1195:	; LINE 1195
0026A9r 1  rr           	.byte	TOK_VAR_LOAD
0026AAr 1  rr           	makevar	"DISPLAYINDEX"
0026ABr 1  rr           	.byte	TOK_USHL
0026ACr 1  rr           	.byte	TOK_ADD_VAR
0026ADr 1  rr           	makevar	"PLAYERHANDCOUNT"
0026AEr 1  rr           	.byte	TOK_DPEEK
0026AFr 1  rr           	.byte	TOK_PUSH_BYTE
0026B0r 1  09           	.byte	9
0026B1r 1  rr           	.byte	TOK_LT
0026B2r 1  rr           	.byte	TOK_CJUMP
0026B3r 1  rr rr        	.word	jump_lbl_297
0026B5r 1               @FastBasic_LINE_1196:	; LINE 1196
0026B5r 1  rr           	.byte	TOK_BYTE
0026B6r 1  24           	.byte	36
0026B7r 1  rr           	.byte	TOK_PUSH_VAR_LOAD
0026B8r 1  rr           	makevar	"DISPLAYINDEX"
0026B9r 1  rr           	.byte	TOK_USHL
0026BAr 1  rr           	.byte	TOK_ADD_VAR
0026BBr 1  rr           	makevar	"PLAYERHANDCOUNT"
0026BCr 1  rr           	.byte	TOK_DPEEK
0026BDr 1  rr           	.byte	TOK_USHL
0026BEr 1  rr           	.byte	TOK_USHL
0026BFr 1  rr           	.byte	TOK_SUB
0026C0r 1  rr           	.byte	TOK_PUSH_BYTE
0026C1r 1  02           	.byte	2
0026C2r 1  rr           	.byte	TOK_DIV
0026C3r 1  rr           	.byte	TOK_PUSH_BYTE
0026C4r 1  03           	.byte	3
0026C5r 1  rr           	.byte	TOK_ADD
0026C6r 1  rr           	.byte	TOK_VAR_STORE
0026C7r 1  rr           	makevar	"XX"
0026C8r 1               @FastBasic_LINE_1197:	; LINE 1197
0026C8r 1  rr           	.byte	TOK_VAR_SADDR
0026C9r 1  rr           	makevar	"A"
0026CAr 1  rr           	.byte	TOK_PUSH_1
0026CBr 1  rr           	.byte	TOK_DPOKE
0026CCr 1  rr           	.byte	TOK_VAR_LOAD
0026CDr 1  rr           	makevar	"DISPLAYINDEX"
0026CEr 1  rr           	.byte	TOK_USHL
0026CFr 1  rr           	.byte	TOK_ADD_VAR
0026D0r 1  rr           	makevar	"PLAYERHAND"
0026D1r 1  rr           	.byte	TOK_DPEEK
0026D2r 1  rr           	.byte	TOK_PEEK
0026D3r 1  rr           	.byte	TOK_PUSH_1
0026D4r 1  rr           	.byte	TOK_FOR
0026D5r 1  rr           	.byte	TOK_CNJUMP
0026D6r 1  rr rr        	.word	jump_lbl_298
0026D8r 1               jump_lbl_299:
0026D8r 1               @FastBasic_LINE_1198:	; LINE 1198
0026D8r 1  rr           	.byte	TOK_VAR_LOAD
0026D9r 1  rr           	makevar	"DISPLAYINDEX"
0026DAr 1  rr           	.byte	TOK_USHL
0026DBr 1  rr           	.byte	TOK_ADD_VAR
0026DCr 1  rr           	makevar	"PLAYERHAND"
0026DDr 1  rr           	.byte	TOK_DPEEK
0026DEr 1  rr           	.byte	TOK_PUSH_VAR_LOAD
0026DFr 1  rr           	makevar	"A"
0026E0r 1  rr           	.byte	TOK_PUSH_1
0026E1r 1  rr           	.byte	TOK_STR_IDX
0026E2r 1  rr           	.byte	TOK_VAL
0026E3r 1  rr           	.byte	TOK_VAR_STORE
0026E4r 1  rr           	makevar	"CARD"
0026E5r 1               @FastBasic_LINE_1199:	; LINE 1199
0026E5r 1  rr           	.byte	TOK_VAR_LOAD
0026E6r 1  rr           	makevar	"DISPLAYINDEX"
0026E7r 1  rr           	.byte	TOK_USHL
0026E8r 1  rr           	.byte	TOK_ADD_VAR
0026E9r 1  rr           	makevar	"PLAYERSTATUS"
0026EAr 1  rr           	.byte	TOK_DPEEK
0026EBr 1  rr           	.byte	TOK_PUSH_BYTE
0026ECr 1  02           	.byte	2
0026EDr 1  rr           	.byte	TOK_EQ
0026EEr 1  rr           	.byte	TOK_CJUMP
0026EFr 1  rr rr        	.word	jump_lbl_300
0026F1r 1  rr           	.byte	TOK_BYTE
0026F2r 1  09           	.byte	9
0026F3r 1  rr           	.byte	TOK_VAR_STORE
0026F4r 1  rr           	makevar	"CARD"
0026F5r 1               jump_lbl_300:
0026F5r 1               @FastBasic_LINE_1200:	; LINE 1200
0026F5r 1  rr           	.byte	TOK_VAR_LOAD
0026F6r 1  rr           	makevar	"XX"
0026F7r 1  rr           	.byte	TOK_PUSH_VAR_LOAD
0026F8r 1  rr           	makevar	"YY"
0026F9r 1  rr           	.byte	TOK_PUSH_VAR_LOAD
0026FAr 1  rr           	makevar	"CARD"
0026FBr 1  rr           	.byte	TOK_PUSH
0026FCr 1  rr           	.byte	TOK_CALL
0026FDr 1  rr rr        	.word	fb_lbl_DRAWCARD
0026FFr 1               @FastBasic_LINE_1201:	; LINE 1201
0026FFr 1  rr           	.byte	TOK_BYTE
002700r 1  04           	.byte	4
002701r 1  rr           	.byte	TOK_ADD_VAR
002702r 1  rr           	makevar	"XX"
002703r 1  rr           	.byte	TOK_VAR_STORE
002704r 1  rr           	makevar	"XX"
002705r 1               @FastBasic_LINE_1202:	; LINE 1202
002705r 1  rr           	.byte	TOK_FOR_NEXT
002706r 1  rr           	.byte	TOK_CJUMP
002707r 1  rr rr        	.word	jump_lbl_299
002709r 1               jump_lbl_298:
002709r 1  rr           	.byte	TOK_FOR_EXIT
00270Ar 1               @FastBasic_LINE_1203:	; LINE 1203
00270Ar 1  rr           	.byte	TOK_RET
00270Br 1               jump_lbl_297:
00270Br 1  rr           	.byte	TOK_VAR_LOAD
00270Cr 1  rr           	makevar	"DISPLAYINDEX"
00270Dr 1  rr           	.byte	TOK_USHL
00270Er 1  rr           	.byte	TOK_ADD_VAR
00270Fr 1  rr           	makevar	"PLAYERHANDCOUNT"
002710r 1  rr           	.byte	TOK_DPEEK
002711r 1  rr           	.byte	TOK_PUSH_BYTE
002712r 1  0B           	.byte	11
002713r 1  rr           	.byte	TOK_LT
002714r 1  rr           	.byte	TOK_CJUMP
002715r 1  rr rr        	.word	jump_lbl_302
002717r 1               @FastBasic_LINE_1204:	; LINE 1204
002717r 1  rr           	.byte	TOK_BYTE
002718r 1  24           	.byte	36
002719r 1  rr           	.byte	TOK_PUSH_VAR_LOAD
00271Ar 1  rr           	makevar	"DISPLAYINDEX"
00271Br 1  rr           	.byte	TOK_USHL
00271Cr 1  rr           	.byte	TOK_ADD_VAR
00271Dr 1  rr           	makevar	"PLAYERHANDCOUNT"
00271Er 1  rr           	.byte	TOK_DPEEK
00271Fr 1  rr           	.byte	TOK_PUSH_BYTE
002720r 1  03           	.byte	3
002721r 1  rr           	.byte	TOK_MUL
002722r 1  rr           	.byte	TOK_SUB
002723r 1  rr           	.byte	TOK_PUSH_BYTE
002724r 1  02           	.byte	2
002725r 1  rr           	.byte	TOK_DIV
002726r 1  rr           	.byte	TOK_PUSH_BYTE
002727r 1  03           	.byte	3
002728r 1  rr           	.byte	TOK_ADD
002729r 1  rr           	.byte	TOK_VAR_STORE
00272Ar 1  rr           	makevar	"XX"
00272Br 1               @FastBasic_LINE_1205:	; LINE 1205
00272Br 1  rr           	.byte	TOK_VAR_SADDR
00272Cr 1  rr           	makevar	"A"
00272Dr 1  rr           	.byte	TOK_PUSH_1
00272Er 1  rr           	.byte	TOK_DPOKE
00272Fr 1  rr           	.byte	TOK_VAR_LOAD
002730r 1  rr           	makevar	"DISPLAYINDEX"
002731r 1  rr           	.byte	TOK_USHL
002732r 1  rr           	.byte	TOK_ADD_VAR
002733r 1  rr           	makevar	"PLAYERHAND"
002734r 1  rr           	.byte	TOK_DPEEK
002735r 1  rr           	.byte	TOK_PEEK
002736r 1  rr           	.byte	TOK_PUSH_1
002737r 1  rr           	.byte	TOK_FOR
002738r 1  rr           	.byte	TOK_CNJUMP
002739r 1  rr rr        	.word	jump_lbl_303
00273Br 1               jump_lbl_304:
00273Br 1               @FastBasic_LINE_1206:	; LINE 1206
00273Br 1  rr           	.byte	TOK_VAR_LOAD
00273Cr 1  rr           	makevar	"DISPLAYINDEX"
00273Dr 1  rr           	.byte	TOK_USHL
00273Er 1  rr           	.byte	TOK_ADD_VAR
00273Fr 1  rr           	makevar	"PLAYERHAND"
002740r 1  rr           	.byte	TOK_DPEEK
002741r 1  rr           	.byte	TOK_PUSH_VAR_LOAD
002742r 1  rr           	makevar	"A"
002743r 1  rr           	.byte	TOK_PUSH_1
002744r 1  rr           	.byte	TOK_STR_IDX
002745r 1  rr           	.byte	TOK_VAL
002746r 1  rr           	.byte	TOK_VAR_STORE
002747r 1  rr           	makevar	"CARD"
002748r 1               @FastBasic_LINE_1207:	; LINE 1207
002748r 1  rr           	.byte	TOK_VAR_LOAD
002749r 1  rr           	makevar	"DISPLAYINDEX"
00274Ar 1  rr           	.byte	TOK_USHL
00274Br 1  rr           	.byte	TOK_ADD_VAR
00274Cr 1  rr           	makevar	"PLAYERSTATUS"
00274Dr 1  rr           	.byte	TOK_DPEEK
00274Er 1  rr           	.byte	TOK_PUSH_BYTE
00274Fr 1  02           	.byte	2
002750r 1  rr           	.byte	TOK_EQ
002751r 1  rr           	.byte	TOK_CJUMP
002752r 1  rr rr        	.word	jump_lbl_305
002754r 1  rr           	.byte	TOK_BYTE
002755r 1  09           	.byte	9
002756r 1  rr           	.byte	TOK_VAR_STORE
002757r 1  rr           	makevar	"CARD"
002758r 1               jump_lbl_305:
002758r 1               @FastBasic_LINE_1208:	; LINE 1208
002758r 1  rr           	.byte	TOK_VAR_LOAD
002759r 1  rr           	makevar	"XX"
00275Ar 1  rr           	.byte	TOK_PUSH_VAR_LOAD
00275Br 1  rr           	makevar	"YY"
00275Cr 1  rr           	.byte	TOK_PUSH_VAR_LOAD
00275Dr 1  rr           	makevar	"CARD"
00275Er 1  rr           	.byte	TOK_PUSH
00275Fr 1  rr           	.byte	TOK_CALL
002760r 1  rr rr        	.word	fb_lbl_DRAWCARD
002762r 1               @FastBasic_LINE_1209:	; LINE 1209
002762r 1  rr           	.byte	TOK_BYTE
002763r 1  03           	.byte	3
002764r 1  rr           	.byte	TOK_ADD_VAR
002765r 1  rr           	makevar	"XX"
002766r 1  rr           	.byte	TOK_VAR_STORE
002767r 1  rr           	makevar	"XX"
002768r 1               @FastBasic_LINE_1210:	; LINE 1210
002768r 1  rr           	.byte	TOK_FOR_NEXT
002769r 1  rr           	.byte	TOK_CJUMP
00276Ar 1  rr rr        	.word	jump_lbl_304
00276Cr 1               jump_lbl_303:
00276Cr 1  rr           	.byte	TOK_FOR_EXIT
00276Dr 1               @FastBasic_LINE_1211:	; LINE 1211
00276Dr 1  rr           	.byte	TOK_RET
00276Er 1               jump_lbl_302:
00276Er 1  rr           	.byte	TOK_VAR_LOAD
00276Fr 1  rr           	makevar	"DISPLAYINDEX"
002770r 1  rr           	.byte	TOK_USHL
002771r 1  rr           	.byte	TOK_ADD_VAR
002772r 1  rr           	makevar	"PLAYERHANDCOUNT"
002773r 1  rr           	.byte	TOK_DPEEK
002774r 1  rr           	.byte	TOK_PUSH_BYTE
002775r 1  10           	.byte	16
002776r 1  rr           	.byte	TOK_LT
002777r 1  rr           	.byte	TOK_CJUMP
002778r 1  rr rr        	.word	jump_lbl_307
00277Ar 1               @FastBasic_LINE_1212:	; LINE 1212
00277Ar 1  rr           	.byte	TOK_BYTE
00277Br 1  24           	.byte	36
00277Cr 1  rr           	.byte	TOK_PUSH_VAR_LOAD
00277Dr 1  rr           	makevar	"DISPLAYINDEX"
00277Er 1  rr           	.byte	TOK_USHL
00277Fr 1  rr           	.byte	TOK_ADD_VAR
002780r 1  rr           	makevar	"PLAYERHANDCOUNT"
002781r 1  rr           	.byte	TOK_DPEEK
002782r 1  rr           	.byte	TOK_USHL
002783r 1  rr           	.byte	TOK_SUB
002784r 1  rr           	.byte	TOK_PUSH_1
002785r 1  rr           	.byte	TOK_ADD
002786r 1  rr           	.byte	TOK_PUSH_BYTE
002787r 1  02           	.byte	2
002788r 1  rr           	.byte	TOK_DIV
002789r 1  rr           	.byte	TOK_PUSH_BYTE
00278Ar 1  02           	.byte	2
00278Br 1  rr           	.byte	TOK_ADD
00278Cr 1  rr           	.byte	TOK_VAR_STORE
00278Dr 1  rr           	makevar	"XX"
00278Er 1               @FastBasic_LINE_1213:	; LINE 1213
00278Er 1  rr           	.byte	TOK_VAR_SADDR
00278Fr 1  rr           	makevar	"A"
002790r 1  rr           	.byte	TOK_PUSH_1
002791r 1  rr           	.byte	TOK_DPOKE
002792r 1  rr           	.byte	TOK_VAR_LOAD
002793r 1  rr           	makevar	"DISPLAYINDEX"
002794r 1  rr           	.byte	TOK_USHL
002795r 1  rr           	.byte	TOK_ADD_VAR
002796r 1  rr           	makevar	"PLAYERHAND"
002797r 1  rr           	.byte	TOK_DPEEK
002798r 1  rr           	.byte	TOK_PEEK
002799r 1  rr           	.byte	TOK_PUSH_1
00279Ar 1  rr           	.byte	TOK_FOR
00279Br 1  rr           	.byte	TOK_CNJUMP
00279Cr 1  rr rr        	.word	jump_lbl_308
00279Er 1               jump_lbl_309:
00279Er 1               @FastBasic_LINE_1214:	; LINE 1214
00279Er 1  rr           	.byte	TOK_VAR_LOAD
00279Fr 1  rr           	makevar	"DISPLAYINDEX"
0027A0r 1  rr           	.byte	TOK_USHL
0027A1r 1  rr           	.byte	TOK_ADD_VAR
0027A2r 1  rr           	makevar	"PLAYERHAND"
0027A3r 1  rr           	.byte	TOK_DPEEK
0027A4r 1  rr           	.byte	TOK_PUSH_VAR_LOAD
0027A5r 1  rr           	makevar	"A"
0027A6r 1  rr           	.byte	TOK_PUSH_1
0027A7r 1  rr           	.byte	TOK_STR_IDX
0027A8r 1  rr           	.byte	TOK_VAL
0027A9r 1  rr           	.byte	TOK_VAR_STORE
0027AAr 1  rr           	makevar	"CARD"
0027ABr 1               @FastBasic_LINE_1215:	; LINE 1215
0027ABr 1  rr           	.byte	TOK_VAR_LOAD
0027ACr 1  rr           	makevar	"DISPLAYINDEX"
0027ADr 1  rr           	.byte	TOK_USHL
0027AEr 1  rr           	.byte	TOK_ADD_VAR
0027AFr 1  rr           	makevar	"PLAYERSTATUS"
0027B0r 1  rr           	.byte	TOK_DPEEK
0027B1r 1  rr           	.byte	TOK_PUSH_BYTE
0027B2r 1  02           	.byte	2
0027B3r 1  rr           	.byte	TOK_EQ
0027B4r 1  rr           	.byte	TOK_CJUMP
0027B5r 1  rr rr        	.word	jump_lbl_310
0027B7r 1  rr           	.byte	TOK_BYTE
0027B8r 1  09           	.byte	9
0027B9r 1  rr           	.byte	TOK_VAR_STORE
0027BAr 1  rr           	makevar	"CARD"
0027BBr 1               jump_lbl_310:
0027BBr 1               @FastBasic_LINE_1216:	; LINE 1216
0027BBr 1  rr           	.byte	TOK_VAR_LOAD
0027BCr 1  rr           	makevar	"XX"
0027BDr 1  rr           	.byte	TOK_PUSH_VAR_LOAD
0027BEr 1  rr           	makevar	"YY"
0027BFr 1  rr           	.byte	TOK_PUSH_VAR_LOAD
0027C0r 1  rr           	makevar	"CARD"
0027C1r 1  rr           	.byte	TOK_PUSH
0027C2r 1  rr           	.byte	TOK_CALL
0027C3r 1  rr rr        	.word	fb_lbl_DRAWCARD
0027C5r 1               @FastBasic_LINE_1217:	; LINE 1217
0027C5r 1  rr           	.byte	TOK_BYTE
0027C6r 1  02           	.byte	2
0027C7r 1  rr           	.byte	TOK_ADD_VAR
0027C8r 1  rr           	makevar	"XX"
0027C9r 1  rr           	.byte	TOK_VAR_STORE
0027CAr 1  rr           	makevar	"XX"
0027CBr 1               @FastBasic_LINE_1218:	; LINE 1218
0027CBr 1  rr           	.byte	TOK_FOR_NEXT
0027CCr 1  rr           	.byte	TOK_CJUMP
0027CDr 1  rr rr        	.word	jump_lbl_309
0027CFr 1               jump_lbl_308:
0027CFr 1  rr           	.byte	TOK_FOR_EXIT
0027D0r 1               @FastBasic_LINE_1219:	; LINE 1219
0027D0r 1  rr           	.byte	TOK_RET
0027D1r 1               jump_lbl_307:
0027D1r 1               @FastBasic_LINE_1220:	; LINE 1220
0027D1r 1  rr           	.byte	TOK_VAR_LOAD
0027D2r 1  rr           	makevar	"DISPLAYINDEX"
0027D3r 1  rr           	.byte	TOK_USHL
0027D4r 1  rr           	.byte	TOK_ADD_VAR
0027D5r 1  rr           	makevar	"PLAYERSTATUS"
0027D6r 1  rr           	.byte	TOK_DPEEK
0027D7r 1  rr           	.byte	TOK_PUSH_BYTE
0027D8r 1  02           	.byte	2
0027D9r 1  rr           	.byte	TOK_EQ
0027DAr 1  rr           	.byte	TOK_CJUMP
0027DBr 1  rr rr        	.word	jump_lbl_312
0027DDr 1               @FastBasic_LINE_1221:	; LINE 1221
0027DDr 1  rr           	.byte	TOK_BYTE
0027DEr 1  24           	.byte	36
0027DFr 1  rr           	.byte	TOK_PUSH_VAR_LOAD
0027E0r 1  rr           	makevar	"DISPLAYINDEX"
0027E1r 1  rr           	.byte	TOK_USHL
0027E2r 1  rr           	.byte	TOK_ADD_VAR
0027E3r 1  rr           	makevar	"PLAYERHANDCOUNT"
0027E4r 1  rr           	.byte	TOK_DPEEK
0027E5r 1  rr           	.byte	TOK_USHL
0027E6r 1  rr           	.byte	TOK_SUB
0027E7r 1  rr           	.byte	TOK_PUSH_1
0027E8r 1  rr           	.byte	TOK_ADD
0027E9r 1  rr           	.byte	TOK_PUSH_BYTE
0027EAr 1  02           	.byte	2
0027EBr 1  rr           	.byte	TOK_DIV
0027ECr 1  rr           	.byte	TOK_PUSH_BYTE
0027EDr 1  02           	.byte	2
0027EEr 1  rr           	.byte	TOK_ADD
0027EFr 1  rr           	.byte	TOK_VAR_STORE
0027F0r 1  rr           	makevar	"XX"
0027F1r 1               @FastBasic_LINE_1222:	; LINE 1222
0027F1r 1  rr           	.byte	TOK_VAR_SADDR
0027F2r 1  rr           	makevar	"A"
0027F3r 1  rr           	.byte	TOK_PUSH_1
0027F4r 1  rr           	.byte	TOK_DPOKE
0027F5r 1  rr           	.byte	TOK_VAR_LOAD
0027F6r 1  rr           	makevar	"DISPLAYINDEX"
0027F7r 1  rr           	.byte	TOK_USHL
0027F8r 1  rr           	.byte	TOK_ADD_VAR
0027F9r 1  rr           	makevar	"PLAYERHAND"
0027FAr 1  rr           	.byte	TOK_DPEEK
0027FBr 1  rr           	.byte	TOK_PEEK
0027FCr 1  rr           	.byte	TOK_PUSH_1
0027FDr 1  rr           	.byte	TOK_SUB
0027FEr 1  rr           	.byte	TOK_PUSH_1
0027FFr 1  rr           	.byte	TOK_FOR
002800r 1  rr           	.byte	TOK_CNJUMP
002801r 1  rr rr        	.word	jump_lbl_313
002803r 1               jump_lbl_314:
002803r 1               @FastBasic_LINE_1223:	; LINE 1223
002803r 1  rr           	.byte	TOK_BYTE
002804r 1  09           	.byte	9
002805r 1  rr           	.byte	TOK_VAR_STORE
002806r 1  rr           	makevar	"CARD"
002807r 1               @FastBasic_LINE_1224:	; LINE 1224
002807r 1  rr           	.byte	TOK_VAR_LOAD
002808r 1  rr           	makevar	"XX"
002809r 1  rr           	.byte	TOK_PUSH_VAR_LOAD
00280Ar 1  rr           	makevar	"YY"
00280Br 1  rr           	.byte	TOK_PUSH_VAR_LOAD
00280Cr 1  rr           	makevar	"CARD"
00280Dr 1  rr           	.byte	TOK_PUSH
00280Er 1  rr           	.byte	TOK_CALL
00280Fr 1  rr rr        	.word	fb_lbl_DRAWCARD
002811r 1               @FastBasic_LINE_1225:	; LINE 1225
002811r 1  rr           	.byte	TOK_BYTE
002812r 1  02           	.byte	2
002813r 1  rr           	.byte	TOK_ADD_VAR
002814r 1  rr           	makevar	"XX"
002815r 1  rr           	.byte	TOK_VAR_STORE
002816r 1  rr           	makevar	"XX"
002817r 1               @FastBasic_LINE_1226:	; LINE 1226
002817r 1  rr           	.byte	TOK_FOR_NEXT
002818r 1  rr           	.byte	TOK_CJUMP
002819r 1  rr rr        	.word	jump_lbl_314
00281Br 1               jump_lbl_313:
00281Br 1  rr           	.byte	TOK_FOR_EXIT
00281Cr 1               @FastBasic_LINE_1227:	; LINE 1227
00281Cr 1  rr           	.byte	TOK_RET
00281Dr 1               jump_lbl_312:
00281Dr 1               @FastBasic_LINE_1228:	; LINE 1228
00281Dr 1  rr           	.byte	TOK_VAR_STORE_0
00281Er 1  rr           	makevar	"CARD1"
00281Fr 1  rr           	.byte	TOK_VAR_STORE_0
002820r 1  rr           	makevar	"CARD2"
002821r 1  rr           	.byte	TOK_VAR_STORE_0
002822r 1  rr           	makevar	"CARD3"
002823r 1  rr           	.byte	TOK_VAR_STORE_0
002824r 1  rr           	makevar	"CARD4"
002825r 1  rr           	.byte	TOK_VAR_STORE_0
002826r 1  rr           	makevar	"CARD5"
002827r 1  rr           	.byte	TOK_VAR_STORE_0
002828r 1  rr           	makevar	"CARD6"
002829r 1  rr           	.byte	TOK_VAR_STORE_0
00282Ar 1  rr           	makevar	"CARD7"
00282Br 1               @FastBasic_LINE_1229:	; LINE 1229
00282Br 1  rr           	.byte	TOK_VAR_SADDR
00282Cr 1  rr           	makevar	"A"
00282Dr 1  rr           	.byte	TOK_PUSH_1
00282Er 1  rr           	.byte	TOK_DPOKE
00282Fr 1  rr           	.byte	TOK_VAR_LOAD
002830r 1  rr           	makevar	"DISPLAYINDEX"
002831r 1  rr           	.byte	TOK_USHL
002832r 1  rr           	.byte	TOK_ADD_VAR
002833r 1  rr           	makevar	"PLAYERHAND"
002834r 1  rr           	.byte	TOK_DPEEK
002835r 1  rr           	.byte	TOK_PEEK
002836r 1  rr           	.byte	TOK_PUSH_1
002837r 1  rr           	.byte	TOK_FOR
002838r 1  rr           	.byte	TOK_CNJUMP
002839r 1  rr rr        	.word	jump_lbl_316
00283Br 1               jump_lbl_317:
00283Br 1               @FastBasic_LINE_1230:	; LINE 1230
00283Br 1  rr           	.byte	TOK_VAR_LOAD
00283Cr 1  rr           	makevar	"DISPLAYINDEX"
00283Dr 1  rr           	.byte	TOK_USHL
00283Er 1  rr           	.byte	TOK_ADD_VAR
00283Fr 1  rr           	makevar	"PLAYERHAND"
002840r 1  rr           	.byte	TOK_DPEEK
002841r 1  rr           	.byte	TOK_PUSH_VAR_LOAD
002842r 1  rr           	makevar	"A"
002843r 1  rr           	.byte	TOK_PUSH_1
002844r 1  rr           	.byte	TOK_STR_IDX
002845r 1  rr           	.byte	TOK_VAL
002846r 1  rr           	.byte	TOK_VAR_STORE
002847r 1  rr           	makevar	"CARD"
002848r 1               @FastBasic_LINE_1231:	; LINE 1231
002848r 1  rr           	.byte	TOK_VAR_LOAD
002849r 1  rr           	makevar	"CARD"
00284Ar 1  rr           	.byte	TOK_PUSH_1
00284Br 1  rr           	.byte	TOK_EQ
00284Cr 1  rr           	.byte	TOK_CJUMP
00284Dr 1  rr rr        	.word	jump_lbl_318
00284Fr 1  rr           	.byte	TOK_INCVAR
002850r 1  rr           	makevar	"CARD1"
002851r 1               jump_lbl_318:
002851r 1               @FastBasic_LINE_1232:	; LINE 1232
002851r 1  rr           	.byte	TOK_VAR_LOAD
002852r 1  rr           	makevar	"CARD"
002853r 1  rr           	.byte	TOK_PUSH_BYTE
002854r 1  02           	.byte	2
002855r 1  rr           	.byte	TOK_EQ
002856r 1  rr           	.byte	TOK_CJUMP
002857r 1  rr rr        	.word	jump_lbl_319
002859r 1  rr           	.byte	TOK_INCVAR
00285Ar 1  rr           	makevar	"CARD2"
00285Br 1               jump_lbl_319:
00285Br 1               @FastBasic_LINE_1233:	; LINE 1233
00285Br 1  rr           	.byte	TOK_VAR_LOAD
00285Cr 1  rr           	makevar	"CARD"
00285Dr 1  rr           	.byte	TOK_PUSH_BYTE
00285Er 1  03           	.byte	3
00285Fr 1  rr           	.byte	TOK_EQ
002860r 1  rr           	.byte	TOK_CJUMP
002861r 1  rr rr        	.word	jump_lbl_320
002863r 1  rr           	.byte	TOK_INCVAR
002864r 1  rr           	makevar	"CARD3"
002865r 1               jump_lbl_320:
002865r 1               @FastBasic_LINE_1234:	; LINE 1234
002865r 1  rr           	.byte	TOK_VAR_LOAD
002866r 1  rr           	makevar	"CARD"
002867r 1  rr           	.byte	TOK_PUSH_BYTE
002868r 1  04           	.byte	4
002869r 1  rr           	.byte	TOK_EQ
00286Ar 1  rr           	.byte	TOK_CJUMP
00286Br 1  rr rr        	.word	jump_lbl_321
00286Dr 1  rr           	.byte	TOK_INCVAR
00286Er 1  rr           	makevar	"CARD4"
00286Fr 1               jump_lbl_321:
00286Fr 1               @FastBasic_LINE_1235:	; LINE 1235
00286Fr 1  rr           	.byte	TOK_VAR_LOAD
002870r 1  rr           	makevar	"CARD"
002871r 1  rr           	.byte	TOK_PUSH_BYTE
002872r 1  05           	.byte	5
002873r 1  rr           	.byte	TOK_EQ
002874r 1  rr           	.byte	TOK_CJUMP
002875r 1  rr rr        	.word	jump_lbl_322
002877r 1  rr           	.byte	TOK_INCVAR
002878r 1  rr           	makevar	"CARD5"
002879r 1               jump_lbl_322:
002879r 1               @FastBasic_LINE_1236:	; LINE 1236
002879r 1  rr           	.byte	TOK_VAR_LOAD
00287Ar 1  rr           	makevar	"CARD"
00287Br 1  rr           	.byte	TOK_PUSH_BYTE
00287Cr 1  06           	.byte	6
00287Dr 1  rr           	.byte	TOK_EQ
00287Er 1  rr           	.byte	TOK_CJUMP
00287Fr 1  rr rr        	.word	jump_lbl_323
002881r 1  rr           	.byte	TOK_INCVAR
002882r 1  rr           	makevar	"CARD6"
002883r 1               jump_lbl_323:
002883r 1               @FastBasic_LINE_1237:	; LINE 1237
002883r 1  rr           	.byte	TOK_VAR_LOAD
002884r 1  rr           	makevar	"CARD"
002885r 1  rr           	.byte	TOK_PUSH_BYTE
002886r 1  07           	.byte	7
002887r 1  rr           	.byte	TOK_EQ
002888r 1  rr           	.byte	TOK_CJUMP
002889r 1  rr rr        	.word	jump_lbl_324
00288Br 1  rr           	.byte	TOK_INCVAR
00288Cr 1  rr           	makevar	"CARD7"
00288Dr 1               jump_lbl_324:
00288Dr 1               @FastBasic_LINE_1238:	; LINE 1238
00288Dr 1  rr           	.byte	TOK_VAR_LOAD
00288Er 1  rr           	makevar	"CARD"
00288Fr 1  rr           	.byte	TOK_USHL
002890r 1  rr           	.byte	TOK_ADD_VAR
002891r 1  rr           	makevar	"CARDXSLOT"
002892r 1  rr           	.byte	TOK_DPEEK
002893r 1  rr           	.byte	TOK_PUSH_VAR_LOAD
002894r 1  rr           	makevar	"CARDYSLOT"
002895r 1  rr           	.byte	TOK_PUSH_VAR_LOAD
002896r 1  rr           	makevar	"CARD"
002897r 1  rr           	.byte	TOK_PUSH
002898r 1  rr           	.byte	TOK_CALL
002899r 1  rr rr        	.word	fb_lbl_DRAWCARD
00289Br 1               @FastBasic_LINE_1239:	; LINE 1239
00289Br 1  rr           	.byte	TOK_FOR_NEXT
00289Cr 1  rr           	.byte	TOK_CJUMP
00289Dr 1  rr rr        	.word	jump_lbl_317
00289Fr 1               jump_lbl_316:
00289Fr 1  rr           	.byte	TOK_FOR_EXIT
0028A0r 1               @FastBasic_LINE_1240:	; LINE 1240
0028A0r 1  rr           	.byte	TOK_VAR_LOAD
0028A1r 1  rr           	makevar	"CARD1"
0028A2r 1  rr           	.byte	TOK_PUSH_1
0028A3r 1  rr           	.byte	TOK_GT
0028A4r 1  rr           	.byte	TOK_CJUMP
0028A5r 1  rr rr        	.word	jump_lbl_325
0028A7r 1  rr           	.byte	TOK_1
0028A8r 1  rr           	.byte	TOK_PUSH_VAR_LOAD
0028A9r 1  rr           	makevar	"CARD1"
0028AAr 1  rr           	.byte	TOK_PUSH
0028ABr 1  rr           	.byte	TOK_CALL
0028ACr 1  rr rr        	.word	fb_lbl_DRAWSTACKEDCARD
0028AEr 1               jump_lbl_325:
0028AEr 1               @FastBasic_LINE_1241:	; LINE 1241
0028AEr 1  rr           	.byte	TOK_VAR_LOAD
0028AFr 1  rr           	makevar	"CARD2"
0028B0r 1  rr           	.byte	TOK_PUSH_1
0028B1r 1  rr           	.byte	TOK_GT
0028B2r 1  rr           	.byte	TOK_CJUMP
0028B3r 1  rr rr        	.word	jump_lbl_326
0028B5r 1  rr           	.byte	TOK_BYTE
0028B6r 1  02           	.byte	2
0028B7r 1  rr           	.byte	TOK_PUSH_VAR_LOAD
0028B8r 1  rr           	makevar	"CARD2"
0028B9r 1  rr           	.byte	TOK_PUSH
0028BAr 1  rr           	.byte	TOK_CALL
0028BBr 1  rr rr        	.word	fb_lbl_DRAWSTACKEDCARD
0028BDr 1               jump_lbl_326:
0028BDr 1               @FastBasic_LINE_1242:	; LINE 1242
0028BDr 1  rr           	.byte	TOK_VAR_LOAD
0028BEr 1  rr           	makevar	"CARD3"
0028BFr 1  rr           	.byte	TOK_PUSH_1
0028C0r 1  rr           	.byte	TOK_GT
0028C1r 1  rr           	.byte	TOK_CJUMP
0028C2r 1  rr rr        	.word	jump_lbl_327
0028C4r 1  rr           	.byte	TOK_BYTE
0028C5r 1  03           	.byte	3
0028C6r 1  rr           	.byte	TOK_PUSH_VAR_LOAD
0028C7r 1  rr           	makevar	"CARD3"
0028C8r 1  rr           	.byte	TOK_PUSH
0028C9r 1  rr           	.byte	TOK_CALL
0028CAr 1  rr rr        	.word	fb_lbl_DRAWSTACKEDCARD
0028CCr 1               jump_lbl_327:
0028CCr 1               @FastBasic_LINE_1243:	; LINE 1243
0028CCr 1  rr           	.byte	TOK_VAR_LOAD
0028CDr 1  rr           	makevar	"CARD4"
0028CEr 1  rr           	.byte	TOK_PUSH_1
0028CFr 1  rr           	.byte	TOK_GT
0028D0r 1  rr           	.byte	TOK_CJUMP
0028D1r 1  rr rr        	.word	jump_lbl_328
0028D3r 1  rr           	.byte	TOK_BYTE
0028D4r 1  04           	.byte	4
0028D5r 1  rr           	.byte	TOK_PUSH_VAR_LOAD
0028D6r 1  rr           	makevar	"CARD4"
0028D7r 1  rr           	.byte	TOK_PUSH
0028D8r 1  rr           	.byte	TOK_CALL
0028D9r 1  rr rr        	.word	fb_lbl_DRAWSTACKEDCARD
0028DBr 1               jump_lbl_328:
0028DBr 1               @FastBasic_LINE_1244:	; LINE 1244
0028DBr 1  rr           	.byte	TOK_VAR_LOAD
0028DCr 1  rr           	makevar	"CARD5"
0028DDr 1  rr           	.byte	TOK_PUSH_1
0028DEr 1  rr           	.byte	TOK_GT
0028DFr 1  rr           	.byte	TOK_CJUMP
0028E0r 1  rr rr        	.word	jump_lbl_329
0028E2r 1  rr           	.byte	TOK_BYTE
0028E3r 1  05           	.byte	5
0028E4r 1  rr           	.byte	TOK_PUSH_VAR_LOAD
0028E5r 1  rr           	makevar	"CARD5"
0028E6r 1  rr           	.byte	TOK_PUSH
0028E7r 1  rr           	.byte	TOK_CALL
0028E8r 1  rr rr        	.word	fb_lbl_DRAWSTACKEDCARD
0028EAr 1               jump_lbl_329:
0028EAr 1               @FastBasic_LINE_1245:	; LINE 1245
0028EAr 1  rr           	.byte	TOK_VAR_LOAD
0028EBr 1  rr           	makevar	"CARD6"
0028ECr 1  rr           	.byte	TOK_PUSH_1
0028EDr 1  rr           	.byte	TOK_GT
0028EEr 1  rr           	.byte	TOK_CJUMP
0028EFr 1  rr rr        	.word	jump_lbl_330
0028F1r 1  rr           	.byte	TOK_BYTE
0028F2r 1  06           	.byte	6
0028F3r 1  rr           	.byte	TOK_PUSH_VAR_LOAD
0028F4r 1  rr           	makevar	"CARD6"
0028F5r 1  rr           	.byte	TOK_PUSH
0028F6r 1  rr           	.byte	TOK_CALL
0028F7r 1  rr rr        	.word	fb_lbl_DRAWSTACKEDCARD
0028F9r 1               jump_lbl_330:
0028F9r 1               @FastBasic_LINE_1246:	; LINE 1246
0028F9r 1  rr           	.byte	TOK_VAR_LOAD
0028FAr 1  rr           	makevar	"CARD7"
0028FBr 1  rr           	.byte	TOK_PUSH_1
0028FCr 1  rr           	.byte	TOK_GT
0028FDr 1  rr           	.byte	TOK_CRET
0028FEr 1  rr           	.byte	TOK_BYTE
0028FFr 1  07           	.byte	7
002900r 1  rr           	.byte	TOK_PUSH_VAR_LOAD
002901r 1  rr           	makevar	"CARD7"
002902r 1  rr           	.byte	TOK_PUSH
002903r 1               @FastBasic_LINE_1252:	; LINE 1252
002903r 1               	.segment "BYTECODE"
002903r 1               	.export	fb_lbl_DRAWSTACKEDCARD
002903r 1               fb_lbl_DRAWSTACKEDCARD:
002903r 1  rr           	.byte	TOK_POP
002904r 1  rr           	.byte	TOK_VAR_STORE
002905r 1  rr           	makevar	"_COUNT"
002906r 1  rr           	.byte	TOK_POP
002907r 1  rr           	.byte	TOK_VAR_STORE
002908r 1  rr           	makevar	"_CARD"
002909r 1               @FastBasic_LINE_1253:	; LINE 1253
002909r 1  rr           	.byte	TOK_VAR_LOAD
00290Ar 1  rr           	makevar	"_CARD"
00290Br 1  rr           	.byte	TOK_USHL
00290Cr 1  rr           	.byte	TOK_ADD_VAR
00290Dr 1  rr           	makevar	"CARDXSLOT"
00290Er 1  rr           	.byte	TOK_DPEEK
00290Fr 1  rr           	.byte	TOK_PUSH_1
002910r 1  rr           	.byte	TOK_SUB
002911r 1  rr           	.byte	TOK_PUSH_VAR_LOAD
002912r 1  rr           	makevar	"CARDYSLOT"
002913r 1  rr           	.byte	TOK_PUSH_1
002914r 1  rr           	.byte	TOK_SUB
002915r 1  rr           	.byte	TOK_PUSH
002916r 1  rr           	.byte	TOK_CALL
002917r 1  rr rr        	.word	fb_lbl_POS
002919r 1  rr           	.byte	TOK_BYTE
00291Ar 1  1C           	.byte	28
00291Br 1  rr           	.byte	TOK_PUSH
00291Cr 1  rr           	.byte	TOK_CALL
00291Dr 1  rr rr        	.word	fb_lbl_PRINTBYTE
00291Fr 1  rr           	.byte	TOK_BYTE
002920r 1  1D           	.byte	29
002921r 1  rr           	.byte	TOK_PUSH
002922r 1  rr           	.byte	TOK_CALL
002923r 1  rr rr        	.word	fb_lbl_PRINTBYTE
002925r 1  rr           	.byte	TOK_BYTE
002926r 1  1E           	.byte	30
002927r 1  rr           	.byte	TOK_PUSH
002928r 1  rr           	.byte	TOK_CALL
002929r 1  rr rr        	.word	fb_lbl_PRINTBYTE
00292Br 1  rr           	.byte	TOK_VAR_LOAD
00292Cr 1  rr           	makevar	"_COUNT"
00292Dr 1  rr           	.byte	TOK_PUSH
00292Er 1  rr           	.byte	TOK_CALL
00292Fr 1  rr rr        	.word	fb_lbl_PRINTVAL
002931r 1               @FastBasic_LINE_1254:	; LINE 1254
002931r 1  rr           	.byte	TOK_VAR_LOAD
002932r 1  rr           	makevar	"_CARD"
002933r 1  rr           	.byte	TOK_USHL
002934r 1  rr           	.byte	TOK_ADD_VAR
002935r 1  rr           	makevar	"CARDXSLOT"
002936r 1  rr           	.byte	TOK_DPEEK
002937r 1  rr           	.byte	TOK_PUSH_1
002938r 1  rr           	.byte	TOK_SUB
002939r 1  rr           	.byte	TOK_PUSH_VAR_LOAD
00293Ar 1  rr           	makevar	"CARDYSLOT"
00293Br 1  rr           	.byte	TOK_PUSH
00293Cr 1  rr           	.byte	TOK_CALL
00293Dr 1  rr rr        	.word	fb_lbl_POS
00293Fr 1  rr           	.byte	TOK_BYTE
002940r 1  3E           	.byte	62
002941r 1  rr           	.byte	TOK_PUSH
002942r 1  rr           	.byte	TOK_CALL
002943r 1  rr rr        	.word	fb_lbl_PRINTBYTE
002945r 1  rr           	.byte	TOK_BYTE
002946r 1  41           	.byte	65
002947r 1  rr           	.byte	TOK_PUSH
002948r 1  rr           	.byte	TOK_CALL
002949r 1  rr rr        	.word	fb_lbl_PRINTBYTE
00294Br 1               @FastBasic_LINE_1255:	; LINE 1255
00294Br 1  rr           	.byte	TOK_VAR_LOAD
00294Cr 1  rr           	makevar	"_CARD"
00294Dr 1  rr           	.byte	TOK_USHL
00294Er 1  rr           	.byte	TOK_ADD_VAR
00294Fr 1  rr           	makevar	"CARDXSLOT"
002950r 1  rr           	.byte	TOK_DPEEK
002951r 1  rr           	.byte	TOK_PUSH_1
002952r 1  rr           	.byte	TOK_SUB
002953r 1  rr           	.byte	TOK_PUSH_1
002954r 1  rr           	.byte	TOK_ADD_VAR
002955r 1  rr           	makevar	"CARDYSLOT"
002956r 1  rr           	.byte	TOK_PUSH
002957r 1  rr           	.byte	TOK_CALL
002958r 1  rr rr        	.word	fb_lbl_POS
00295Ar 1  rr           	.byte	TOK_BYTE
00295Br 1  3E           	.byte	62
00295Cr 1  rr           	.byte	TOK_PUSH
00295Dr 1  rr           	.byte	TOK_CALL
00295Er 1  rr rr        	.word	fb_lbl_PRINTBYTE
002960r 1               @FastBasic_LINE_1256:	; LINE 1256
002960r 1  rr           	.byte	TOK_VAR_LOAD
002961r 1  rr           	makevar	"_CARD"
002962r 1  rr           	.byte	TOK_USHL
002963r 1  rr           	.byte	TOK_ADD_VAR
002964r 1  rr           	makevar	"CARDXSLOT"
002965r 1  rr           	.byte	TOK_DPEEK
002966r 1  rr           	.byte	TOK_PUSH_1
002967r 1  rr           	.byte	TOK_SUB
002968r 1  rr           	.byte	TOK_PUSH_BYTE
002969r 1  02           	.byte	2
00296Ar 1  rr           	.byte	TOK_ADD_VAR
00296Br 1  rr           	makevar	"CARDYSLOT"
00296Cr 1  rr           	.byte	TOK_PUSH
00296Dr 1  rr           	.byte	TOK_CALL
00296Er 1  rr rr        	.word	fb_lbl_POS
002970r 1  rr           	.byte	TOK_BYTE
002971r 1  3B           	.byte	59
002972r 1  rr           	.byte	TOK_PUSH
002973r 1  rr           	.byte	TOK_JUMP
002974r 1  rr rr        	.word	fb_lbl_PRINTBYTE
002976r 1               @FastBasic_LINE_1261:	; LINE 1261
002976r 1               	.segment "BYTECODE"
002976r 1               	.export	fb_lbl_DRAWCARD
002976r 1               fb_lbl_DRAWCARD:
002976r 1  rr           	.byte	TOK_POP
002977r 1  rr           	.byte	TOK_VAR_STORE
002978r 1  rr           	makevar	"_CARD"
002979r 1  rr           	.byte	TOK_POP
00297Ar 1  rr           	.byte	TOK_VAR_STORE
00297Br 1  rr           	makevar	"_ROW"
00297Cr 1  rr           	.byte	TOK_POP
00297Dr 1  rr           	.byte	TOK_VAR_STORE
00297Er 1  rr           	makevar	"_COL"
00297Fr 1               @FastBasic_LINE_1262:	; LINE 1262
00297Fr 1  rr           	.byte	TOK_VAR_LOAD
002980r 1  rr           	makevar	"_COL"
002981r 1  rr           	.byte	TOK_VAR_STORE
002982r 1  rr           	makevar	"XXX"
002983r 1  rr           	.byte	TOK_VAR_LOAD
002984r 1  rr           	makevar	"_ROW"
002985r 1  rr           	.byte	TOK_VAR_STORE
002986r 1  rr           	makevar	"YYY"
002987r 1  rr           	.byte	TOK_VAR_LOAD
002988r 1  rr           	makevar	"_CARD"
002989r 1  rr           	.byte	TOK_VAR_STORE
00298Ar 1  rr           	makevar	"DRAWNCARD"
00298Br 1               @FastBasic_LINE_1263:	; LINE 1263
00298Br 1  rr           	.byte	TOK_VAR_LOAD
00298Cr 1  rr           	makevar	"DRAWNCARD"
00298Dr 1  rr           	.byte	TOK_COMP_0
00298Er 1  rr           	.byte	TOK_CNJUMP
00298Fr 1  rr rr        	.word	jump_lbl_336
002991r 1               @FastBasic_LINE_1264:	; LINE 1264
002991r 1  rr           	.byte	TOK_VAR_LOAD
002992r 1  rr           	makevar	"XXX"
002993r 1  rr           	.byte	TOK_PUSH_VAR_LOAD
002994r 1  rr           	makevar	"YYY"
002995r 1  rr           	.byte	TOK_PUSH
002996r 1  rr           	.byte	TOK_CALL
002997r 1  rr rr        	.word	fb_lbl_POS
002999r 1  rr           	.byte	TOK_BYTE
00299Ar 1  1C           	.byte	28
00299Br 1  rr           	.byte	TOK_PUSH
00299Cr 1  rr           	.byte	TOK_CALL
00299Dr 1  rr rr        	.word	fb_lbl_PRINTBYTE
00299Fr 1  rr           	.byte	TOK_BYTE
0029A0r 1  1D           	.byte	29
0029A1r 1  rr           	.byte	TOK_PUSH
0029A2r 1  rr           	.byte	TOK_CALL
0029A3r 1  rr rr        	.word	fb_lbl_PRINTBYTE
0029A5r 1  rr           	.byte	TOK_BYTE
0029A6r 1  1E           	.byte	30
0029A7r 1  rr           	.byte	TOK_PUSH
0029A8r 1  rr           	.byte	TOK_CALL
0029A9r 1  rr rr        	.word	fb_lbl_PRINTBYTE
0029ABr 1               @FastBasic_LINE_1265:	; LINE 1265
0029ABr 1  rr           	.byte	TOK_VAR_LOAD
0029ACr 1  rr           	makevar	"XXX"
0029ADr 1  rr           	.byte	TOK_PUSH_1
0029AEr 1  rr           	.byte	TOK_ADD_VAR
0029AFr 1  rr           	makevar	"YYY"
0029B0r 1  rr           	.byte	TOK_PUSH
0029B1r 1  rr           	.byte	TOK_CALL
0029B2r 1  rr rr        	.word	fb_lbl_POS
0029B4r 1  rr           	.byte	TOK_BYTE
0029B5r 1  3E           	.byte	62
0029B6r 1  rr           	.byte	TOK_PUSH
0029B7r 1  rr           	.byte	TOK_CALL
0029B8r 1  rr rr        	.word	fb_lbl_PRINTBYTE
0029BAr 1  rr           	.byte	TOK_BYTE
0029BBr 1  3F           	.byte	63
0029BCr 1  rr           	.byte	TOK_PUSH
0029BDr 1  rr           	.byte	TOK_CALL
0029BEr 1  rr rr        	.word	fb_lbl_PRINTBYTE
0029C0r 1  rr           	.byte	TOK_BYTE
0029C1r 1  40           	.byte	64
0029C2r 1  rr           	.byte	TOK_PUSH
0029C3r 1  rr           	.byte	TOK_CALL
0029C4r 1  rr rr        	.word	fb_lbl_PRINTBYTE
0029C6r 1               @FastBasic_LINE_1266:	; LINE 1266
0029C6r 1  rr           	.byte	TOK_VAR_LOAD
0029C7r 1  rr           	makevar	"XXX"
0029C8r 1  rr           	.byte	TOK_PUSH_BYTE
0029C9r 1  02           	.byte	2
0029CAr 1  rr           	.byte	TOK_ADD_VAR
0029CBr 1  rr           	makevar	"YYY"
0029CCr 1  rr           	.byte	TOK_PUSH
0029CDr 1  rr           	.byte	TOK_CALL
0029CEr 1  rr rr        	.word	fb_lbl_POS
0029D0r 1  rr           	.byte	TOK_BYTE
0029D1r 1  3E           	.byte	62
0029D2r 1  rr           	.byte	TOK_PUSH
0029D3r 1  rr           	.byte	TOK_CALL
0029D4r 1  rr rr        	.word	fb_lbl_PRINTBYTE
0029D6r 1  rr           	.byte	TOK_BYTE
0029D7r 1  3F           	.byte	63
0029D8r 1  rr           	.byte	TOK_PUSH
0029D9r 1  rr           	.byte	TOK_CALL
0029DAr 1  rr rr        	.word	fb_lbl_PRINTBYTE
0029DCr 1  rr           	.byte	TOK_BYTE
0029DDr 1  40           	.byte	64
0029DEr 1  rr           	.byte	TOK_PUSH
0029DFr 1  rr           	.byte	TOK_CALL
0029E0r 1  rr rr        	.word	fb_lbl_PRINTBYTE
0029E2r 1               @FastBasic_LINE_1267:	; LINE 1267
0029E2r 1  rr           	.byte	TOK_VAR_LOAD
0029E3r 1  rr           	makevar	"XXX"
0029E4r 1  rr           	.byte	TOK_PUSH_BYTE
0029E5r 1  03           	.byte	3
0029E6r 1  rr           	.byte	TOK_ADD_VAR
0029E7r 1  rr           	makevar	"YYY"
0029E8r 1  rr           	.byte	TOK_PUSH
0029E9r 1  rr           	.byte	TOK_CALL
0029EAr 1  rr rr        	.word	fb_lbl_POS
0029ECr 1  rr           	.byte	TOK_BYTE
0029EDr 1  3B           	.byte	59
0029EEr 1  rr           	.byte	TOK_PUSH
0029EFr 1  rr           	.byte	TOK_CALL
0029F0r 1  rr rr        	.word	fb_lbl_PRINTBYTE
0029F2r 1  rr           	.byte	TOK_BYTE
0029F3r 1  3C           	.byte	60
0029F4r 1  rr           	.byte	TOK_PUSH
0029F5r 1  rr           	.byte	TOK_CALL
0029F6r 1  rr rr        	.word	fb_lbl_PRINTBYTE
0029F8r 1  rr           	.byte	TOK_BYTE
0029F9r 1  3D           	.byte	61
0029FAr 1  rr           	.byte	TOK_PUSH
0029FBr 1  rr           	.byte	TOK_JUMP
0029FCr 1  rr rr        	.word	fb_lbl_PRINTBYTE
0029FEr 1               @FastBasic_LINE_1268:	; LINE 1268
0029FEr 1               jump_lbl_336:
0029FEr 1  rr           	.byte	TOK_VAR_LOAD
0029FFr 1  rr           	makevar	"DRAWNCARD"
002A00r 1  rr           	.byte	TOK_PUSH_1
002A01r 1  rr           	.byte	TOK_EQ
002A02r 1  rr           	.byte	TOK_CJUMP
002A03r 1  rr rr        	.word	jump_lbl_338
002A05r 1               @FastBasic_LINE_1269:	; LINE 1269
002A05r 1  rr           	.byte	TOK_VAR_LOAD
002A06r 1  rr           	makevar	"XXX"
002A07r 1  rr           	.byte	TOK_PUSH_VAR_LOAD
002A08r 1  rr           	makevar	"YYY"
002A09r 1  rr           	.byte	TOK_PUSH
002A0Ar 1  rr           	.byte	TOK_CALL
002A0Br 1  rr rr        	.word	fb_lbl_POS
002A0Dr 1  rr           	.byte	TOK_BYTE
002A0Er 1  1C           	.byte	28
002A0Fr 1  rr           	.byte	TOK_PUSH
002A10r 1  rr           	.byte	TOK_CALL
002A11r 1  rr rr        	.word	fb_lbl_PRINTBYTE
002A13r 1  rr           	.byte	TOK_BYTE
002A14r 1  1D           	.byte	29
002A15r 1  rr           	.byte	TOK_PUSH
002A16r 1  rr           	.byte	TOK_CALL
002A17r 1  rr rr        	.word	fb_lbl_PRINTBYTE
002A19r 1  rr           	.byte	TOK_BYTE
002A1Ar 1  1E           	.byte	30
002A1Br 1  rr           	.byte	TOK_PUSH
002A1Cr 1  rr           	.byte	TOK_CALL
002A1Dr 1  rr rr        	.word	fb_lbl_PRINTBYTE
002A1Fr 1               @FastBasic_LINE_1270:	; LINE 1270
002A1Fr 1  rr           	.byte	TOK_VAR_LOAD
002A20r 1  rr           	makevar	"XXX"
002A21r 1  rr           	.byte	TOK_PUSH_1
002A22r 1  rr           	.byte	TOK_ADD_VAR
002A23r 1  rr           	makevar	"YYY"
002A24r 1  rr           	.byte	TOK_PUSH
002A25r 1  rr           	.byte	TOK_CALL
002A26r 1  rr rr        	.word	fb_lbl_POS
002A28r 1  rr           	.byte	TOK_BYTE
002A29r 1  3E           	.byte	62
002A2Ar 1  rr           	.byte	TOK_PUSH
002A2Br 1  rr           	.byte	TOK_CALL
002A2Cr 1  rr rr        	.word	fb_lbl_PRINTBYTE
002A2Er 1  rr           	.byte	TOK_BYTE
002A2Fr 1  42           	.byte	66
002A30r 1  rr           	.byte	TOK_PUSH
002A31r 1  rr           	.byte	TOK_CALL
002A32r 1  rr rr        	.word	fb_lbl_PRINTBYTE
002A34r 1  rr           	.byte	TOK_BYTE
002A35r 1  40           	.byte	64
002A36r 1  rr           	.byte	TOK_PUSH
002A37r 1  rr           	.byte	TOK_CALL
002A38r 1  rr rr        	.word	fb_lbl_PRINTBYTE
002A3Ar 1               @FastBasic_LINE_1271:	; LINE 1271
002A3Ar 1  rr           	.byte	TOK_VAR_LOAD
002A3Br 1  rr           	makevar	"XXX"
002A3Cr 1  rr           	.byte	TOK_PUSH_BYTE
002A3Dr 1  02           	.byte	2
002A3Er 1  rr           	.byte	TOK_ADD_VAR
002A3Fr 1  rr           	makevar	"YYY"
002A40r 1  rr           	.byte	TOK_PUSH
002A41r 1  rr           	.byte	TOK_CALL
002A42r 1  rr rr        	.word	fb_lbl_POS
002A44r 1  rr           	.byte	TOK_BYTE
002A45r 1  3E           	.byte	62
002A46r 1  rr           	.byte	TOK_PUSH
002A47r 1  rr           	.byte	TOK_CALL
002A48r 1  rr rr        	.word	fb_lbl_PRINTBYTE
002A4Ar 1  rr           	.byte	TOK_BYTE
002A4Br 1  43           	.byte	67
002A4Cr 1  rr           	.byte	TOK_PUSH
002A4Dr 1  rr           	.byte	TOK_CALL
002A4Er 1  rr rr        	.word	fb_lbl_PRINTBYTE
002A50r 1  rr           	.byte	TOK_BYTE
002A51r 1  40           	.byte	64
002A52r 1  rr           	.byte	TOK_PUSH
002A53r 1  rr           	.byte	TOK_CALL
002A54r 1  rr rr        	.word	fb_lbl_PRINTBYTE
002A56r 1               @FastBasic_LINE_1272:	; LINE 1272
002A56r 1  rr           	.byte	TOK_VAR_LOAD
002A57r 1  rr           	makevar	"XXX"
002A58r 1  rr           	.byte	TOK_PUSH_BYTE
002A59r 1  03           	.byte	3
002A5Ar 1  rr           	.byte	TOK_ADD_VAR
002A5Br 1  rr           	makevar	"YYY"
002A5Cr 1  rr           	.byte	TOK_PUSH
002A5Dr 1  rr           	.byte	TOK_CALL
002A5Er 1  rr rr        	.word	fb_lbl_POS
002A60r 1  rr           	.byte	TOK_BYTE
002A61r 1  3B           	.byte	59
002A62r 1  rr           	.byte	TOK_PUSH
002A63r 1  rr           	.byte	TOK_CALL
002A64r 1  rr rr        	.word	fb_lbl_PRINTBYTE
002A66r 1  rr           	.byte	TOK_BYTE
002A67r 1  3C           	.byte	60
002A68r 1  rr           	.byte	TOK_PUSH
002A69r 1  rr           	.byte	TOK_CALL
002A6Ar 1  rr rr        	.word	fb_lbl_PRINTBYTE
002A6Cr 1  rr           	.byte	TOK_BYTE
002A6Dr 1  3D           	.byte	61
002A6Er 1  rr           	.byte	TOK_PUSH
002A6Fr 1  rr           	.byte	TOK_JUMP
002A70r 1  rr rr        	.word	fb_lbl_PRINTBYTE
002A72r 1               @FastBasic_LINE_1273:	; LINE 1273
002A72r 1               jump_lbl_338:
002A72r 1  rr           	.byte	TOK_VAR_LOAD
002A73r 1  rr           	makevar	"DRAWNCARD"
002A74r 1  rr           	.byte	TOK_PUSH_BYTE
002A75r 1  02           	.byte	2
002A76r 1  rr           	.byte	TOK_EQ
002A77r 1  rr           	.byte	TOK_CJUMP
002A78r 1  rr rr        	.word	jump_lbl_340
002A7Ar 1               @FastBasic_LINE_1274:	; LINE 1274
002A7Ar 1  rr           	.byte	TOK_VAR_LOAD
002A7Br 1  rr           	makevar	"XXX"
002A7Cr 1  rr           	.byte	TOK_PUSH_VAR_LOAD
002A7Dr 1  rr           	makevar	"YYY"
002A7Er 1  rr           	.byte	TOK_PUSH
002A7Fr 1  rr           	.byte	TOK_CALL
002A80r 1  rr rr        	.word	fb_lbl_POS
002A82r 1  rr           	.byte	TOK_BYTE
002A83r 1  1C           	.byte	28
002A84r 1  rr           	.byte	TOK_PUSH
002A85r 1  rr           	.byte	TOK_CALL
002A86r 1  rr rr        	.word	fb_lbl_PRINTBYTE
002A88r 1  rr           	.byte	TOK_BYTE
002A89r 1  1D           	.byte	29
002A8Ar 1  rr           	.byte	TOK_PUSH
002A8Br 1  rr           	.byte	TOK_CALL
002A8Cr 1  rr rr        	.word	fb_lbl_PRINTBYTE
002A8Er 1  rr           	.byte	TOK_BYTE
002A8Fr 1  1E           	.byte	30
002A90r 1  rr           	.byte	TOK_PUSH
002A91r 1  rr           	.byte	TOK_CALL
002A92r 1  rr rr        	.word	fb_lbl_PRINTBYTE
002A94r 1               @FastBasic_LINE_1275:	; LINE 1275
002A94r 1  rr           	.byte	TOK_VAR_LOAD
002A95r 1  rr           	makevar	"XXX"
002A96r 1  rr           	.byte	TOK_PUSH_1
002A97r 1  rr           	.byte	TOK_ADD_VAR
002A98r 1  rr           	makevar	"YYY"
002A99r 1  rr           	.byte	TOK_PUSH
002A9Ar 1  rr           	.byte	TOK_CALL
002A9Br 1  rr rr        	.word	fb_lbl_POS
002A9Dr 1  rr           	.byte	TOK_BYTE
002A9Er 1  3E           	.byte	62
002A9Fr 1  rr           	.byte	TOK_PUSH
002AA0r 1  rr           	.byte	TOK_CALL
002AA1r 1  rr rr        	.word	fb_lbl_PRINTBYTE
002AA3r 1  rr           	.byte	TOK_BYTE
002AA4r 1  C4           	.byte	196
002AA5r 1  rr           	.byte	TOK_PUSH
002AA6r 1  rr           	.byte	TOK_CALL
002AA7r 1  rr rr        	.word	fb_lbl_PRINTBYTE
002AA9r 1  rr           	.byte	TOK_BYTE
002AAAr 1  40           	.byte	64
002AABr 1  rr           	.byte	TOK_PUSH
002AACr 1  rr           	.byte	TOK_CALL
002AADr 1  rr rr        	.word	fb_lbl_PRINTBYTE
002AAFr 1               @FastBasic_LINE_1276:	; LINE 1276
002AAFr 1  rr           	.byte	TOK_VAR_LOAD
002AB0r 1  rr           	makevar	"XXX"
002AB1r 1  rr           	.byte	TOK_PUSH_BYTE
002AB2r 1  02           	.byte	2
002AB3r 1  rr           	.byte	TOK_ADD_VAR
002AB4r 1  rr           	makevar	"YYY"
002AB5r 1  rr           	.byte	TOK_PUSH
002AB6r 1  rr           	.byte	TOK_CALL
002AB7r 1  rr rr        	.word	fb_lbl_POS
002AB9r 1  rr           	.byte	TOK_BYTE
002ABAr 1  3E           	.byte	62
002ABBr 1  rr           	.byte	TOK_PUSH
002ABCr 1  rr           	.byte	TOK_CALL
002ABDr 1  rr rr        	.word	fb_lbl_PRINTBYTE
002ABFr 1  rr           	.byte	TOK_BYTE
002AC0r 1  C5           	.byte	197
002AC1r 1  rr           	.byte	TOK_PUSH
002AC2r 1  rr           	.byte	TOK_CALL
002AC3r 1  rr rr        	.word	fb_lbl_PRINTBYTE
002AC5r 1  rr           	.byte	TOK_BYTE
002AC6r 1  40           	.byte	64
002AC7r 1  rr           	.byte	TOK_PUSH
002AC8r 1  rr           	.byte	TOK_CALL
002AC9r 1  rr rr        	.word	fb_lbl_PRINTBYTE
002ACBr 1               @FastBasic_LINE_1277:	; LINE 1277
002ACBr 1  rr           	.byte	TOK_VAR_LOAD
002ACCr 1  rr           	makevar	"XXX"
002ACDr 1  rr           	.byte	TOK_PUSH_BYTE
002ACEr 1  03           	.byte	3
002ACFr 1  rr           	.byte	TOK_ADD_VAR
002AD0r 1  rr           	makevar	"YYY"
002AD1r 1  rr           	.byte	TOK_PUSH
002AD2r 1  rr           	.byte	TOK_CALL
002AD3r 1  rr rr        	.word	fb_lbl_POS
002AD5r 1  rr           	.byte	TOK_BYTE
002AD6r 1  3B           	.byte	59
002AD7r 1  rr           	.byte	TOK_PUSH
002AD8r 1  rr           	.byte	TOK_CALL
002AD9r 1  rr rr        	.word	fb_lbl_PRINTBYTE
002ADBr 1  rr           	.byte	TOK_BYTE
002ADCr 1  3C           	.byte	60
002ADDr 1  rr           	.byte	TOK_PUSH
002ADEr 1  rr           	.byte	TOK_CALL
002ADFr 1  rr rr        	.word	fb_lbl_PRINTBYTE
002AE1r 1  rr           	.byte	TOK_BYTE
002AE2r 1  3D           	.byte	61
002AE3r 1  rr           	.byte	TOK_PUSH
002AE4r 1  rr           	.byte	TOK_JUMP
002AE5r 1  rr rr        	.word	fb_lbl_PRINTBYTE
002AE7r 1               @FastBasic_LINE_1278:	; LINE 1278
002AE7r 1               jump_lbl_340:
002AE7r 1  rr           	.byte	TOK_VAR_LOAD
002AE8r 1  rr           	makevar	"DRAWNCARD"
002AE9r 1  rr           	.byte	TOK_PUSH_BYTE
002AEAr 1  03           	.byte	3
002AEBr 1  rr           	.byte	TOK_EQ
002AECr 1  rr           	.byte	TOK_CJUMP
002AEDr 1  rr rr        	.word	jump_lbl_342
002AEFr 1               @FastBasic_LINE_1279:	; LINE 1279
002AEFr 1  rr           	.byte	TOK_VAR_LOAD
002AF0r 1  rr           	makevar	"XXX"
002AF1r 1  rr           	.byte	TOK_PUSH_VAR_LOAD
002AF2r 1  rr           	makevar	"YYY"
002AF3r 1  rr           	.byte	TOK_PUSH
002AF4r 1  rr           	.byte	TOK_CALL
002AF5r 1  rr rr        	.word	fb_lbl_POS
002AF7r 1  rr           	.byte	TOK_BYTE
002AF8r 1  1C           	.byte	28
002AF9r 1  rr           	.byte	TOK_PUSH
002AFAr 1  rr           	.byte	TOK_CALL
002AFBr 1  rr rr        	.word	fb_lbl_PRINTBYTE
002AFDr 1  rr           	.byte	TOK_BYTE
002AFEr 1  1D           	.byte	29
002AFFr 1  rr           	.byte	TOK_PUSH
002B00r 1  rr           	.byte	TOK_CALL
002B01r 1  rr rr        	.word	fb_lbl_PRINTBYTE
002B03r 1  rr           	.byte	TOK_BYTE
002B04r 1  1E           	.byte	30
002B05r 1  rr           	.byte	TOK_PUSH
002B06r 1  rr           	.byte	TOK_CALL
002B07r 1  rr rr        	.word	fb_lbl_PRINTBYTE
002B09r 1               @FastBasic_LINE_1280:	; LINE 1280
002B09r 1  rr           	.byte	TOK_VAR_LOAD
002B0Ar 1  rr           	makevar	"XXX"
002B0Br 1  rr           	.byte	TOK_PUSH_1
002B0Cr 1  rr           	.byte	TOK_ADD_VAR
002B0Dr 1  rr           	makevar	"YYY"
002B0Er 1  rr           	.byte	TOK_PUSH
002B0Fr 1  rr           	.byte	TOK_CALL
002B10r 1  rr rr        	.word	fb_lbl_POS
002B12r 1  rr           	.byte	TOK_BYTE
002B13r 1  3E           	.byte	62
002B14r 1  rr           	.byte	TOK_PUSH
002B15r 1  rr           	.byte	TOK_CALL
002B16r 1  rr rr        	.word	fb_lbl_PRINTBYTE
002B18r 1  rr           	.byte	TOK_BYTE
002B19r 1  44           	.byte	68
002B1Ar 1  rr           	.byte	TOK_PUSH
002B1Br 1  rr           	.byte	TOK_CALL
002B1Cr 1  rr rr        	.word	fb_lbl_PRINTBYTE
002B1Er 1  rr           	.byte	TOK_BYTE
002B1Fr 1  40           	.byte	64
002B20r 1  rr           	.byte	TOK_PUSH
002B21r 1  rr           	.byte	TOK_CALL
002B22r 1  rr rr        	.word	fb_lbl_PRINTBYTE
002B24r 1               @FastBasic_LINE_1281:	; LINE 1281
002B24r 1  rr           	.byte	TOK_VAR_LOAD
002B25r 1  rr           	makevar	"XXX"
002B26r 1  rr           	.byte	TOK_PUSH_BYTE
002B27r 1  02           	.byte	2
002B28r 1  rr           	.byte	TOK_ADD_VAR
002B29r 1  rr           	makevar	"YYY"
002B2Ar 1  rr           	.byte	TOK_PUSH
002B2Br 1  rr           	.byte	TOK_CALL
002B2Cr 1  rr rr        	.word	fb_lbl_POS
002B2Er 1  rr           	.byte	TOK_BYTE
002B2Fr 1  3E           	.byte	62
002B30r 1  rr           	.byte	TOK_PUSH
002B31r 1  rr           	.byte	TOK_CALL
002B32r 1  rr rr        	.word	fb_lbl_PRINTBYTE
002B34r 1  rr           	.byte	TOK_BYTE
002B35r 1  46           	.byte	70
002B36r 1  rr           	.byte	TOK_PUSH
002B37r 1  rr           	.byte	TOK_CALL
002B38r 1  rr rr        	.word	fb_lbl_PRINTBYTE
002B3Ar 1  rr           	.byte	TOK_BYTE
002B3Br 1  40           	.byte	64
002B3Cr 1  rr           	.byte	TOK_PUSH
002B3Dr 1  rr           	.byte	TOK_CALL
002B3Er 1  rr rr        	.word	fb_lbl_PRINTBYTE
002B40r 1               @FastBasic_LINE_1282:	; LINE 1282
002B40r 1  rr           	.byte	TOK_VAR_LOAD
002B41r 1  rr           	makevar	"XXX"
002B42r 1  rr           	.byte	TOK_PUSH_BYTE
002B43r 1  03           	.byte	3
002B44r 1  rr           	.byte	TOK_ADD_VAR
002B45r 1  rr           	makevar	"YYY"
002B46r 1  rr           	.byte	TOK_PUSH
002B47r 1  rr           	.byte	TOK_CALL
002B48r 1  rr rr        	.word	fb_lbl_POS
002B4Ar 1  rr           	.byte	TOK_BYTE
002B4Br 1  3B           	.byte	59
002B4Cr 1  rr           	.byte	TOK_PUSH
002B4Dr 1  rr           	.byte	TOK_CALL
002B4Er 1  rr rr        	.word	fb_lbl_PRINTBYTE
002B50r 1  rr           	.byte	TOK_BYTE
002B51r 1  3C           	.byte	60
002B52r 1  rr           	.byte	TOK_PUSH
002B53r 1  rr           	.byte	TOK_CALL
002B54r 1  rr rr        	.word	fb_lbl_PRINTBYTE
002B56r 1  rr           	.byte	TOK_BYTE
002B57r 1  3D           	.byte	61
002B58r 1  rr           	.byte	TOK_PUSH
002B59r 1  rr           	.byte	TOK_JUMP
002B5Ar 1  rr rr        	.word	fb_lbl_PRINTBYTE
002B5Cr 1               @FastBasic_LINE_1283:	; LINE 1283
002B5Cr 1               jump_lbl_342:
002B5Cr 1  rr           	.byte	TOK_VAR_LOAD
002B5Dr 1  rr           	makevar	"DRAWNCARD"
002B5Er 1  rr           	.byte	TOK_PUSH_BYTE
002B5Fr 1  04           	.byte	4
002B60r 1  rr           	.byte	TOK_EQ
002B61r 1  rr           	.byte	TOK_CJUMP
002B62r 1  rr rr        	.word	jump_lbl_344
002B64r 1               @FastBasic_LINE_1284:	; LINE 1284
002B64r 1  rr           	.byte	TOK_VAR_LOAD
002B65r 1  rr           	makevar	"XXX"
002B66r 1  rr           	.byte	TOK_PUSH_VAR_LOAD
002B67r 1  rr           	makevar	"YYY"
002B68r 1  rr           	.byte	TOK_PUSH
002B69r 1  rr           	.byte	TOK_CALL
002B6Ar 1  rr rr        	.word	fb_lbl_POS
002B6Cr 1  rr           	.byte	TOK_BYTE
002B6Dr 1  1C           	.byte	28
002B6Er 1  rr           	.byte	TOK_PUSH
002B6Fr 1  rr           	.byte	TOK_CALL
002B70r 1  rr rr        	.word	fb_lbl_PRINTBYTE
002B72r 1  rr           	.byte	TOK_BYTE
002B73r 1  1D           	.byte	29
002B74r 1  rr           	.byte	TOK_PUSH
002B75r 1  rr           	.byte	TOK_CALL
002B76r 1  rr rr        	.word	fb_lbl_PRINTBYTE
002B78r 1  rr           	.byte	TOK_BYTE
002B79r 1  1E           	.byte	30
002B7Ar 1  rr           	.byte	TOK_PUSH
002B7Br 1  rr           	.byte	TOK_CALL
002B7Cr 1  rr rr        	.word	fb_lbl_PRINTBYTE
002B7Er 1               @FastBasic_LINE_1285:	; LINE 1285
002B7Er 1  rr           	.byte	TOK_VAR_LOAD
002B7Fr 1  rr           	makevar	"XXX"
002B80r 1  rr           	.byte	TOK_PUSH_1
002B81r 1  rr           	.byte	TOK_ADD_VAR
002B82r 1  rr           	makevar	"YYY"
002B83r 1  rr           	.byte	TOK_PUSH
002B84r 1  rr           	.byte	TOK_CALL
002B85r 1  rr rr        	.word	fb_lbl_POS
002B87r 1  rr           	.byte	TOK_BYTE
002B88r 1  3E           	.byte	62
002B89r 1  rr           	.byte	TOK_PUSH
002B8Ar 1  rr           	.byte	TOK_CALL
002B8Br 1  rr rr        	.word	fb_lbl_PRINTBYTE
002B8Dr 1  rr           	.byte	TOK_BYTE
002B8Er 1  C7           	.byte	199
002B8Fr 1  rr           	.byte	TOK_PUSH
002B90r 1  rr           	.byte	TOK_CALL
002B91r 1  rr rr        	.word	fb_lbl_PRINTBYTE
002B93r 1  rr           	.byte	TOK_BYTE
002B94r 1  40           	.byte	64
002B95r 1  rr           	.byte	TOK_PUSH
002B96r 1  rr           	.byte	TOK_CALL
002B97r 1  rr rr        	.word	fb_lbl_PRINTBYTE
002B99r 1               @FastBasic_LINE_1286:	; LINE 1286
002B99r 1  rr           	.byte	TOK_VAR_LOAD
002B9Ar 1  rr           	makevar	"XXX"
002B9Br 1  rr           	.byte	TOK_PUSH_BYTE
002B9Cr 1  02           	.byte	2
002B9Dr 1  rr           	.byte	TOK_ADD_VAR
002B9Er 1  rr           	makevar	"YYY"
002B9Fr 1  rr           	.byte	TOK_PUSH
002BA0r 1  rr           	.byte	TOK_CALL
002BA1r 1  rr rr        	.word	fb_lbl_POS
002BA3r 1  rr           	.byte	TOK_BYTE
002BA4r 1  3E           	.byte	62
002BA5r 1  rr           	.byte	TOK_PUSH
002BA6r 1  rr           	.byte	TOK_CALL
002BA7r 1  rr rr        	.word	fb_lbl_PRINTBYTE
002BA9r 1  rr           	.byte	TOK_BYTE
002BAAr 1  C8           	.byte	200
002BABr 1  rr           	.byte	TOK_PUSH
002BACr 1  rr           	.byte	TOK_CALL
002BADr 1  rr rr        	.word	fb_lbl_PRINTBYTE
002BAFr 1  rr           	.byte	TOK_BYTE
002BB0r 1  40           	.byte	64
002BB1r 1  rr           	.byte	TOK_PUSH
002BB2r 1  rr           	.byte	TOK_CALL
002BB3r 1  rr rr        	.word	fb_lbl_PRINTBYTE
002BB5r 1               @FastBasic_LINE_1287:	; LINE 1287
002BB5r 1  rr           	.byte	TOK_VAR_LOAD
002BB6r 1  rr           	makevar	"XXX"
002BB7r 1  rr           	.byte	TOK_PUSH_BYTE
002BB8r 1  03           	.byte	3
002BB9r 1  rr           	.byte	TOK_ADD_VAR
002BBAr 1  rr           	makevar	"YYY"
002BBBr 1  rr           	.byte	TOK_PUSH
002BBCr 1  rr           	.byte	TOK_CALL
002BBDr 1  rr rr        	.word	fb_lbl_POS
002BBFr 1  rr           	.byte	TOK_BYTE
002BC0r 1  3B           	.byte	59
002BC1r 1  rr           	.byte	TOK_PUSH
002BC2r 1  rr           	.byte	TOK_CALL
002BC3r 1  rr rr        	.word	fb_lbl_PRINTBYTE
002BC5r 1  rr           	.byte	TOK_BYTE
002BC6r 1  3C           	.byte	60
002BC7r 1  rr           	.byte	TOK_PUSH
002BC8r 1  rr           	.byte	TOK_CALL
002BC9r 1  rr rr        	.word	fb_lbl_PRINTBYTE
002BCBr 1  rr           	.byte	TOK_BYTE
002BCCr 1  3D           	.byte	61
002BCDr 1  rr           	.byte	TOK_PUSH
002BCEr 1  rr           	.byte	TOK_JUMP
002BCFr 1  rr rr        	.word	fb_lbl_PRINTBYTE
002BD1r 1               @FastBasic_LINE_1288:	; LINE 1288
002BD1r 1               jump_lbl_344:
002BD1r 1  rr           	.byte	TOK_VAR_LOAD
002BD2r 1  rr           	makevar	"DRAWNCARD"
002BD3r 1  rr           	.byte	TOK_PUSH_BYTE
002BD4r 1  05           	.byte	5
002BD5r 1  rr           	.byte	TOK_EQ
002BD6r 1  rr           	.byte	TOK_CJUMP
002BD7r 1  rr rr        	.word	jump_lbl_346
002BD9r 1               @FastBasic_LINE_1289:	; LINE 1289
002BD9r 1  rr           	.byte	TOK_VAR_LOAD
002BDAr 1  rr           	makevar	"XXX"
002BDBr 1  rr           	.byte	TOK_PUSH_VAR_LOAD
002BDCr 1  rr           	makevar	"YYY"
002BDDr 1  rr           	.byte	TOK_PUSH
002BDEr 1  rr           	.byte	TOK_CALL
002BDFr 1  rr rr        	.word	fb_lbl_POS
002BE1r 1  rr           	.byte	TOK_BYTE
002BE2r 1  1C           	.byte	28
002BE3r 1  rr           	.byte	TOK_PUSH
002BE4r 1  rr           	.byte	TOK_CALL
002BE5r 1  rr rr        	.word	fb_lbl_PRINTBYTE
002BE7r 1  rr           	.byte	TOK_BYTE
002BE8r 1  1D           	.byte	29
002BE9r 1  rr           	.byte	TOK_PUSH
002BEAr 1  rr           	.byte	TOK_CALL
002BEBr 1  rr rr        	.word	fb_lbl_PRINTBYTE
002BEDr 1  rr           	.byte	TOK_BYTE
002BEEr 1  1E           	.byte	30
002BEFr 1  rr           	.byte	TOK_PUSH
002BF0r 1  rr           	.byte	TOK_CALL
002BF1r 1  rr rr        	.word	fb_lbl_PRINTBYTE
002BF3r 1               @FastBasic_LINE_1290:	; LINE 1290
002BF3r 1  rr           	.byte	TOK_VAR_LOAD
002BF4r 1  rr           	makevar	"XXX"
002BF5r 1  rr           	.byte	TOK_PUSH_1
002BF6r 1  rr           	.byte	TOK_ADD_VAR
002BF7r 1  rr           	makevar	"YYY"
002BF8r 1  rr           	.byte	TOK_PUSH
002BF9r 1  rr           	.byte	TOK_CALL
002BFAr 1  rr rr        	.word	fb_lbl_POS
002BFCr 1  rr           	.byte	TOK_BYTE
002BFDr 1  3E           	.byte	62
002BFEr 1  rr           	.byte	TOK_PUSH
002BFFr 1  rr           	.byte	TOK_CALL
002C00r 1  rr rr        	.word	fb_lbl_PRINTBYTE
002C02r 1  rr           	.byte	TOK_BYTE
002C03r 1  49           	.byte	73
002C04r 1  rr           	.byte	TOK_PUSH
002C05r 1  rr           	.byte	TOK_CALL
002C06r 1  rr rr        	.word	fb_lbl_PRINTBYTE
002C08r 1  rr           	.byte	TOK_BYTE
002C09r 1  40           	.byte	64
002C0Ar 1  rr           	.byte	TOK_PUSH
002C0Br 1  rr           	.byte	TOK_CALL
002C0Cr 1  rr rr        	.word	fb_lbl_PRINTBYTE
002C0Er 1               @FastBasic_LINE_1291:	; LINE 1291
002C0Er 1  rr           	.byte	TOK_VAR_LOAD
002C0Fr 1  rr           	makevar	"XXX"
002C10r 1  rr           	.byte	TOK_PUSH_BYTE
002C11r 1  02           	.byte	2
002C12r 1  rr           	.byte	TOK_ADD_VAR
002C13r 1  rr           	makevar	"YYY"
002C14r 1  rr           	.byte	TOK_PUSH
002C15r 1  rr           	.byte	TOK_CALL
002C16r 1  rr rr        	.word	fb_lbl_POS
002C18r 1  rr           	.byte	TOK_BYTE
002C19r 1  3E           	.byte	62
002C1Ar 1  rr           	.byte	TOK_PUSH
002C1Br 1  rr           	.byte	TOK_CALL
002C1Cr 1  rr rr        	.word	fb_lbl_PRINTBYTE
002C1Er 1  rr           	.byte	TOK_BYTE
002C1Fr 1  46           	.byte	70
002C20r 1  rr           	.byte	TOK_PUSH
002C21r 1  rr           	.byte	TOK_CALL
002C22r 1  rr rr        	.word	fb_lbl_PRINTBYTE
002C24r 1  rr           	.byte	TOK_BYTE
002C25r 1  40           	.byte	64
002C26r 1  rr           	.byte	TOK_PUSH
002C27r 1  rr           	.byte	TOK_CALL
002C28r 1  rr rr        	.word	fb_lbl_PRINTBYTE
002C2Ar 1               @FastBasic_LINE_1292:	; LINE 1292
002C2Ar 1  rr           	.byte	TOK_VAR_LOAD
002C2Br 1  rr           	makevar	"XXX"
002C2Cr 1  rr           	.byte	TOK_PUSH_BYTE
002C2Dr 1  03           	.byte	3
002C2Er 1  rr           	.byte	TOK_ADD_VAR
002C2Fr 1  rr           	makevar	"YYY"
002C30r 1  rr           	.byte	TOK_PUSH
002C31r 1  rr           	.byte	TOK_CALL
002C32r 1  rr rr        	.word	fb_lbl_POS
002C34r 1  rr           	.byte	TOK_BYTE
002C35r 1  3B           	.byte	59
002C36r 1  rr           	.byte	TOK_PUSH
002C37r 1  rr           	.byte	TOK_CALL
002C38r 1  rr rr        	.word	fb_lbl_PRINTBYTE
002C3Ar 1  rr           	.byte	TOK_BYTE
002C3Br 1  3C           	.byte	60
002C3Cr 1  rr           	.byte	TOK_PUSH
002C3Dr 1  rr           	.byte	TOK_CALL
002C3Er 1  rr rr        	.word	fb_lbl_PRINTBYTE
002C40r 1  rr           	.byte	TOK_BYTE
002C41r 1  3D           	.byte	61
002C42r 1  rr           	.byte	TOK_PUSH
002C43r 1  rr           	.byte	TOK_JUMP
002C44r 1  rr rr        	.word	fb_lbl_PRINTBYTE
002C46r 1               @FastBasic_LINE_1293:	; LINE 1293
002C46r 1               jump_lbl_346:
002C46r 1  rr           	.byte	TOK_VAR_LOAD
002C47r 1  rr           	makevar	"DRAWNCARD"
002C48r 1  rr           	.byte	TOK_PUSH_BYTE
002C49r 1  06           	.byte	6
002C4Ar 1  rr           	.byte	TOK_EQ
002C4Br 1  rr           	.byte	TOK_CJUMP
002C4Cr 1  rr rr        	.word	jump_lbl_348
002C4Er 1               @FastBasic_LINE_1294:	; LINE 1294
002C4Er 1  rr           	.byte	TOK_VAR_LOAD
002C4Fr 1  rr           	makevar	"XXX"
002C50r 1  rr           	.byte	TOK_PUSH_VAR_LOAD
002C51r 1  rr           	makevar	"YYY"
002C52r 1  rr           	.byte	TOK_PUSH
002C53r 1  rr           	.byte	TOK_CALL
002C54r 1  rr rr        	.word	fb_lbl_POS
002C56r 1  rr           	.byte	TOK_BYTE
002C57r 1  1C           	.byte	28
002C58r 1  rr           	.byte	TOK_PUSH
002C59r 1  rr           	.byte	TOK_CALL
002C5Ar 1  rr rr        	.word	fb_lbl_PRINTBYTE
002C5Cr 1  rr           	.byte	TOK_BYTE
002C5Dr 1  1D           	.byte	29
002C5Er 1  rr           	.byte	TOK_PUSH
002C5Fr 1  rr           	.byte	TOK_CALL
002C60r 1  rr rr        	.word	fb_lbl_PRINTBYTE
002C62r 1  rr           	.byte	TOK_BYTE
002C63r 1  1E           	.byte	30
002C64r 1  rr           	.byte	TOK_PUSH
002C65r 1  rr           	.byte	TOK_CALL
002C66r 1  rr rr        	.word	fb_lbl_PRINTBYTE
002C68r 1               @FastBasic_LINE_1295:	; LINE 1295
002C68r 1  rr           	.byte	TOK_VAR_LOAD
002C69r 1  rr           	makevar	"XXX"
002C6Ar 1  rr           	.byte	TOK_PUSH_1
002C6Br 1  rr           	.byte	TOK_ADD_VAR
002C6Cr 1  rr           	makevar	"YYY"
002C6Dr 1  rr           	.byte	TOK_PUSH
002C6Er 1  rr           	.byte	TOK_CALL
002C6Fr 1  rr rr        	.word	fb_lbl_POS
002C71r 1  rr           	.byte	TOK_BYTE
002C72r 1  3E           	.byte	62
002C73r 1  rr           	.byte	TOK_PUSH
002C74r 1  rr           	.byte	TOK_CALL
002C75r 1  rr rr        	.word	fb_lbl_PRINTBYTE
002C77r 1  rr           	.byte	TOK_BYTE
002C78r 1  CA           	.byte	202
002C79r 1  rr           	.byte	TOK_PUSH
002C7Ar 1  rr           	.byte	TOK_CALL
002C7Br 1  rr rr        	.word	fb_lbl_PRINTBYTE
002C7Dr 1  rr           	.byte	TOK_BYTE
002C7Er 1  40           	.byte	64
002C7Fr 1  rr           	.byte	TOK_PUSH
002C80r 1  rr           	.byte	TOK_CALL
002C81r 1  rr rr        	.word	fb_lbl_PRINTBYTE
002C83r 1               @FastBasic_LINE_1296:	; LINE 1296
002C83r 1  rr           	.byte	TOK_VAR_LOAD
002C84r 1  rr           	makevar	"XXX"
002C85r 1  rr           	.byte	TOK_PUSH_BYTE
002C86r 1  02           	.byte	2
002C87r 1  rr           	.byte	TOK_ADD_VAR
002C88r 1  rr           	makevar	"YYY"
002C89r 1  rr           	.byte	TOK_PUSH
002C8Ar 1  rr           	.byte	TOK_CALL
002C8Br 1  rr rr        	.word	fb_lbl_POS
002C8Dr 1  rr           	.byte	TOK_BYTE
002C8Er 1  3E           	.byte	62
002C8Fr 1  rr           	.byte	TOK_PUSH
002C90r 1  rr           	.byte	TOK_CALL
002C91r 1  rr rr        	.word	fb_lbl_PRINTBYTE
002C93r 1  rr           	.byte	TOK_BYTE
002C94r 1  CB           	.byte	203
002C95r 1  rr           	.byte	TOK_PUSH
002C96r 1  rr           	.byte	TOK_CALL
002C97r 1  rr rr        	.word	fb_lbl_PRINTBYTE
002C99r 1  rr           	.byte	TOK_BYTE
002C9Ar 1  40           	.byte	64
002C9Br 1  rr           	.byte	TOK_PUSH
002C9Cr 1  rr           	.byte	TOK_CALL
002C9Dr 1  rr rr        	.word	fb_lbl_PRINTBYTE
002C9Fr 1               @FastBasic_LINE_1297:	; LINE 1297
002C9Fr 1  rr           	.byte	TOK_VAR_LOAD
002CA0r 1  rr           	makevar	"XXX"
002CA1r 1  rr           	.byte	TOK_PUSH_BYTE
002CA2r 1  03           	.byte	3
002CA3r 1  rr           	.byte	TOK_ADD_VAR
002CA4r 1  rr           	makevar	"YYY"
002CA5r 1  rr           	.byte	TOK_PUSH
002CA6r 1  rr           	.byte	TOK_CALL
002CA7r 1  rr rr        	.word	fb_lbl_POS
002CA9r 1  rr           	.byte	TOK_BYTE
002CAAr 1  3B           	.byte	59
002CABr 1  rr           	.byte	TOK_PUSH
002CACr 1  rr           	.byte	TOK_CALL
002CADr 1  rr rr        	.word	fb_lbl_PRINTBYTE
002CAFr 1  rr           	.byte	TOK_BYTE
002CB0r 1  3C           	.byte	60
002CB1r 1  rr           	.byte	TOK_PUSH
002CB2r 1  rr           	.byte	TOK_CALL
002CB3r 1  rr rr        	.word	fb_lbl_PRINTBYTE
002CB5r 1  rr           	.byte	TOK_BYTE
002CB6r 1  3D           	.byte	61
002CB7r 1  rr           	.byte	TOK_PUSH
002CB8r 1  rr           	.byte	TOK_JUMP
002CB9r 1  rr rr        	.word	fb_lbl_PRINTBYTE
002CBBr 1               @FastBasic_LINE_1298:	; LINE 1298
002CBBr 1               jump_lbl_348:
002CBBr 1  rr           	.byte	TOK_VAR_LOAD
002CBCr 1  rr           	makevar	"DRAWNCARD"
002CBDr 1  rr           	.byte	TOK_PUSH_BYTE
002CBEr 1  07           	.byte	7
002CBFr 1  rr           	.byte	TOK_EQ
002CC0r 1  rr           	.byte	TOK_CJUMP
002CC1r 1  rr rr        	.word	jump_lbl_350
002CC3r 1               @FastBasic_LINE_1299:	; LINE 1299
002CC3r 1  rr           	.byte	TOK_VAR_LOAD
002CC4r 1  rr           	makevar	"XXX"
002CC5r 1  rr           	.byte	TOK_PUSH_VAR_LOAD
002CC6r 1  rr           	makevar	"YYY"
002CC7r 1  rr           	.byte	TOK_PUSH
002CC8r 1  rr           	.byte	TOK_CALL
002CC9r 1  rr rr        	.word	fb_lbl_POS
002CCBr 1  rr           	.byte	TOK_BYTE
002CCCr 1  CC           	.byte	204
002CCDr 1  rr           	.byte	TOK_PUSH
002CCEr 1  rr           	.byte	TOK_CALL
002CCFr 1  rr rr        	.word	fb_lbl_PRINTBYTE
002CD1r 1  rr           	.byte	TOK_BYTE
002CD2r 1  CD           	.byte	205
002CD3r 1  rr           	.byte	TOK_PUSH
002CD4r 1  rr           	.byte	TOK_CALL
002CD5r 1  rr rr        	.word	fb_lbl_PRINTBYTE
002CD7r 1  rr           	.byte	TOK_BYTE
002CD8r 1  CE           	.byte	206
002CD9r 1  rr           	.byte	TOK_PUSH
002CDAr 1  rr           	.byte	TOK_CALL
002CDBr 1  rr rr        	.word	fb_lbl_PRINTBYTE
002CDDr 1               @FastBasic_LINE_1300:	; LINE 1300
002CDDr 1  rr           	.byte	TOK_VAR_LOAD
002CDEr 1  rr           	makevar	"XXX"
002CDFr 1  rr           	.byte	TOK_PUSH_1
002CE0r 1  rr           	.byte	TOK_ADD_VAR
002CE1r 1  rr           	makevar	"YYY"
002CE2r 1  rr           	.byte	TOK_PUSH
002CE3r 1  rr           	.byte	TOK_CALL
002CE4r 1  rr rr        	.word	fb_lbl_POS
002CE6r 1  rr           	.byte	TOK_BYTE
002CE7r 1  CF           	.byte	207
002CE8r 1  rr           	.byte	TOK_PUSH
002CE9r 1  rr           	.byte	TOK_CALL
002CEAr 1  rr rr        	.word	fb_lbl_PRINTBYTE
002CECr 1  rr           	.byte	TOK_BYTE
002CEDr 1  D0           	.byte	208
002CEEr 1  rr           	.byte	TOK_PUSH
002CEFr 1  rr           	.byte	TOK_CALL
002CF0r 1  rr rr        	.word	fb_lbl_PRINTBYTE
002CF2r 1  rr           	.byte	TOK_BYTE
002CF3r 1  D1           	.byte	209
002CF4r 1  rr           	.byte	TOK_PUSH
002CF5r 1  rr           	.byte	TOK_CALL
002CF6r 1  rr rr        	.word	fb_lbl_PRINTBYTE
002CF8r 1               @FastBasic_LINE_1301:	; LINE 1301
002CF8r 1  rr           	.byte	TOK_VAR_LOAD
002CF9r 1  rr           	makevar	"XXX"
002CFAr 1  rr           	.byte	TOK_PUSH_BYTE
002CFBr 1  02           	.byte	2
002CFCr 1  rr           	.byte	TOK_ADD_VAR
002CFDr 1  rr           	makevar	"YYY"
002CFEr 1  rr           	.byte	TOK_PUSH
002CFFr 1  rr           	.byte	TOK_CALL
002D00r 1  rr rr        	.word	fb_lbl_POS
002D02r 1  rr           	.byte	TOK_BYTE
002D03r 1  D2           	.byte	210
002D04r 1  rr           	.byte	TOK_PUSH
002D05r 1  rr           	.byte	TOK_CALL
002D06r 1  rr rr        	.word	fb_lbl_PRINTBYTE
002D08r 1  rr           	.byte	TOK_BYTE
002D09r 1  D3           	.byte	211
002D0Ar 1  rr           	.byte	TOK_PUSH
002D0Br 1  rr           	.byte	TOK_CALL
002D0Cr 1  rr rr        	.word	fb_lbl_PRINTBYTE
002D0Er 1  rr           	.byte	TOK_BYTE
002D0Fr 1  D4           	.byte	212
002D10r 1  rr           	.byte	TOK_PUSH
002D11r 1  rr           	.byte	TOK_CALL
002D12r 1  rr rr        	.word	fb_lbl_PRINTBYTE
002D14r 1               @FastBasic_LINE_1302:	; LINE 1302
002D14r 1  rr           	.byte	TOK_VAR_LOAD
002D15r 1  rr           	makevar	"XXX"
002D16r 1  rr           	.byte	TOK_PUSH_BYTE
002D17r 1  03           	.byte	3
002D18r 1  rr           	.byte	TOK_ADD_VAR
002D19r 1  rr           	makevar	"YYY"
002D1Ar 1  rr           	.byte	TOK_PUSH
002D1Br 1  rr           	.byte	TOK_CALL
002D1Cr 1  rr rr        	.word	fb_lbl_POS
002D1Er 1  rr           	.byte	TOK_BYTE
002D1Fr 1  D5           	.byte	213
002D20r 1  rr           	.byte	TOK_PUSH
002D21r 1  rr           	.byte	TOK_CALL
002D22r 1  rr rr        	.word	fb_lbl_PRINTBYTE
002D24r 1  rr           	.byte	TOK_BYTE
002D25r 1  D6           	.byte	214
002D26r 1  rr           	.byte	TOK_PUSH
002D27r 1  rr           	.byte	TOK_CALL
002D28r 1  rr rr        	.word	fb_lbl_PRINTBYTE
002D2Ar 1  rr           	.byte	TOK_BYTE
002D2Br 1  D7           	.byte	215
002D2Cr 1  rr           	.byte	TOK_PUSH
002D2Dr 1  rr           	.byte	TOK_JUMP
002D2Er 1  rr rr        	.word	fb_lbl_PRINTBYTE
002D30r 1               @FastBasic_LINE_1303:	; LINE 1303
002D30r 1               jump_lbl_350:
002D30r 1  rr           	.byte	TOK_VAR_LOAD
002D31r 1  rr           	makevar	"DRAWNCARD"
002D32r 1  rr           	.byte	TOK_PUSH_BYTE
002D33r 1  08           	.byte	8
002D34r 1  rr           	.byte	TOK_EQ
002D35r 1  rr           	.byte	TOK_CJUMP
002D36r 1  rr rr        	.word	jump_lbl_352
002D38r 1               @FastBasic_LINE_1304:	; LINE 1304
002D38r 1  rr           	.byte	TOK_VAR_LOAD
002D39r 1  rr           	makevar	"XXX"
002D3Ar 1  rr           	.byte	TOK_PUSH_VAR_LOAD
002D3Br 1  rr           	makevar	"YYY"
002D3Cr 1  rr           	.byte	TOK_PUSH
002D3Dr 1  rr           	.byte	TOK_CALL
002D3Er 1  rr rr        	.word	fb_lbl_POS
002D40r 1  rr           	.byte	TOK_BYTE
002D41r 1  61           	.byte	97
002D42r 1  rr           	.byte	TOK_PUSH
002D43r 1  rr           	.byte	TOK_CALL
002D44r 1  rr rr        	.word	fb_lbl_PRINTBYTE
002D46r 1  rr           	.byte	TOK_BYTE
002D47r 1  62           	.byte	98
002D48r 1  rr           	.byte	TOK_PUSH
002D49r 1  rr           	.byte	TOK_CALL
002D4Ar 1  rr rr        	.word	fb_lbl_PRINTBYTE
002D4Cr 1  rr           	.byte	TOK_BYTE
002D4Dr 1  63           	.byte	99
002D4Er 1  rr           	.byte	TOK_PUSH
002D4Fr 1  rr           	.byte	TOK_CALL
002D50r 1  rr rr        	.word	fb_lbl_PRINTBYTE
002D52r 1               @FastBasic_LINE_1305:	; LINE 1305
002D52r 1  rr           	.byte	TOK_VAR_LOAD
002D53r 1  rr           	makevar	"XXX"
002D54r 1  rr           	.byte	TOK_PUSH_1
002D55r 1  rr           	.byte	TOK_ADD_VAR
002D56r 1  rr           	makevar	"YYY"
002D57r 1  rr           	.byte	TOK_PUSH
002D58r 1  rr           	.byte	TOK_CALL
002D59r 1  rr rr        	.word	fb_lbl_POS
002D5Br 1  rr           	.byte	TOK_BYTE
002D5Cr 1  64           	.byte	100
002D5Dr 1  rr           	.byte	TOK_PUSH
002D5Er 1  rr           	.byte	TOK_CALL
002D5Fr 1  rr rr        	.word	fb_lbl_PRINTBYTE
002D61r 1  rr           	.byte	TOK_BYTE
002D62r 1  65           	.byte	101
002D63r 1  rr           	.byte	TOK_PUSH
002D64r 1  rr           	.byte	TOK_CALL
002D65r 1  rr rr        	.word	fb_lbl_PRINTBYTE
002D67r 1  rr           	.byte	TOK_BYTE
002D68r 1  66           	.byte	102
002D69r 1  rr           	.byte	TOK_PUSH
002D6Ar 1  rr           	.byte	TOK_CALL
002D6Br 1  rr rr        	.word	fb_lbl_PRINTBYTE
002D6Dr 1               @FastBasic_LINE_1306:	; LINE 1306
002D6Dr 1  rr           	.byte	TOK_VAR_LOAD
002D6Er 1  rr           	makevar	"XXX"
002D6Fr 1  rr           	.byte	TOK_PUSH_BYTE
002D70r 1  02           	.byte	2
002D71r 1  rr           	.byte	TOK_ADD_VAR
002D72r 1  rr           	makevar	"YYY"
002D73r 1  rr           	.byte	TOK_PUSH
002D74r 1  rr           	.byte	TOK_CALL
002D75r 1  rr rr        	.word	fb_lbl_POS
002D77r 1  rr           	.byte	TOK_BYTE
002D78r 1  67           	.byte	103
002D79r 1  rr           	.byte	TOK_PUSH
002D7Ar 1  rr           	.byte	TOK_CALL
002D7Br 1  rr rr        	.word	fb_lbl_PRINTBYTE
002D7Dr 1  rr           	.byte	TOK_BYTE
002D7Er 1  68           	.byte	104
002D7Fr 1  rr           	.byte	TOK_PUSH
002D80r 1  rr           	.byte	TOK_CALL
002D81r 1  rr rr        	.word	fb_lbl_PRINTBYTE
002D83r 1  rr           	.byte	TOK_BYTE
002D84r 1  69           	.byte	105
002D85r 1  rr           	.byte	TOK_PUSH
002D86r 1  rr           	.byte	TOK_CALL
002D87r 1  rr rr        	.word	fb_lbl_PRINTBYTE
002D89r 1               @FastBasic_LINE_1307:	; LINE 1307
002D89r 1  rr           	.byte	TOK_VAR_LOAD
002D8Ar 1  rr           	makevar	"XXX"
002D8Br 1  rr           	.byte	TOK_PUSH_BYTE
002D8Cr 1  03           	.byte	3
002D8Dr 1  rr           	.byte	TOK_ADD_VAR
002D8Er 1  rr           	makevar	"YYY"
002D8Fr 1  rr           	.byte	TOK_PUSH
002D90r 1  rr           	.byte	TOK_CALL
002D91r 1  rr rr        	.word	fb_lbl_POS
002D93r 1  rr           	.byte	TOK_BYTE
002D94r 1  6A           	.byte	106
002D95r 1  rr           	.byte	TOK_PUSH
002D96r 1  rr           	.byte	TOK_CALL
002D97r 1  rr rr        	.word	fb_lbl_PRINTBYTE
002D99r 1  rr           	.byte	TOK_BYTE
002D9Ar 1  6B           	.byte	107
002D9Br 1  rr           	.byte	TOK_PUSH
002D9Cr 1  rr           	.byte	TOK_CALL
002D9Dr 1  rr rr        	.word	fb_lbl_PRINTBYTE
002D9Fr 1  rr           	.byte	TOK_BYTE
002DA0r 1  6C           	.byte	108
002DA1r 1  rr           	.byte	TOK_PUSH
002DA2r 1  rr           	.byte	TOK_JUMP
002DA3r 1  rr rr        	.word	fb_lbl_PRINTBYTE
002DA5r 1               @FastBasic_LINE_1308:	; LINE 1308
002DA5r 1               jump_lbl_352:
002DA5r 1  rr           	.byte	TOK_VAR_LOAD
002DA6r 1  rr           	makevar	"DRAWNCARD"
002DA7r 1  rr           	.byte	TOK_PUSH_BYTE
002DA8r 1  09           	.byte	9
002DA9r 1  rr           	.byte	TOK_EQ
002DAAr 1  rr           	.byte	TOK_CRET
002DABr 1               @FastBasic_LINE_1309:	; LINE 1309
002DABr 1  rr           	.byte	TOK_VAR_LOAD
002DACr 1  rr           	makevar	"XXX"
002DADr 1  rr           	.byte	TOK_PUSH_VAR_LOAD
002DAEr 1  rr           	makevar	"YYY"
002DAFr 1  rr           	.byte	TOK_PUSH
002DB0r 1  rr           	.byte	TOK_CALL
002DB1r 1  rr rr        	.word	fb_lbl_POS
002DB3r 1  rr           	.byte	TOK_BYTE
002DB4r 1  E1           	.byte	225
002DB5r 1  rr           	.byte	TOK_PUSH
002DB6r 1  rr           	.byte	TOK_CALL
002DB7r 1  rr rr        	.word	fb_lbl_PRINTBYTE
002DB9r 1  rr           	.byte	TOK_BYTE
002DBAr 1  E2           	.byte	226
002DBBr 1  rr           	.byte	TOK_PUSH
002DBCr 1  rr           	.byte	TOK_CALL
002DBDr 1  rr rr        	.word	fb_lbl_PRINTBYTE
002DBFr 1  rr           	.byte	TOK_BYTE
002DC0r 1  E3           	.byte	227
002DC1r 1  rr           	.byte	TOK_PUSH
002DC2r 1  rr           	.byte	TOK_CALL
002DC3r 1  rr rr        	.word	fb_lbl_PRINTBYTE
002DC5r 1               @FastBasic_LINE_1310:	; LINE 1310
002DC5r 1  rr           	.byte	TOK_VAR_LOAD
002DC6r 1  rr           	makevar	"XXX"
002DC7r 1  rr           	.byte	TOK_PUSH_1
002DC8r 1  rr           	.byte	TOK_ADD_VAR
002DC9r 1  rr           	makevar	"YYY"
002DCAr 1  rr           	.byte	TOK_PUSH
002DCBr 1  rr           	.byte	TOK_CALL
002DCCr 1  rr rr        	.word	fb_lbl_POS
002DCEr 1  rr           	.byte	TOK_BYTE
002DCFr 1  E4           	.byte	228
002DD0r 1  rr           	.byte	TOK_PUSH
002DD1r 1  rr           	.byte	TOK_CALL
002DD2r 1  rr rr        	.word	fb_lbl_PRINTBYTE
002DD4r 1  rr           	.byte	TOK_BYTE
002DD5r 1  E5           	.byte	229
002DD6r 1  rr           	.byte	TOK_PUSH
002DD7r 1  rr           	.byte	TOK_CALL
002DD8r 1  rr rr        	.word	fb_lbl_PRINTBYTE
002DDAr 1  rr           	.byte	TOK_BYTE
002DDBr 1  E6           	.byte	230
002DDCr 1  rr           	.byte	TOK_PUSH
002DDDr 1  rr           	.byte	TOK_CALL
002DDEr 1  rr rr        	.word	fb_lbl_PRINTBYTE
002DE0r 1               @FastBasic_LINE_1311:	; LINE 1311
002DE0r 1  rr           	.byte	TOK_VAR_LOAD
002DE1r 1  rr           	makevar	"XXX"
002DE2r 1  rr           	.byte	TOK_PUSH_BYTE
002DE3r 1  02           	.byte	2
002DE4r 1  rr           	.byte	TOK_ADD_VAR
002DE5r 1  rr           	makevar	"YYY"
002DE6r 1  rr           	.byte	TOK_PUSH
002DE7r 1  rr           	.byte	TOK_CALL
002DE8r 1  rr rr        	.word	fb_lbl_POS
002DEAr 1  rr           	.byte	TOK_BYTE
002DEBr 1  E7           	.byte	231
002DECr 1  rr           	.byte	TOK_PUSH
002DEDr 1  rr           	.byte	TOK_CALL
002DEEr 1  rr rr        	.word	fb_lbl_PRINTBYTE
002DF0r 1  rr           	.byte	TOK_BYTE
002DF1r 1  E8           	.byte	232
002DF2r 1  rr           	.byte	TOK_PUSH
002DF3r 1  rr           	.byte	TOK_CALL
002DF4r 1  rr rr        	.word	fb_lbl_PRINTBYTE
002DF6r 1  rr           	.byte	TOK_BYTE
002DF7r 1  E9           	.byte	233
002DF8r 1  rr           	.byte	TOK_PUSH
002DF9r 1  rr           	.byte	TOK_CALL
002DFAr 1  rr rr        	.word	fb_lbl_PRINTBYTE
002DFCr 1               @FastBasic_LINE_1312:	; LINE 1312
002DFCr 1  rr           	.byte	TOK_VAR_LOAD
002DFDr 1  rr           	makevar	"XXX"
002DFEr 1  rr           	.byte	TOK_PUSH_BYTE
002DFFr 1  03           	.byte	3
002E00r 1  rr           	.byte	TOK_ADD_VAR
002E01r 1  rr           	makevar	"YYY"
002E02r 1  rr           	.byte	TOK_PUSH
002E03r 1  rr           	.byte	TOK_CALL
002E04r 1  rr rr        	.word	fb_lbl_POS
002E06r 1  rr           	.byte	TOK_BYTE
002E07r 1  EA           	.byte	234
002E08r 1  rr           	.byte	TOK_PUSH
002E09r 1  rr           	.byte	TOK_CALL
002E0Ar 1  rr rr        	.word	fb_lbl_PRINTBYTE
002E0Cr 1  rr           	.byte	TOK_BYTE
002E0Dr 1  EB           	.byte	235
002E0Er 1  rr           	.byte	TOK_PUSH
002E0Fr 1  rr           	.byte	TOK_CALL
002E10r 1  rr rr        	.word	fb_lbl_PRINTBYTE
002E12r 1  rr           	.byte	TOK_BYTE
002E13r 1  EC           	.byte	236
002E14r 1  rr           	.byte	TOK_PUSH
002E15r 1  rr           	.byte	TOK_JUMP
002E16r 1  rr rr        	.word	fb_lbl_PRINTBYTE
002E18r 1               @FastBasic_LINE_1316:	; LINE 1316
002E18r 1               	.segment "BYTECODE"
002E18r 1               	.export	fb_lbl_DRAWCARDLINE
002E18r 1               fb_lbl_DRAWCARDLINE:
002E18r 1  rr           	.byte	TOK_POP
002E19r 1  rr           	.byte	TOK_VAR_STORE
002E1Ar 1  rr           	makevar	"_CARD"
002E1Br 1  rr           	.byte	TOK_POP
002E1Cr 1  rr           	.byte	TOK_VAR_STORE
002E1Dr 1  rr           	makevar	"_ROW"
002E1Er 1  rr           	.byte	TOK_POP
002E1Fr 1  rr           	.byte	TOK_VAR_STORE
002E20r 1  rr           	makevar	"_COL"
002E21r 1               @FastBasic_LINE_1317:	; LINE 1317
002E21r 1  rr           	.byte	TOK_VAR_LOAD
002E22r 1  rr           	makevar	"_COL"
002E23r 1  rr           	.byte	TOK_VAR_STORE
002E24r 1  rr           	makevar	"XXX"
002E25r 1  rr           	.byte	TOK_VAR_LOAD
002E26r 1  rr           	makevar	"_ROW"
002E27r 1  rr           	.byte	TOK_VAR_STORE
002E28r 1  rr           	makevar	"YYY"
002E29r 1  rr           	.byte	TOK_VAR_LOAD
002E2Ar 1  rr           	makevar	"_CARD"
002E2Br 1  rr           	.byte	TOK_VAR_STORE
002E2Cr 1  rr           	makevar	"CARD"
002E2Dr 1               @FastBasic_LINE_1318:	; LINE 1318
002E2Dr 1  rr           	.byte	TOK_VAR_LOAD
002E2Er 1  rr           	makevar	"CARD"
002E2Fr 1  rr           	.byte	TOK_COMP_0
002E30r 1  rr           	.byte	TOK_CNJUMP
002E31r 1  rr rr        	.word	jump_lbl_357
002E33r 1               @FastBasic_LINE_1319:	; LINE 1319
002E33r 1  rr           	.byte	TOK_VAR_LOAD
002E34r 1  rr           	makevar	"XXX"
002E35r 1  rr           	.byte	TOK_PUSH_VAR_LOAD
002E36r 1  rr           	makevar	"YYY"
002E37r 1  rr           	.byte	TOK_PUSH
002E38r 1  rr           	.byte	TOK_CALL
002E39r 1  rr rr        	.word	fb_lbl_POS
002E3Br 1  rr           	.byte	TOK_BYTE
002E3Cr 1  1C           	.byte	28
002E3Dr 1  rr           	.byte	TOK_PUSH
002E3Er 1  rr           	.byte	TOK_CALL
002E3Fr 1  rr rr        	.word	fb_lbl_PRINTBYTE
002E41r 1  rr           	.byte	TOK_BYTE
002E42r 1  1D           	.byte	29
002E43r 1  rr           	.byte	TOK_PUSH
002E44r 1  rr           	.byte	TOK_CALL
002E45r 1  rr rr        	.word	fb_lbl_PRINTBYTE
002E47r 1  rr           	.byte	TOK_BYTE
002E48r 1  1E           	.byte	30
002E49r 1  rr           	.byte	TOK_PUSH
002E4Ar 1  rr           	.byte	TOK_CALL
002E4Br 1  rr rr        	.word	fb_lbl_PRINTBYTE
002E4Dr 1               @FastBasic_LINE_1320:	; LINE 1320
002E4Dr 1  rr           	.byte	TOK_VAR_LOAD
002E4Er 1  rr           	makevar	"XXX"
002E4Fr 1  rr           	.byte	TOK_PUSH_1
002E50r 1  rr           	.byte	TOK_ADD_VAR
002E51r 1  rr           	makevar	"YYY"
002E52r 1  rr           	.byte	TOK_PUSH
002E53r 1  rr           	.byte	TOK_CALL
002E54r 1  rr rr        	.word	fb_lbl_POS
002E56r 1  rr           	.byte	TOK_BYTE
002E57r 1  3E           	.byte	62
002E58r 1  rr           	.byte	TOK_PUSH
002E59r 1  rr           	.byte	TOK_CALL
002E5Ar 1  rr rr        	.word	fb_lbl_PRINTBYTE
002E5Cr 1  rr           	.byte	TOK_BYTE
002E5Dr 1  3F           	.byte	63
002E5Er 1  rr           	.byte	TOK_PUSH
002E5Fr 1  rr           	.byte	TOK_CALL
002E60r 1  rr rr        	.word	fb_lbl_PRINTBYTE
002E62r 1  rr           	.byte	TOK_BYTE
002E63r 1  40           	.byte	64
002E64r 1  rr           	.byte	TOK_PUSH
002E65r 1  rr           	.byte	TOK_CALL
002E66r 1  rr rr        	.word	fb_lbl_PRINTBYTE
002E68r 1               @FastBasic_LINE_1321:	; LINE 1321
002E68r 1  rr           	.byte	TOK_VAR_LOAD
002E69r 1  rr           	makevar	"XXX"
002E6Ar 1  rr           	.byte	TOK_PUSH_BYTE
002E6Br 1  02           	.byte	2
002E6Cr 1  rr           	.byte	TOK_ADD_VAR
002E6Dr 1  rr           	makevar	"YYY"
002E6Er 1  rr           	.byte	TOK_PUSH
002E6Fr 1  rr           	.byte	TOK_CALL
002E70r 1  rr rr        	.word	fb_lbl_POS
002E72r 1  rr           	.byte	TOK_BYTE
002E73r 1  3E           	.byte	62
002E74r 1  rr           	.byte	TOK_PUSH
002E75r 1  rr           	.byte	TOK_CALL
002E76r 1  rr rr        	.word	fb_lbl_PRINTBYTE
002E78r 1  rr           	.byte	TOK_BYTE
002E79r 1  3F           	.byte	63
002E7Ar 1  rr           	.byte	TOK_PUSH
002E7Br 1  rr           	.byte	TOK_CALL
002E7Cr 1  rr rr        	.word	fb_lbl_PRINTBYTE
002E7Er 1  rr           	.byte	TOK_BYTE
002E7Fr 1  40           	.byte	64
002E80r 1  rr           	.byte	TOK_PUSH
002E81r 1  rr           	.byte	TOK_CALL
002E82r 1  rr rr        	.word	fb_lbl_PRINTBYTE
002E84r 1               @FastBasic_LINE_1322:	; LINE 1322
002E84r 1  rr           	.byte	TOK_VAR_LOAD
002E85r 1  rr           	makevar	"XXX"
002E86r 1  rr           	.byte	TOK_PUSH_BYTE
002E87r 1  03           	.byte	3
002E88r 1  rr           	.byte	TOK_ADD_VAR
002E89r 1  rr           	makevar	"YYY"
002E8Ar 1  rr           	.byte	TOK_PUSH
002E8Br 1  rr           	.byte	TOK_CALL
002E8Cr 1  rr rr        	.word	fb_lbl_POS
002E8Er 1  rr           	.byte	TOK_BYTE
002E8Fr 1  72           	.byte	114
002E90r 1  rr           	.byte	TOK_PUSH
002E91r 1  rr           	.byte	TOK_CALL
002E92r 1  rr rr        	.word	fb_lbl_PRINTBYTE
002E94r 1  rr           	.byte	TOK_BYTE
002E95r 1  73           	.byte	115
002E96r 1  rr           	.byte	TOK_PUSH
002E97r 1  rr           	.byte	TOK_CALL
002E98r 1  rr rr        	.word	fb_lbl_PRINTBYTE
002E9Ar 1  rr           	.byte	TOK_BYTE
002E9Br 1  7B           	.byte	123
002E9Cr 1  rr           	.byte	TOK_PUSH
002E9Dr 1  rr           	.byte	TOK_JUMP
002E9Er 1  rr rr        	.word	fb_lbl_PRINTBYTE
002EA0r 1               @FastBasic_LINE_1323:	; LINE 1323
002EA0r 1               jump_lbl_357:
002EA0r 1  rr           	.byte	TOK_VAR_LOAD
002EA1r 1  rr           	makevar	"CARD"
002EA2r 1  rr           	.byte	TOK_PUSH_1
002EA3r 1  rr           	.byte	TOK_EQ
002EA4r 1  rr           	.byte	TOK_CJUMP
002EA5r 1  rr rr        	.word	jump_lbl_359
002EA7r 1               @FastBasic_LINE_1324:	; LINE 1324
002EA7r 1  rr           	.byte	TOK_VAR_LOAD
002EA8r 1  rr           	makevar	"XXX"
002EA9r 1  rr           	.byte	TOK_PUSH_VAR_LOAD
002EAAr 1  rr           	makevar	"YYY"
002EABr 1  rr           	.byte	TOK_PUSH
002EACr 1  rr           	.byte	TOK_CALL
002EADr 1  rr rr        	.word	fb_lbl_POS
002EAFr 1  rr           	.byte	TOK_BYTE
002EB0r 1  1C           	.byte	28
002EB1r 1  rr           	.byte	TOK_PUSH
002EB2r 1  rr           	.byte	TOK_CALL
002EB3r 1  rr rr        	.word	fb_lbl_PRINTBYTE
002EB5r 1  rr           	.byte	TOK_BYTE
002EB6r 1  1D           	.byte	29
002EB7r 1  rr           	.byte	TOK_PUSH
002EB8r 1  rr           	.byte	TOK_CALL
002EB9r 1  rr rr        	.word	fb_lbl_PRINTBYTE
002EBBr 1  rr           	.byte	TOK_BYTE
002EBCr 1  1E           	.byte	30
002EBDr 1  rr           	.byte	TOK_PUSH
002EBEr 1  rr           	.byte	TOK_CALL
002EBFr 1  rr rr        	.word	fb_lbl_PRINTBYTE
002EC1r 1               @FastBasic_LINE_1325:	; LINE 1325
002EC1r 1  rr           	.byte	TOK_VAR_LOAD
002EC2r 1  rr           	makevar	"XXX"
002EC3r 1  rr           	.byte	TOK_PUSH_1
002EC4r 1  rr           	.byte	TOK_ADD_VAR
002EC5r 1  rr           	makevar	"YYY"
002EC6r 1  rr           	.byte	TOK_PUSH
002EC7r 1  rr           	.byte	TOK_CALL
002EC8r 1  rr rr        	.word	fb_lbl_POS
002ECAr 1  rr           	.byte	TOK_BYTE
002ECBr 1  3E           	.byte	62
002ECCr 1  rr           	.byte	TOK_PUSH
002ECDr 1  rr           	.byte	TOK_CALL
002ECEr 1  rr rr        	.word	fb_lbl_PRINTBYTE
002ED0r 1  rr           	.byte	TOK_BYTE
002ED1r 1  42           	.byte	66
002ED2r 1  rr           	.byte	TOK_PUSH
002ED3r 1  rr           	.byte	TOK_CALL
002ED4r 1  rr rr        	.word	fb_lbl_PRINTBYTE
002ED6r 1  rr           	.byte	TOK_BYTE
002ED7r 1  40           	.byte	64
002ED8r 1  rr           	.byte	TOK_PUSH
002ED9r 1  rr           	.byte	TOK_CALL
002EDAr 1  rr rr        	.word	fb_lbl_PRINTBYTE
002EDCr 1               @FastBasic_LINE_1326:	; LINE 1326
002EDCr 1  rr           	.byte	TOK_VAR_LOAD
002EDDr 1  rr           	makevar	"XXX"
002EDEr 1  rr           	.byte	TOK_PUSH_BYTE
002EDFr 1  02           	.byte	2
002EE0r 1  rr           	.byte	TOK_ADD_VAR
002EE1r 1  rr           	makevar	"YYY"
002EE2r 1  rr           	.byte	TOK_PUSH
002EE3r 1  rr           	.byte	TOK_CALL
002EE4r 1  rr rr        	.word	fb_lbl_POS
002EE6r 1  rr           	.byte	TOK_BYTE
002EE7r 1  3E           	.byte	62
002EE8r 1  rr           	.byte	TOK_PUSH
002EE9r 1  rr           	.byte	TOK_CALL
002EEAr 1  rr rr        	.word	fb_lbl_PRINTBYTE
002EECr 1  rr           	.byte	TOK_BYTE
002EEDr 1  43           	.byte	67
002EEEr 1  rr           	.byte	TOK_PUSH
002EEFr 1  rr           	.byte	TOK_CALL
002EF0r 1  rr rr        	.word	fb_lbl_PRINTBYTE
002EF2r 1  rr           	.byte	TOK_BYTE
002EF3r 1  40           	.byte	64
002EF4r 1  rr           	.byte	TOK_PUSH
002EF5r 1  rr           	.byte	TOK_CALL
002EF6r 1  rr rr        	.word	fb_lbl_PRINTBYTE
002EF8r 1               @FastBasic_LINE_1327:	; LINE 1327
002EF8r 1  rr           	.byte	TOK_VAR_LOAD
002EF9r 1  rr           	makevar	"XXX"
002EFAr 1  rr           	.byte	TOK_PUSH_BYTE
002EFBr 1  03           	.byte	3
002EFCr 1  rr           	.byte	TOK_ADD_VAR
002EFDr 1  rr           	makevar	"YYY"
002EFEr 1  rr           	.byte	TOK_PUSH
002EFFr 1  rr           	.byte	TOK_CALL
002F00r 1  rr rr        	.word	fb_lbl_POS
002F02r 1  rr           	.byte	TOK_BYTE
002F03r 1  72           	.byte	114
002F04r 1  rr           	.byte	TOK_PUSH
002F05r 1  rr           	.byte	TOK_CALL
002F06r 1  rr rr        	.word	fb_lbl_PRINTBYTE
002F08r 1  rr           	.byte	TOK_BYTE
002F09r 1  73           	.byte	115
002F0Ar 1  rr           	.byte	TOK_PUSH
002F0Br 1  rr           	.byte	TOK_CALL
002F0Cr 1  rr rr        	.word	fb_lbl_PRINTBYTE
002F0Er 1  rr           	.byte	TOK_BYTE
002F0Fr 1  7B           	.byte	123
002F10r 1  rr           	.byte	TOK_PUSH
002F11r 1  rr           	.byte	TOK_JUMP
002F12r 1  rr rr        	.word	fb_lbl_PRINTBYTE
002F14r 1               @FastBasic_LINE_1328:	; LINE 1328
002F14r 1               jump_lbl_359:
002F14r 1  rr           	.byte	TOK_VAR_LOAD
002F15r 1  rr           	makevar	"CARD"
002F16r 1  rr           	.byte	TOK_PUSH_BYTE
002F17r 1  02           	.byte	2
002F18r 1  rr           	.byte	TOK_EQ
002F19r 1  rr           	.byte	TOK_CJUMP
002F1Ar 1  rr rr        	.word	jump_lbl_361
002F1Cr 1               @FastBasic_LINE_1329:	; LINE 1329
002F1Cr 1  rr           	.byte	TOK_VAR_LOAD
002F1Dr 1  rr           	makevar	"XXX"
002F1Er 1  rr           	.byte	TOK_PUSH_VAR_LOAD
002F1Fr 1  rr           	makevar	"YYY"
002F20r 1  rr           	.byte	TOK_PUSH
002F21r 1  rr           	.byte	TOK_CALL
002F22r 1  rr rr        	.word	fb_lbl_POS
002F24r 1  rr           	.byte	TOK_BYTE
002F25r 1  1C           	.byte	28
002F26r 1  rr           	.byte	TOK_PUSH
002F27r 1  rr           	.byte	TOK_CALL
002F28r 1  rr rr        	.word	fb_lbl_PRINTBYTE
002F2Ar 1  rr           	.byte	TOK_BYTE
002F2Br 1  1D           	.byte	29
002F2Cr 1  rr           	.byte	TOK_PUSH
002F2Dr 1  rr           	.byte	TOK_CALL
002F2Er 1  rr rr        	.word	fb_lbl_PRINTBYTE
002F30r 1  rr           	.byte	TOK_BYTE
002F31r 1  1E           	.byte	30
002F32r 1  rr           	.byte	TOK_PUSH
002F33r 1  rr           	.byte	TOK_CALL
002F34r 1  rr rr        	.word	fb_lbl_PRINTBYTE
002F36r 1               @FastBasic_LINE_1330:	; LINE 1330
002F36r 1  rr           	.byte	TOK_VAR_LOAD
002F37r 1  rr           	makevar	"XXX"
002F38r 1  rr           	.byte	TOK_PUSH_1
002F39r 1  rr           	.byte	TOK_ADD_VAR
002F3Ar 1  rr           	makevar	"YYY"
002F3Br 1  rr           	.byte	TOK_PUSH
002F3Cr 1  rr           	.byte	TOK_CALL
002F3Dr 1  rr rr        	.word	fb_lbl_POS
002F3Fr 1  rr           	.byte	TOK_BYTE
002F40r 1  3E           	.byte	62
002F41r 1  rr           	.byte	TOK_PUSH
002F42r 1  rr           	.byte	TOK_CALL
002F43r 1  rr rr        	.word	fb_lbl_PRINTBYTE
002F45r 1  rr           	.byte	TOK_BYTE
002F46r 1  C4           	.byte	196
002F47r 1  rr           	.byte	TOK_PUSH
002F48r 1  rr           	.byte	TOK_CALL
002F49r 1  rr rr        	.word	fb_lbl_PRINTBYTE
002F4Br 1  rr           	.byte	TOK_BYTE
002F4Cr 1  40           	.byte	64
002F4Dr 1  rr           	.byte	TOK_PUSH
002F4Er 1  rr           	.byte	TOK_CALL
002F4Fr 1  rr rr        	.word	fb_lbl_PRINTBYTE
002F51r 1               @FastBasic_LINE_1331:	; LINE 1331
002F51r 1  rr           	.byte	TOK_VAR_LOAD
002F52r 1  rr           	makevar	"XXX"
002F53r 1  rr           	.byte	TOK_PUSH_BYTE
002F54r 1  02           	.byte	2
002F55r 1  rr           	.byte	TOK_ADD_VAR
002F56r 1  rr           	makevar	"YYY"
002F57r 1  rr           	.byte	TOK_PUSH
002F58r 1  rr           	.byte	TOK_CALL
002F59r 1  rr rr        	.word	fb_lbl_POS
002F5Br 1  rr           	.byte	TOK_BYTE
002F5Cr 1  3E           	.byte	62
002F5Dr 1  rr           	.byte	TOK_PUSH
002F5Er 1  rr           	.byte	TOK_CALL
002F5Fr 1  rr rr        	.word	fb_lbl_PRINTBYTE
002F61r 1  rr           	.byte	TOK_BYTE
002F62r 1  C5           	.byte	197
002F63r 1  rr           	.byte	TOK_PUSH
002F64r 1  rr           	.byte	TOK_CALL
002F65r 1  rr rr        	.word	fb_lbl_PRINTBYTE
002F67r 1  rr           	.byte	TOK_BYTE
002F68r 1  40           	.byte	64
002F69r 1  rr           	.byte	TOK_PUSH
002F6Ar 1  rr           	.byte	TOK_CALL
002F6Br 1  rr rr        	.word	fb_lbl_PRINTBYTE
002F6Dr 1               @FastBasic_LINE_1332:	; LINE 1332
002F6Dr 1  rr           	.byte	TOK_VAR_LOAD
002F6Er 1  rr           	makevar	"XXX"
002F6Fr 1  rr           	.byte	TOK_PUSH_BYTE
002F70r 1  03           	.byte	3
002F71r 1  rr           	.byte	TOK_ADD_VAR
002F72r 1  rr           	makevar	"YYY"
002F73r 1  rr           	.byte	TOK_PUSH
002F74r 1  rr           	.byte	TOK_CALL
002F75r 1  rr rr        	.word	fb_lbl_POS
002F77r 1  rr           	.byte	TOK_BYTE
002F78r 1  72           	.byte	114
002F79r 1  rr           	.byte	TOK_PUSH
002F7Ar 1  rr           	.byte	TOK_CALL
002F7Br 1  rr rr        	.word	fb_lbl_PRINTBYTE
002F7Dr 1  rr           	.byte	TOK_BYTE
002F7Er 1  73           	.byte	115
002F7Fr 1  rr           	.byte	TOK_PUSH
002F80r 1  rr           	.byte	TOK_CALL
002F81r 1  rr rr        	.word	fb_lbl_PRINTBYTE
002F83r 1  rr           	.byte	TOK_BYTE
002F84r 1  7B           	.byte	123
002F85r 1  rr           	.byte	TOK_PUSH
002F86r 1  rr           	.byte	TOK_JUMP
002F87r 1  rr rr        	.word	fb_lbl_PRINTBYTE
002F89r 1               @FastBasic_LINE_1333:	; LINE 1333
002F89r 1               jump_lbl_361:
002F89r 1  rr           	.byte	TOK_VAR_LOAD
002F8Ar 1  rr           	makevar	"CARD"
002F8Br 1  rr           	.byte	TOK_PUSH_BYTE
002F8Cr 1  03           	.byte	3
002F8Dr 1  rr           	.byte	TOK_EQ
002F8Er 1  rr           	.byte	TOK_CJUMP
002F8Fr 1  rr rr        	.word	jump_lbl_363
002F91r 1               @FastBasic_LINE_1334:	; LINE 1334
002F91r 1  rr           	.byte	TOK_VAR_LOAD
002F92r 1  rr           	makevar	"XXX"
002F93r 1  rr           	.byte	TOK_PUSH_VAR_LOAD
002F94r 1  rr           	makevar	"YYY"
002F95r 1  rr           	.byte	TOK_PUSH
002F96r 1  rr           	.byte	TOK_CALL
002F97r 1  rr rr        	.word	fb_lbl_POS
002F99r 1  rr           	.byte	TOK_BYTE
002F9Ar 1  1C           	.byte	28
002F9Br 1  rr           	.byte	TOK_PUSH
002F9Cr 1  rr           	.byte	TOK_CALL
002F9Dr 1  rr rr        	.word	fb_lbl_PRINTBYTE
002F9Fr 1  rr           	.byte	TOK_BYTE
002FA0r 1  1D           	.byte	29
002FA1r 1  rr           	.byte	TOK_PUSH
002FA2r 1  rr           	.byte	TOK_CALL
002FA3r 1  rr rr        	.word	fb_lbl_PRINTBYTE
002FA5r 1  rr           	.byte	TOK_BYTE
002FA6r 1  1E           	.byte	30
002FA7r 1  rr           	.byte	TOK_PUSH
002FA8r 1  rr           	.byte	TOK_CALL
002FA9r 1  rr rr        	.word	fb_lbl_PRINTBYTE
002FABr 1               @FastBasic_LINE_1335:	; LINE 1335
002FABr 1  rr           	.byte	TOK_VAR_LOAD
002FACr 1  rr           	makevar	"XXX"
002FADr 1  rr           	.byte	TOK_PUSH_1
002FAEr 1  rr           	.byte	TOK_ADD_VAR
002FAFr 1  rr           	makevar	"YYY"
002FB0r 1  rr           	.byte	TOK_PUSH
002FB1r 1  rr           	.byte	TOK_CALL
002FB2r 1  rr rr        	.word	fb_lbl_POS
002FB4r 1  rr           	.byte	TOK_BYTE
002FB5r 1  3E           	.byte	62
002FB6r 1  rr           	.byte	TOK_PUSH
002FB7r 1  rr           	.byte	TOK_CALL
002FB8r 1  rr rr        	.word	fb_lbl_PRINTBYTE
002FBAr 1  rr           	.byte	TOK_BYTE
002FBBr 1  44           	.byte	68
002FBCr 1  rr           	.byte	TOK_PUSH
002FBDr 1  rr           	.byte	TOK_CALL
002FBEr 1  rr rr        	.word	fb_lbl_PRINTBYTE
002FC0r 1  rr           	.byte	TOK_BYTE
002FC1r 1  40           	.byte	64
002FC2r 1  rr           	.byte	TOK_PUSH
002FC3r 1  rr           	.byte	TOK_CALL
002FC4r 1  rr rr        	.word	fb_lbl_PRINTBYTE
002FC6r 1               @FastBasic_LINE_1336:	; LINE 1336
002FC6r 1  rr           	.byte	TOK_VAR_LOAD
002FC7r 1  rr           	makevar	"XXX"
002FC8r 1  rr           	.byte	TOK_PUSH_BYTE
002FC9r 1  02           	.byte	2
002FCAr 1  rr           	.byte	TOK_ADD_VAR
002FCBr 1  rr           	makevar	"YYY"
002FCCr 1  rr           	.byte	TOK_PUSH
002FCDr 1  rr           	.byte	TOK_CALL
002FCEr 1  rr rr        	.word	fb_lbl_POS
002FD0r 1  rr           	.byte	TOK_BYTE
002FD1r 1  3E           	.byte	62
002FD2r 1  rr           	.byte	TOK_PUSH
002FD3r 1  rr           	.byte	TOK_CALL
002FD4r 1  rr rr        	.word	fb_lbl_PRINTBYTE
002FD6r 1  rr           	.byte	TOK_BYTE
002FD7r 1  46           	.byte	70
002FD8r 1  rr           	.byte	TOK_PUSH
002FD9r 1  rr           	.byte	TOK_CALL
002FDAr 1  rr rr        	.word	fb_lbl_PRINTBYTE
002FDCr 1  rr           	.byte	TOK_BYTE
002FDDr 1  40           	.byte	64
002FDEr 1  rr           	.byte	TOK_PUSH
002FDFr 1  rr           	.byte	TOK_CALL
002FE0r 1  rr rr        	.word	fb_lbl_PRINTBYTE
002FE2r 1               @FastBasic_LINE_1337:	; LINE 1337
002FE2r 1  rr           	.byte	TOK_VAR_LOAD
002FE3r 1  rr           	makevar	"XXX"
002FE4r 1  rr           	.byte	TOK_PUSH_BYTE
002FE5r 1  03           	.byte	3
002FE6r 1  rr           	.byte	TOK_ADD_VAR
002FE7r 1  rr           	makevar	"YYY"
002FE8r 1  rr           	.byte	TOK_PUSH
002FE9r 1  rr           	.byte	TOK_CALL
002FEAr 1  rr rr        	.word	fb_lbl_POS
002FECr 1  rr           	.byte	TOK_BYTE
002FEDr 1  72           	.byte	114
002FEEr 1  rr           	.byte	TOK_PUSH
002FEFr 1  rr           	.byte	TOK_CALL
002FF0r 1  rr rr        	.word	fb_lbl_PRINTBYTE
002FF2r 1  rr           	.byte	TOK_BYTE
002FF3r 1  73           	.byte	115
002FF4r 1  rr           	.byte	TOK_PUSH
002FF5r 1  rr           	.byte	TOK_CALL
002FF6r 1  rr rr        	.word	fb_lbl_PRINTBYTE
002FF8r 1  rr           	.byte	TOK_BYTE
002FF9r 1  7B           	.byte	123
002FFAr 1  rr           	.byte	TOK_PUSH
002FFBr 1  rr           	.byte	TOK_JUMP
002FFCr 1  rr rr        	.word	fb_lbl_PRINTBYTE
002FFEr 1               @FastBasic_LINE_1338:	; LINE 1338
002FFEr 1               jump_lbl_363:
002FFEr 1  rr           	.byte	TOK_VAR_LOAD
002FFFr 1  rr           	makevar	"CARD"
003000r 1  rr           	.byte	TOK_PUSH_BYTE
003001r 1  04           	.byte	4
003002r 1  rr           	.byte	TOK_EQ
003003r 1  rr           	.byte	TOK_CJUMP
003004r 1  rr rr        	.word	jump_lbl_365
003006r 1               @FastBasic_LINE_1339:	; LINE 1339
003006r 1  rr           	.byte	TOK_VAR_LOAD
003007r 1  rr           	makevar	"XXX"
003008r 1  rr           	.byte	TOK_PUSH_VAR_LOAD
003009r 1  rr           	makevar	"YYY"
00300Ar 1  rr           	.byte	TOK_PUSH
00300Br 1  rr           	.byte	TOK_CALL
00300Cr 1  rr rr        	.word	fb_lbl_POS
00300Er 1  rr           	.byte	TOK_BYTE
00300Fr 1  1C           	.byte	28
003010r 1  rr           	.byte	TOK_PUSH
003011r 1  rr           	.byte	TOK_CALL
003012r 1  rr rr        	.word	fb_lbl_PRINTBYTE
003014r 1  rr           	.byte	TOK_BYTE
003015r 1  1D           	.byte	29
003016r 1  rr           	.byte	TOK_PUSH
003017r 1  rr           	.byte	TOK_CALL
003018r 1  rr rr        	.word	fb_lbl_PRINTBYTE
00301Ar 1  rr           	.byte	TOK_BYTE
00301Br 1  1E           	.byte	30
00301Cr 1  rr           	.byte	TOK_PUSH
00301Dr 1  rr           	.byte	TOK_CALL
00301Er 1  rr rr        	.word	fb_lbl_PRINTBYTE
003020r 1               @FastBasic_LINE_1340:	; LINE 1340
003020r 1  rr           	.byte	TOK_VAR_LOAD
003021r 1  rr           	makevar	"XXX"
003022r 1  rr           	.byte	TOK_PUSH_1
003023r 1  rr           	.byte	TOK_ADD_VAR
003024r 1  rr           	makevar	"YYY"
003025r 1  rr           	.byte	TOK_PUSH
003026r 1  rr           	.byte	TOK_CALL
003027r 1  rr rr        	.word	fb_lbl_POS
003029r 1  rr           	.byte	TOK_BYTE
00302Ar 1  3E           	.byte	62
00302Br 1  rr           	.byte	TOK_PUSH
00302Cr 1  rr           	.byte	TOK_CALL
00302Dr 1  rr rr        	.word	fb_lbl_PRINTBYTE
00302Fr 1  rr           	.byte	TOK_BYTE
003030r 1  C7           	.byte	199
003031r 1  rr           	.byte	TOK_PUSH
003032r 1  rr           	.byte	TOK_CALL
003033r 1  rr rr        	.word	fb_lbl_PRINTBYTE
003035r 1  rr           	.byte	TOK_BYTE
003036r 1  40           	.byte	64
003037r 1  rr           	.byte	TOK_PUSH
003038r 1  rr           	.byte	TOK_CALL
003039r 1  rr rr        	.word	fb_lbl_PRINTBYTE
00303Br 1               @FastBasic_LINE_1341:	; LINE 1341
00303Br 1  rr           	.byte	TOK_VAR_LOAD
00303Cr 1  rr           	makevar	"XXX"
00303Dr 1  rr           	.byte	TOK_PUSH_BYTE
00303Er 1  02           	.byte	2
00303Fr 1  rr           	.byte	TOK_ADD_VAR
003040r 1  rr           	makevar	"YYY"
003041r 1  rr           	.byte	TOK_PUSH
003042r 1  rr           	.byte	TOK_CALL
003043r 1  rr rr        	.word	fb_lbl_POS
003045r 1  rr           	.byte	TOK_BYTE
003046r 1  3E           	.byte	62
003047r 1  rr           	.byte	TOK_PUSH
003048r 1  rr           	.byte	TOK_CALL
003049r 1  rr rr        	.word	fb_lbl_PRINTBYTE
00304Br 1  rr           	.byte	TOK_BYTE
00304Cr 1  C8           	.byte	200
00304Dr 1  rr           	.byte	TOK_PUSH
00304Er 1  rr           	.byte	TOK_CALL
00304Fr 1  rr rr        	.word	fb_lbl_PRINTBYTE
003051r 1  rr           	.byte	TOK_BYTE
003052r 1  40           	.byte	64
003053r 1  rr           	.byte	TOK_PUSH
003054r 1  rr           	.byte	TOK_CALL
003055r 1  rr rr        	.word	fb_lbl_PRINTBYTE
003057r 1               @FastBasic_LINE_1342:	; LINE 1342
003057r 1  rr           	.byte	TOK_VAR_LOAD
003058r 1  rr           	makevar	"XXX"
003059r 1  rr           	.byte	TOK_PUSH_BYTE
00305Ar 1  03           	.byte	3
00305Br 1  rr           	.byte	TOK_ADD_VAR
00305Cr 1  rr           	makevar	"YYY"
00305Dr 1  rr           	.byte	TOK_PUSH
00305Er 1  rr           	.byte	TOK_CALL
00305Fr 1  rr rr        	.word	fb_lbl_POS
003061r 1  rr           	.byte	TOK_BYTE
003062r 1  72           	.byte	114
003063r 1  rr           	.byte	TOK_PUSH
003064r 1  rr           	.byte	TOK_CALL
003065r 1  rr rr        	.word	fb_lbl_PRINTBYTE
003067r 1  rr           	.byte	TOK_BYTE
003068r 1  73           	.byte	115
003069r 1  rr           	.byte	TOK_PUSH
00306Ar 1  rr           	.byte	TOK_CALL
00306Br 1  rr rr        	.word	fb_lbl_PRINTBYTE
00306Dr 1  rr           	.byte	TOK_BYTE
00306Er 1  7B           	.byte	123
00306Fr 1  rr           	.byte	TOK_PUSH
003070r 1  rr           	.byte	TOK_JUMP
003071r 1  rr rr        	.word	fb_lbl_PRINTBYTE
003073r 1               @FastBasic_LINE_1343:	; LINE 1343
003073r 1               jump_lbl_365:
003073r 1  rr           	.byte	TOK_VAR_LOAD
003074r 1  rr           	makevar	"CARD"
003075r 1  rr           	.byte	TOK_PUSH_BYTE
003076r 1  05           	.byte	5
003077r 1  rr           	.byte	TOK_EQ
003078r 1  rr           	.byte	TOK_CJUMP
003079r 1  rr rr        	.word	jump_lbl_367
00307Br 1               @FastBasic_LINE_1344:	; LINE 1344
00307Br 1  rr           	.byte	TOK_VAR_LOAD
00307Cr 1  rr           	makevar	"XXX"
00307Dr 1  rr           	.byte	TOK_PUSH_VAR_LOAD
00307Er 1  rr           	makevar	"YYY"
00307Fr 1  rr           	.byte	TOK_PUSH
003080r 1  rr           	.byte	TOK_CALL
003081r 1  rr rr        	.word	fb_lbl_POS
003083r 1  rr           	.byte	TOK_BYTE
003084r 1  1C           	.byte	28
003085r 1  rr           	.byte	TOK_PUSH
003086r 1  rr           	.byte	TOK_CALL
003087r 1  rr rr        	.word	fb_lbl_PRINTBYTE
003089r 1  rr           	.byte	TOK_BYTE
00308Ar 1  1D           	.byte	29
00308Br 1  rr           	.byte	TOK_PUSH
00308Cr 1  rr           	.byte	TOK_CALL
00308Dr 1  rr rr        	.word	fb_lbl_PRINTBYTE
00308Fr 1  rr           	.byte	TOK_BYTE
003090r 1  1E           	.byte	30
003091r 1  rr           	.byte	TOK_PUSH
003092r 1  rr           	.byte	TOK_CALL
003093r 1  rr rr        	.word	fb_lbl_PRINTBYTE
003095r 1               @FastBasic_LINE_1345:	; LINE 1345
003095r 1  rr           	.byte	TOK_VAR_LOAD
003096r 1  rr           	makevar	"XXX"
003097r 1  rr           	.byte	TOK_PUSH_1
003098r 1  rr           	.byte	TOK_ADD_VAR
003099r 1  rr           	makevar	"YYY"
00309Ar 1  rr           	.byte	TOK_PUSH
00309Br 1  rr           	.byte	TOK_CALL
00309Cr 1  rr rr        	.word	fb_lbl_POS
00309Er 1  rr           	.byte	TOK_BYTE
00309Fr 1  3E           	.byte	62
0030A0r 1  rr           	.byte	TOK_PUSH
0030A1r 1  rr           	.byte	TOK_CALL
0030A2r 1  rr rr        	.word	fb_lbl_PRINTBYTE
0030A4r 1  rr           	.byte	TOK_BYTE
0030A5r 1  49           	.byte	73
0030A6r 1  rr           	.byte	TOK_PUSH
0030A7r 1  rr           	.byte	TOK_CALL
0030A8r 1  rr rr        	.word	fb_lbl_PRINTBYTE
0030AAr 1  rr           	.byte	TOK_BYTE
0030ABr 1  40           	.byte	64
0030ACr 1  rr           	.byte	TOK_PUSH
0030ADr 1  rr           	.byte	TOK_CALL
0030AEr 1  rr rr        	.word	fb_lbl_PRINTBYTE
0030B0r 1               @FastBasic_LINE_1346:	; LINE 1346
0030B0r 1  rr           	.byte	TOK_VAR_LOAD
0030B1r 1  rr           	makevar	"XXX"
0030B2r 1  rr           	.byte	TOK_PUSH_BYTE
0030B3r 1  02           	.byte	2
0030B4r 1  rr           	.byte	TOK_ADD_VAR
0030B5r 1  rr           	makevar	"YYY"
0030B6r 1  rr           	.byte	TOK_PUSH
0030B7r 1  rr           	.byte	TOK_CALL
0030B8r 1  rr rr        	.word	fb_lbl_POS
0030BAr 1  rr           	.byte	TOK_BYTE
0030BBr 1  3E           	.byte	62
0030BCr 1  rr           	.byte	TOK_PUSH
0030BDr 1  rr           	.byte	TOK_CALL
0030BEr 1  rr rr        	.word	fb_lbl_PRINTBYTE
0030C0r 1  rr           	.byte	TOK_BYTE
0030C1r 1  46           	.byte	70
0030C2r 1  rr           	.byte	TOK_PUSH
0030C3r 1  rr           	.byte	TOK_CALL
0030C4r 1  rr rr        	.word	fb_lbl_PRINTBYTE
0030C6r 1  rr           	.byte	TOK_BYTE
0030C7r 1  40           	.byte	64
0030C8r 1  rr           	.byte	TOK_PUSH
0030C9r 1  rr           	.byte	TOK_CALL
0030CAr 1  rr rr        	.word	fb_lbl_PRINTBYTE
0030CCr 1               @FastBasic_LINE_1347:	; LINE 1347
0030CCr 1  rr           	.byte	TOK_VAR_LOAD
0030CDr 1  rr           	makevar	"XXX"
0030CEr 1  rr           	.byte	TOK_PUSH_BYTE
0030CFr 1  03           	.byte	3
0030D0r 1  rr           	.byte	TOK_ADD_VAR
0030D1r 1  rr           	makevar	"YYY"
0030D2r 1  rr           	.byte	TOK_PUSH
0030D3r 1  rr           	.byte	TOK_CALL
0030D4r 1  rr rr        	.word	fb_lbl_POS
0030D6r 1  rr           	.byte	TOK_BYTE
0030D7r 1  72           	.byte	114
0030D8r 1  rr           	.byte	TOK_PUSH
0030D9r 1  rr           	.byte	TOK_CALL
0030DAr 1  rr rr        	.word	fb_lbl_PRINTBYTE
0030DCr 1  rr           	.byte	TOK_BYTE
0030DDr 1  73           	.byte	115
0030DEr 1  rr           	.byte	TOK_PUSH
0030DFr 1  rr           	.byte	TOK_CALL
0030E0r 1  rr rr        	.word	fb_lbl_PRINTBYTE
0030E2r 1  rr           	.byte	TOK_BYTE
0030E3r 1  7B           	.byte	123
0030E4r 1  rr           	.byte	TOK_PUSH
0030E5r 1  rr           	.byte	TOK_JUMP
0030E6r 1  rr rr        	.word	fb_lbl_PRINTBYTE
0030E8r 1               @FastBasic_LINE_1348:	; LINE 1348
0030E8r 1               jump_lbl_367:
0030E8r 1  rr           	.byte	TOK_VAR_LOAD
0030E9r 1  rr           	makevar	"CARD"
0030EAr 1  rr           	.byte	TOK_PUSH_BYTE
0030EBr 1  06           	.byte	6
0030ECr 1  rr           	.byte	TOK_EQ
0030EDr 1  rr           	.byte	TOK_CJUMP
0030EEr 1  rr rr        	.word	jump_lbl_369
0030F0r 1               @FastBasic_LINE_1349:	; LINE 1349
0030F0r 1  rr           	.byte	TOK_VAR_LOAD
0030F1r 1  rr           	makevar	"XXX"
0030F2r 1  rr           	.byte	TOK_PUSH_VAR_LOAD
0030F3r 1  rr           	makevar	"YYY"
0030F4r 1  rr           	.byte	TOK_PUSH
0030F5r 1  rr           	.byte	TOK_CALL
0030F6r 1  rr rr        	.word	fb_lbl_POS
0030F8r 1  rr           	.byte	TOK_BYTE
0030F9r 1  1C           	.byte	28
0030FAr 1  rr           	.byte	TOK_PUSH
0030FBr 1  rr           	.byte	TOK_CALL
0030FCr 1  rr rr        	.word	fb_lbl_PRINTBYTE
0030FEr 1  rr           	.byte	TOK_BYTE
0030FFr 1  1D           	.byte	29
003100r 1  rr           	.byte	TOK_PUSH
003101r 1  rr           	.byte	TOK_CALL
003102r 1  rr rr        	.word	fb_lbl_PRINTBYTE
003104r 1  rr           	.byte	TOK_BYTE
003105r 1  1E           	.byte	30
003106r 1  rr           	.byte	TOK_PUSH
003107r 1  rr           	.byte	TOK_CALL
003108r 1  rr rr        	.word	fb_lbl_PRINTBYTE
00310Ar 1               @FastBasic_LINE_1350:	; LINE 1350
00310Ar 1  rr           	.byte	TOK_VAR_LOAD
00310Br 1  rr           	makevar	"XXX"
00310Cr 1  rr           	.byte	TOK_PUSH_1
00310Dr 1  rr           	.byte	TOK_ADD_VAR
00310Er 1  rr           	makevar	"YYY"
00310Fr 1  rr           	.byte	TOK_PUSH
003110r 1  rr           	.byte	TOK_CALL
003111r 1  rr rr        	.word	fb_lbl_POS
003113r 1  rr           	.byte	TOK_BYTE
003114r 1  3E           	.byte	62
003115r 1  rr           	.byte	TOK_PUSH
003116r 1  rr           	.byte	TOK_CALL
003117r 1  rr rr        	.word	fb_lbl_PRINTBYTE
003119r 1  rr           	.byte	TOK_BYTE
00311Ar 1  CA           	.byte	202
00311Br 1  rr           	.byte	TOK_PUSH
00311Cr 1  rr           	.byte	TOK_CALL
00311Dr 1  rr rr        	.word	fb_lbl_PRINTBYTE
00311Fr 1  rr           	.byte	TOK_BYTE
003120r 1  40           	.byte	64
003121r 1  rr           	.byte	TOK_PUSH
003122r 1  rr           	.byte	TOK_CALL
003123r 1  rr rr        	.word	fb_lbl_PRINTBYTE
003125r 1               @FastBasic_LINE_1351:	; LINE 1351
003125r 1  rr           	.byte	TOK_VAR_LOAD
003126r 1  rr           	makevar	"XXX"
003127r 1  rr           	.byte	TOK_PUSH_BYTE
003128r 1  02           	.byte	2
003129r 1  rr           	.byte	TOK_ADD_VAR
00312Ar 1  rr           	makevar	"YYY"
00312Br 1  rr           	.byte	TOK_PUSH
00312Cr 1  rr           	.byte	TOK_CALL
00312Dr 1  rr rr        	.word	fb_lbl_POS
00312Fr 1  rr           	.byte	TOK_BYTE
003130r 1  3E           	.byte	62
003131r 1  rr           	.byte	TOK_PUSH
003132r 1  rr           	.byte	TOK_CALL
003133r 1  rr rr        	.word	fb_lbl_PRINTBYTE
003135r 1  rr           	.byte	TOK_BYTE
003136r 1  CB           	.byte	203
003137r 1  rr           	.byte	TOK_PUSH
003138r 1  rr           	.byte	TOK_CALL
003139r 1  rr rr        	.word	fb_lbl_PRINTBYTE
00313Br 1  rr           	.byte	TOK_BYTE
00313Cr 1  40           	.byte	64
00313Dr 1  rr           	.byte	TOK_PUSH
00313Er 1  rr           	.byte	TOK_CALL
00313Fr 1  rr rr        	.word	fb_lbl_PRINTBYTE
003141r 1               @FastBasic_LINE_1352:	; LINE 1352
003141r 1  rr           	.byte	TOK_VAR_LOAD
003142r 1  rr           	makevar	"XXX"
003143r 1  rr           	.byte	TOK_PUSH_BYTE
003144r 1  03           	.byte	3
003145r 1  rr           	.byte	TOK_ADD_VAR
003146r 1  rr           	makevar	"YYY"
003147r 1  rr           	.byte	TOK_PUSH
003148r 1  rr           	.byte	TOK_CALL
003149r 1  rr rr        	.word	fb_lbl_POS
00314Br 1  rr           	.byte	TOK_BYTE
00314Cr 1  72           	.byte	114
00314Dr 1  rr           	.byte	TOK_PUSH
00314Er 1  rr           	.byte	TOK_CALL
00314Fr 1  rr rr        	.word	fb_lbl_PRINTBYTE
003151r 1  rr           	.byte	TOK_BYTE
003152r 1  73           	.byte	115
003153r 1  rr           	.byte	TOK_PUSH
003154r 1  rr           	.byte	TOK_CALL
003155r 1  rr rr        	.word	fb_lbl_PRINTBYTE
003157r 1  rr           	.byte	TOK_BYTE
003158r 1  7B           	.byte	123
003159r 1  rr           	.byte	TOK_PUSH
00315Ar 1  rr           	.byte	TOK_JUMP
00315Br 1  rr rr        	.word	fb_lbl_PRINTBYTE
00315Dr 1               @FastBasic_LINE_1353:	; LINE 1353
00315Dr 1               jump_lbl_369:
00315Dr 1  rr           	.byte	TOK_VAR_LOAD
00315Er 1  rr           	makevar	"CARD"
00315Fr 1  rr           	.byte	TOK_PUSH_BYTE
003160r 1  07           	.byte	7
003161r 1  rr           	.byte	TOK_EQ
003162r 1  rr           	.byte	TOK_CJUMP
003163r 1  rr rr        	.word	jump_lbl_371
003165r 1               @FastBasic_LINE_1354:	; LINE 1354
003165r 1  rr           	.byte	TOK_VAR_LOAD
003166r 1  rr           	makevar	"XXX"
003167r 1  rr           	.byte	TOK_PUSH_VAR_LOAD
003168r 1  rr           	makevar	"YYY"
003169r 1  rr           	.byte	TOK_PUSH
00316Ar 1  rr           	.byte	TOK_CALL
00316Br 1  rr rr        	.word	fb_lbl_POS
00316Dr 1  rr           	.byte	TOK_BYTE
00316Er 1  CC           	.byte	204
00316Fr 1  rr           	.byte	TOK_PUSH
003170r 1  rr           	.byte	TOK_CALL
003171r 1  rr rr        	.word	fb_lbl_PRINTBYTE
003173r 1  rr           	.byte	TOK_BYTE
003174r 1  CD           	.byte	205
003175r 1  rr           	.byte	TOK_PUSH
003176r 1  rr           	.byte	TOK_CALL
003177r 1  rr rr        	.word	fb_lbl_PRINTBYTE
003179r 1  rr           	.byte	TOK_BYTE
00317Ar 1  CE           	.byte	206
00317Br 1  rr           	.byte	TOK_PUSH
00317Cr 1  rr           	.byte	TOK_CALL
00317Dr 1  rr rr        	.word	fb_lbl_PRINTBYTE
00317Fr 1               @FastBasic_LINE_1355:	; LINE 1355
00317Fr 1  rr           	.byte	TOK_VAR_LOAD
003180r 1  rr           	makevar	"XXX"
003181r 1  rr           	.byte	TOK_PUSH_1
003182r 1  rr           	.byte	TOK_ADD_VAR
003183r 1  rr           	makevar	"YYY"
003184r 1  rr           	.byte	TOK_PUSH
003185r 1  rr           	.byte	TOK_CALL
003186r 1  rr rr        	.word	fb_lbl_POS
003188r 1  rr           	.byte	TOK_BYTE
003189r 1  CF           	.byte	207
00318Ar 1  rr           	.byte	TOK_PUSH
00318Br 1  rr           	.byte	TOK_CALL
00318Cr 1  rr rr        	.word	fb_lbl_PRINTBYTE
00318Er 1  rr           	.byte	TOK_BYTE
00318Fr 1  D0           	.byte	208
003190r 1  rr           	.byte	TOK_PUSH
003191r 1  rr           	.byte	TOK_CALL
003192r 1  rr rr        	.word	fb_lbl_PRINTBYTE
003194r 1  rr           	.byte	TOK_BYTE
003195r 1  D1           	.byte	209
003196r 1  rr           	.byte	TOK_PUSH
003197r 1  rr           	.byte	TOK_CALL
003198r 1  rr rr        	.word	fb_lbl_PRINTBYTE
00319Ar 1               @FastBasic_LINE_1356:	; LINE 1356
00319Ar 1  rr           	.byte	TOK_VAR_LOAD
00319Br 1  rr           	makevar	"XXX"
00319Cr 1  rr           	.byte	TOK_PUSH_BYTE
00319Dr 1  02           	.byte	2
00319Er 1  rr           	.byte	TOK_ADD_VAR
00319Fr 1  rr           	makevar	"YYY"
0031A0r 1  rr           	.byte	TOK_PUSH
0031A1r 1  rr           	.byte	TOK_CALL
0031A2r 1  rr rr        	.word	fb_lbl_POS
0031A4r 1  rr           	.byte	TOK_BYTE
0031A5r 1  D2           	.byte	210
0031A6r 1  rr           	.byte	TOK_PUSH
0031A7r 1  rr           	.byte	TOK_CALL
0031A8r 1  rr rr        	.word	fb_lbl_PRINTBYTE
0031AAr 1  rr           	.byte	TOK_BYTE
0031ABr 1  D3           	.byte	211
0031ACr 1  rr           	.byte	TOK_PUSH
0031ADr 1  rr           	.byte	TOK_CALL
0031AEr 1  rr rr        	.word	fb_lbl_PRINTBYTE
0031B0r 1  rr           	.byte	TOK_BYTE
0031B1r 1  D4           	.byte	212
0031B2r 1  rr           	.byte	TOK_PUSH
0031B3r 1  rr           	.byte	TOK_CALL
0031B4r 1  rr rr        	.word	fb_lbl_PRINTBYTE
0031B6r 1               @FastBasic_LINE_1357:	; LINE 1357
0031B6r 1  rr           	.byte	TOK_VAR_LOAD
0031B7r 1  rr           	makevar	"XXX"
0031B8r 1  rr           	.byte	TOK_PUSH_BYTE
0031B9r 1  03           	.byte	3
0031BAr 1  rr           	.byte	TOK_ADD_VAR
0031BBr 1  rr           	makevar	"YYY"
0031BCr 1  rr           	.byte	TOK_PUSH
0031BDr 1  rr           	.byte	TOK_CALL
0031BEr 1  rr rr        	.word	fb_lbl_POS
0031C0r 1  rr           	.byte	TOK_BYTE
0031C1r 1  72           	.byte	114
0031C2r 1  rr           	.byte	TOK_PUSH
0031C3r 1  rr           	.byte	TOK_CALL
0031C4r 1  rr rr        	.word	fb_lbl_PRINTBYTE
0031C6r 1  rr           	.byte	TOK_BYTE
0031C7r 1  73           	.byte	115
0031C8r 1  rr           	.byte	TOK_PUSH
0031C9r 1  rr           	.byte	TOK_CALL
0031CAr 1  rr rr        	.word	fb_lbl_PRINTBYTE
0031CCr 1  rr           	.byte	TOK_BYTE
0031CDr 1  7B           	.byte	123
0031CEr 1  rr           	.byte	TOK_PUSH
0031CFr 1  rr           	.byte	TOK_JUMP
0031D0r 1  rr rr        	.word	fb_lbl_PRINTBYTE
0031D2r 1               @FastBasic_LINE_1358:	; LINE 1358
0031D2r 1               jump_lbl_371:
0031D2r 1  rr           	.byte	TOK_VAR_LOAD
0031D3r 1  rr           	makevar	"CARD"
0031D4r 1  rr           	.byte	TOK_PUSH_BYTE
0031D5r 1  08           	.byte	8
0031D6r 1  rr           	.byte	TOK_EQ
0031D7r 1  rr           	.byte	TOK_CRET
0031D8r 1               @FastBasic_LINE_1359:	; LINE 1359
0031D8r 1  rr           	.byte	TOK_VAR_LOAD
0031D9r 1  rr           	makevar	"XXX"
0031DAr 1  rr           	.byte	TOK_PUSH_VAR_LOAD
0031DBr 1  rr           	makevar	"YYY"
0031DCr 1  rr           	.byte	TOK_PUSH
0031DDr 1  rr           	.byte	TOK_CALL
0031DEr 1  rr rr        	.word	fb_lbl_POS
0031E0r 1  rr           	.byte	TOK_BYTE
0031E1r 1  61           	.byte	97
0031E2r 1  rr           	.byte	TOK_PUSH
0031E3r 1  rr           	.byte	TOK_CALL
0031E4r 1  rr rr        	.word	fb_lbl_PRINTBYTE
0031E6r 1  rr           	.byte	TOK_BYTE
0031E7r 1  62           	.byte	98
0031E8r 1  rr           	.byte	TOK_PUSH
0031E9r 1  rr           	.byte	TOK_CALL
0031EAr 1  rr rr        	.word	fb_lbl_PRINTBYTE
0031ECr 1  rr           	.byte	TOK_BYTE
0031EDr 1  63           	.byte	99
0031EEr 1  rr           	.byte	TOK_PUSH
0031EFr 1  rr           	.byte	TOK_CALL
0031F0r 1  rr rr        	.word	fb_lbl_PRINTBYTE
0031F2r 1               @FastBasic_LINE_1360:	; LINE 1360
0031F2r 1  rr           	.byte	TOK_VAR_LOAD
0031F3r 1  rr           	makevar	"XXX"
0031F4r 1  rr           	.byte	TOK_PUSH_1
0031F5r 1  rr           	.byte	TOK_ADD_VAR
0031F6r 1  rr           	makevar	"YYY"
0031F7r 1  rr           	.byte	TOK_PUSH
0031F8r 1  rr           	.byte	TOK_CALL
0031F9r 1  rr rr        	.word	fb_lbl_POS
0031FBr 1  rr           	.byte	TOK_BYTE
0031FCr 1  64           	.byte	100
0031FDr 1  rr           	.byte	TOK_PUSH
0031FEr 1  rr           	.byte	TOK_CALL
0031FFr 1  rr rr        	.word	fb_lbl_PRINTBYTE
003201r 1  rr           	.byte	TOK_BYTE
003202r 1  65           	.byte	101
003203r 1  rr           	.byte	TOK_PUSH
003204r 1  rr           	.byte	TOK_CALL
003205r 1  rr rr        	.word	fb_lbl_PRINTBYTE
003207r 1  rr           	.byte	TOK_BYTE
003208r 1  66           	.byte	102
003209r 1  rr           	.byte	TOK_PUSH
00320Ar 1  rr           	.byte	TOK_CALL
00320Br 1  rr rr        	.word	fb_lbl_PRINTBYTE
00320Dr 1               @FastBasic_LINE_1361:	; LINE 1361
00320Dr 1  rr           	.byte	TOK_VAR_LOAD
00320Er 1  rr           	makevar	"XXX"
00320Fr 1  rr           	.byte	TOK_PUSH_BYTE
003210r 1  02           	.byte	2
003211r 1  rr           	.byte	TOK_ADD_VAR
003212r 1  rr           	makevar	"YYY"
003213r 1  rr           	.byte	TOK_PUSH
003214r 1  rr           	.byte	TOK_CALL
003215r 1  rr rr        	.word	fb_lbl_POS
003217r 1  rr           	.byte	TOK_BYTE
003218r 1  67           	.byte	103
003219r 1  rr           	.byte	TOK_PUSH
00321Ar 1  rr           	.byte	TOK_CALL
00321Br 1  rr rr        	.word	fb_lbl_PRINTBYTE
00321Dr 1  rr           	.byte	TOK_BYTE
00321Er 1  68           	.byte	104
00321Fr 1  rr           	.byte	TOK_PUSH
003220r 1  rr           	.byte	TOK_CALL
003221r 1  rr rr        	.word	fb_lbl_PRINTBYTE
003223r 1  rr           	.byte	TOK_BYTE
003224r 1  69           	.byte	105
003225r 1  rr           	.byte	TOK_PUSH
003226r 1  rr           	.byte	TOK_CALL
003227r 1  rr rr        	.word	fb_lbl_PRINTBYTE
003229r 1               @FastBasic_LINE_1362:	; LINE 1362
003229r 1  rr           	.byte	TOK_VAR_LOAD
00322Ar 1  rr           	makevar	"XXX"
00322Br 1  rr           	.byte	TOK_PUSH_BYTE
00322Cr 1  03           	.byte	3
00322Dr 1  rr           	.byte	TOK_ADD_VAR
00322Er 1  rr           	makevar	"YYY"
00322Fr 1  rr           	.byte	TOK_PUSH
003230r 1  rr           	.byte	TOK_CALL
003231r 1  rr rr        	.word	fb_lbl_POS
003233r 1  rr           	.byte	TOK_BYTE
003234r 1  72           	.byte	114
003235r 1  rr           	.byte	TOK_PUSH
003236r 1  rr           	.byte	TOK_CALL
003237r 1  rr rr        	.word	fb_lbl_PRINTBYTE
003239r 1  rr           	.byte	TOK_BYTE
00323Ar 1  73           	.byte	115
00323Br 1  rr           	.byte	TOK_PUSH
00323Cr 1  rr           	.byte	TOK_CALL
00323Dr 1  rr rr        	.word	fb_lbl_PRINTBYTE
00323Fr 1  rr           	.byte	TOK_BYTE
003240r 1  7B           	.byte	123
003241r 1  rr           	.byte	TOK_PUSH
003242r 1  rr           	.byte	TOK_JUMP
003243r 1  rr rr        	.word	fb_lbl_PRINTBYTE
003245r 1               @FastBasic_LINE_1366:	; LINE 1366
003245r 1               	.segment "BYTECODE"
003245r 1               	.export	fb_lbl_DRAWPLAYERSCORE
003245r 1               fb_lbl_DRAWPLAYERSCORE:
003245r 1  rr           	.byte	TOK_POP
003246r 1  rr           	.byte	TOK_VAR_STORE
003247r 1  rr           	makevar	"_WHITETOKENS"
003248r 1  rr           	.byte	TOK_POP
003249r 1  rr           	.byte	TOK_VAR_STORE
00324Ar 1  rr           	makevar	"_BLACKTOKENS"
00324Br 1  rr           	.byte	TOK_POP
00324Cr 1  rr           	.byte	TOK_VAR_STORE
00324Dr 1  rr           	makevar	"_ROW"
00324Er 1  rr           	.byte	TOK_POP
00324Fr 1  rr           	.byte	TOK_VAR_STORE
003250r 1  rr           	makevar	"_COL"
003251r 1               @FastBasic_LINE_1367:	; LINE 1367
003251r 1  rr           	.byte	TOK_VAR_LOAD
003252r 1  rr           	makevar	"_COL"
003253r 1  rr           	.byte	TOK_VAR_STORE
003254r 1  rr           	makevar	"XX"
003255r 1  rr           	.byte	TOK_VAR_LOAD
003256r 1  rr           	makevar	"_ROW"
003257r 1  rr           	.byte	TOK_VAR_STORE
003258r 1  rr           	makevar	"YY"
003259r 1  rr           	.byte	TOK_VAR_LOAD
00325Ar 1  rr           	makevar	"_BLACKTOKENS"
00325Br 1  rr           	.byte	TOK_VAR_STORE
00325Cr 1  rr           	makevar	"BT"
00325Dr 1  rr           	.byte	TOK_VAR_LOAD
00325Er 1  rr           	makevar	"_WHITETOKENS"
00325Fr 1  rr           	.byte	TOK_VAR_STORE
003260r 1  rr           	makevar	"WT"
003261r 1               @FastBasic_LINE_1368:	; LINE 1368
003261r 1  rr           	.byte	TOK_VAR_LOAD
003262r 1  rr           	makevar	"BT"
003263r 1  rr           	.byte	TOK_COMP_0
003264r 1  rr           	.byte	TOK_CNJUMP
003265r 1  rr rr        	.word	jump_lbl_376
003267r 1               @FastBasic_LINE_1369:	; LINE 1369
003267r 1  rr           	.byte	TOK_VAR_LOAD
003268r 1  rr           	makevar	"XX"
003269r 1  rr           	.byte	TOK_PUSH_VAR_LOAD
00326Ar 1  rr           	makevar	"YY"
00326Br 1  rr           	.byte	TOK_PUSH
00326Cr 1  rr           	.byte	TOK_CALL
00326Dr 1  rr rr        	.word	fb_lbl_POS
00326Fr 1  rr           	.byte	TOK_1
003270r 1  rr           	.byte	TOK_PUSH
003271r 1  rr           	.byte	TOK_CALL
003272r 1  rr rr        	.word	fb_lbl_PRINTBYTE
003274r 1  rr           	.byte	TOK_BYTE
003275r 1  02           	.byte	2
003276r 1  rr           	.byte	TOK_PUSH
003277r 1  rr           	.byte	TOK_CALL
003278r 1  rr rr        	.word	fb_lbl_PRINTBYTE
00327Ar 1  rr           	.byte	TOK_BYTE
00327Br 1  02           	.byte	2
00327Cr 1  rr           	.byte	TOK_PUSH
00327Dr 1  rr           	.byte	TOK_CALL
00327Er 1  rr rr        	.word	fb_lbl_PRINTBYTE
003280r 1  rr           	.byte	TOK_BYTE
003281r 1  03           	.byte	3
003282r 1  rr           	.byte	TOK_PUSH
003283r 1  rr           	.byte	TOK_CALL
003284r 1  rr rr        	.word	fb_lbl_PRINTBYTE
003286r 1               @FastBasic_LINE_1370:	; LINE 1370
003286r 1  rr           	.byte	TOK_JUMP
003287r 1  rr rr        	.word	jump_lbl_377
003289r 1               jump_lbl_376:
003289r 1  rr           	.byte	TOK_VAR_LOAD
00328Ar 1  rr           	makevar	"BT"
00328Br 1  rr           	.byte	TOK_PUSH_1
00328Cr 1  rr           	.byte	TOK_EQ
00328Dr 1  rr           	.byte	TOK_CJUMP
00328Er 1  rr rr        	.word	jump_lbl_378
003290r 1               @FastBasic_LINE_1371:	; LINE 1371
003290r 1  rr           	.byte	TOK_VAR_LOAD
003291r 1  rr           	makevar	"XX"
003292r 1  rr           	.byte	TOK_PUSH_VAR_LOAD
003293r 1  rr           	makevar	"YY"
003294r 1  rr           	.byte	TOK_PUSH
003295r 1  rr           	.byte	TOK_CALL
003296r 1  rr rr        	.word	fb_lbl_POS
003298r 1  rr           	.byte	TOK_BYTE
003299r 1  04           	.byte	4
00329Ar 1  rr           	.byte	TOK_PUSH
00329Br 1  rr           	.byte	TOK_CALL
00329Cr 1  rr rr        	.word	fb_lbl_PRINTBYTE
00329Er 1  rr           	.byte	TOK_BYTE
00329Fr 1  02           	.byte	2
0032A0r 1  rr           	.byte	TOK_PUSH
0032A1r 1  rr           	.byte	TOK_CALL
0032A2r 1  rr rr        	.word	fb_lbl_PRINTBYTE
0032A4r 1  rr           	.byte	TOK_BYTE
0032A5r 1  02           	.byte	2
0032A6r 1  rr           	.byte	TOK_PUSH
0032A7r 1  rr           	.byte	TOK_CALL
0032A8r 1  rr rr        	.word	fb_lbl_PRINTBYTE
0032AAr 1  rr           	.byte	TOK_BYTE
0032ABr 1  03           	.byte	3
0032ACr 1  rr           	.byte	TOK_PUSH
0032ADr 1  rr           	.byte	TOK_CALL
0032AEr 1  rr rr        	.word	fb_lbl_PRINTBYTE
0032B0r 1               @FastBasic_LINE_1372:	; LINE 1372
0032B0r 1  rr           	.byte	TOK_JUMP
0032B1r 1  rr rr        	.word	jump_lbl_377
0032B3r 1               jump_lbl_378:
0032B3r 1  rr           	.byte	TOK_VAR_LOAD
0032B4r 1  rr           	makevar	"BT"
0032B5r 1  rr           	.byte	TOK_PUSH_BYTE
0032B6r 1  02           	.byte	2
0032B7r 1  rr           	.byte	TOK_EQ
0032B8r 1  rr           	.byte	TOK_CJUMP
0032B9r 1  rr rr        	.word	jump_lbl_380
0032BBr 1               @FastBasic_LINE_1373:	; LINE 1373
0032BBr 1  rr           	.byte	TOK_VAR_LOAD
0032BCr 1  rr           	makevar	"XX"
0032BDr 1  rr           	.byte	TOK_PUSH_VAR_LOAD
0032BEr 1  rr           	makevar	"YY"
0032BFr 1  rr           	.byte	TOK_PUSH
0032C0r 1  rr           	.byte	TOK_CALL
0032C1r 1  rr rr        	.word	fb_lbl_POS
0032C3r 1  rr           	.byte	TOK_BYTE
0032C4r 1  05           	.byte	5
0032C5r 1  rr           	.byte	TOK_PUSH
0032C6r 1  rr           	.byte	TOK_CALL
0032C7r 1  rr rr        	.word	fb_lbl_PRINTBYTE
0032C9r 1  rr           	.byte	TOK_BYTE
0032CAr 1  02           	.byte	2
0032CBr 1  rr           	.byte	TOK_PUSH
0032CCr 1  rr           	.byte	TOK_CALL
0032CDr 1  rr rr        	.word	fb_lbl_PRINTBYTE
0032CFr 1  rr           	.byte	TOK_BYTE
0032D0r 1  02           	.byte	2
0032D1r 1  rr           	.byte	TOK_PUSH
0032D2r 1  rr           	.byte	TOK_CALL
0032D3r 1  rr rr        	.word	fb_lbl_PRINTBYTE
0032D5r 1  rr           	.byte	TOK_BYTE
0032D6r 1  03           	.byte	3
0032D7r 1  rr           	.byte	TOK_PUSH
0032D8r 1  rr           	.byte	TOK_CALL
0032D9r 1  rr rr        	.word	fb_lbl_PRINTBYTE
0032DBr 1               @FastBasic_LINE_1374:	; LINE 1374
0032DBr 1  rr           	.byte	TOK_JUMP
0032DCr 1  rr rr        	.word	jump_lbl_377
0032DEr 1               jump_lbl_380:
0032DEr 1  rr           	.byte	TOK_VAR_LOAD
0032DFr 1  rr           	makevar	"BT"
0032E0r 1  rr           	.byte	TOK_PUSH_BYTE
0032E1r 1  02           	.byte	2
0032E2r 1  rr           	.byte	TOK_GT
0032E3r 1  rr           	.byte	TOK_CJUMP
0032E4r 1  rr rr        	.word	jump_lbl_377
0032E6r 1               @FastBasic_LINE_1375:	; LINE 1375
0032E6r 1  rr           	.byte	TOK_VAR_LOAD
0032E7r 1  rr           	makevar	"XX"
0032E8r 1  rr           	.byte	TOK_PUSH_VAR_LOAD
0032E9r 1  rr           	makevar	"YY"
0032EAr 1  rr           	.byte	TOK_PUSH
0032EBr 1  rr           	.byte	TOK_CALL
0032ECr 1  rr rr        	.word	fb_lbl_POS
0032EEr 1  rr           	.byte	TOK_BYTE
0032EFr 1  06           	.byte	6
0032F0r 1  rr           	.byte	TOK_PUSH
0032F1r 1  rr           	.byte	TOK_CALL
0032F2r 1  rr rr        	.word	fb_lbl_PRINTBYTE
0032F4r 1  rr           	.byte	TOK_BYTE
0032F5r 1  02           	.byte	2
0032F6r 1  rr           	.byte	TOK_PUSH
0032F7r 1  rr           	.byte	TOK_CALL
0032F8r 1  rr rr        	.word	fb_lbl_PRINTBYTE
0032FAr 1  rr           	.byte	TOK_BYTE
0032FBr 1  02           	.byte	2
0032FCr 1  rr           	.byte	TOK_PUSH
0032FDr 1  rr           	.byte	TOK_CALL
0032FEr 1  rr rr        	.word	fb_lbl_PRINTBYTE
003300r 1  rr           	.byte	TOK_BYTE
003301r 1  03           	.byte	3
003302r 1  rr           	.byte	TOK_PUSH
003303r 1  rr           	.byte	TOK_CALL
003304r 1  rr rr        	.word	fb_lbl_PRINTBYTE
003306r 1               @FastBasic_LINE_1376:	; LINE 1376
003306r 1               jump_lbl_377:
003306r 1               @FastBasic_LINE_1378:	; LINE 1378
003306r 1  rr           	.byte	TOK_VAR_LOAD
003307r 1  rr           	makevar	"BT"
003308r 1  rr           	.byte	TOK_PUSH_BYTE
003309r 1  03           	.byte	3
00330Ar 1  rr           	.byte	TOK_GT
00330Br 1  rr           	.byte	TOK_CJUMP
00330Cr 1  rr rr        	.word	jump_lbl_383
00330Er 1  rr           	.byte	TOK_BYTE
00330Fr 1  0B           	.byte	11
003310r 1  rr           	.byte	TOK_VAR_STORE
003311r 1  rr           	makevar	"WT"
003312r 1               jump_lbl_383:
003312r 1               @FastBasic_LINE_1380:	; LINE 1380
003312r 1  rr           	.byte	TOK_VAR_LOAD
003313r 1  rr           	makevar	"WT"
003314r 1  rr           	.byte	TOK_COMP_0
003315r 1  rr           	.byte	TOK_CNJUMP
003316r 1  rr rr        	.word	jump_lbl_384
003318r 1               @FastBasic_LINE_1381:	; LINE 1381
003318r 1  rr           	.byte	TOK_1
003319r 1  rr           	.byte	TOK_ADD_VAR
00331Ar 1  rr           	makevar	"XX"
00331Br 1  rr           	.byte	TOK_PUSH_VAR_LOAD
00331Cr 1  rr           	makevar	"YY"
00331Dr 1  rr           	.byte	TOK_PUSH
00331Er 1  rr           	.byte	TOK_CALL
00331Fr 1  rr rr        	.word	fb_lbl_POS
003321r 1  rr           	.byte	TOK_BYTE
003322r 1  02           	.byte	2
003323r 1  rr           	.byte	TOK_PUSH
003324r 1  rr           	.byte	TOK_CALL
003325r 1  rr rr        	.word	fb_lbl_PRINTBYTE
003327r 1  rr           	.byte	TOK_BYTE
003328r 1  02           	.byte	2
003329r 1  rr           	.byte	TOK_PUSH
00332Ar 1  rr           	.byte	TOK_CALL
00332Br 1  rr rr        	.word	fb_lbl_PRINTBYTE
00332Dr 1  rr           	.byte	TOK_BYTE
00332Er 1  03           	.byte	3
00332Fr 1  rr           	.byte	TOK_PUSH
003330r 1  rr           	.byte	TOK_JUMP
003331r 1  rr rr        	.word	fb_lbl_PRINTBYTE
003333r 1               @FastBasic_LINE_1382:	; LINE 1382
003333r 1               jump_lbl_384:
003333r 1  rr           	.byte	TOK_VAR_LOAD
003334r 1  rr           	makevar	"WT"
003335r 1  rr           	.byte	TOK_PUSH_1
003336r 1  rr           	.byte	TOK_EQ
003337r 1  rr           	.byte	TOK_CJUMP
003338r 1  rr rr        	.word	jump_lbl_386
00333Ar 1               @FastBasic_LINE_1383:	; LINE 1383
00333Ar 1  rr           	.byte	TOK_1
00333Br 1  rr           	.byte	TOK_ADD_VAR
00333Cr 1  rr           	makevar	"XX"
00333Dr 1  rr           	.byte	TOK_PUSH_VAR_LOAD
00333Er 1  rr           	makevar	"YY"
00333Fr 1  rr           	.byte	TOK_PUSH
003340r 1  rr           	.byte	TOK_CALL
003341r 1  rr rr        	.word	fb_lbl_POS
003343r 1  rr           	.byte	TOK_BYTE
003344r 1  02           	.byte	2
003345r 1  rr           	.byte	TOK_PUSH
003346r 1  rr           	.byte	TOK_CALL
003347r 1  rr rr        	.word	fb_lbl_PRINTBYTE
003349r 1  rr           	.byte	TOK_BYTE
00334Ar 1  02           	.byte	2
00334Br 1  rr           	.byte	TOK_PUSH
00334Cr 1  rr           	.byte	TOK_CALL
00334Dr 1  rr rr        	.word	fb_lbl_PRINTBYTE
00334Fr 1  rr           	.byte	TOK_BYTE
003350r 1  0B           	.byte	11
003351r 1  rr           	.byte	TOK_PUSH
003352r 1  rr           	.byte	TOK_JUMP
003353r 1  rr rr        	.word	fb_lbl_PRINTBYTE
003355r 1               @FastBasic_LINE_1384:	; LINE 1384
003355r 1               jump_lbl_386:
003355r 1  rr           	.byte	TOK_VAR_LOAD
003356r 1  rr           	makevar	"WT"
003357r 1  rr           	.byte	TOK_PUSH_BYTE
003358r 1  02           	.byte	2
003359r 1  rr           	.byte	TOK_EQ
00335Ar 1  rr           	.byte	TOK_CJUMP
00335Br 1  rr rr        	.word	jump_lbl_388
00335Dr 1               @FastBasic_LINE_1385:	; LINE 1385
00335Dr 1  rr           	.byte	TOK_1
00335Er 1  rr           	.byte	TOK_ADD_VAR
00335Fr 1  rr           	makevar	"XX"
003360r 1  rr           	.byte	TOK_PUSH_VAR_LOAD
003361r 1  rr           	makevar	"YY"
003362r 1  rr           	.byte	TOK_PUSH
003363r 1  rr           	.byte	TOK_CALL
003364r 1  rr rr        	.word	fb_lbl_POS
003366r 1  rr           	.byte	TOK_BYTE
003367r 1  02           	.byte	2
003368r 1  rr           	.byte	TOK_PUSH
003369r 1  rr           	.byte	TOK_CALL
00336Ar 1  rr rr        	.word	fb_lbl_PRINTBYTE
00336Cr 1  rr           	.byte	TOK_BYTE
00336Dr 1  07           	.byte	7
00336Er 1  rr           	.byte	TOK_PUSH
00336Fr 1  rr           	.byte	TOK_CALL
003370r 1  rr rr        	.word	fb_lbl_PRINTBYTE
003372r 1  rr           	.byte	TOK_BYTE
003373r 1  0B           	.byte	11
003374r 1  rr           	.byte	TOK_PUSH
003375r 1  rr           	.byte	TOK_JUMP
003376r 1  rr rr        	.word	fb_lbl_PRINTBYTE
003378r 1               @FastBasic_LINE_1386:	; LINE 1386
003378r 1               jump_lbl_388:
003378r 1  rr           	.byte	TOK_VAR_LOAD
003379r 1  rr           	makevar	"WT"
00337Ar 1  rr           	.byte	TOK_PUSH_BYTE
00337Br 1  03           	.byte	3
00337Cr 1  rr           	.byte	TOK_EQ
00337Dr 1  rr           	.byte	TOK_CJUMP
00337Er 1  rr rr        	.word	jump_lbl_390
003380r 1               @FastBasic_LINE_1387:	; LINE 1387
003380r 1  rr           	.byte	TOK_1
003381r 1  rr           	.byte	TOK_ADD_VAR
003382r 1  rr           	makevar	"XX"
003383r 1  rr           	.byte	TOK_PUSH_VAR_LOAD
003384r 1  rr           	makevar	"YY"
003385r 1  rr           	.byte	TOK_PUSH
003386r 1  rr           	.byte	TOK_CALL
003387r 1  rr rr        	.word	fb_lbl_POS
003389r 1  rr           	.byte	TOK_BYTE
00338Ar 1  07           	.byte	7
00338Br 1  rr           	.byte	TOK_PUSH
00338Cr 1  rr           	.byte	TOK_CALL
00338Dr 1  rr rr        	.word	fb_lbl_PRINTBYTE
00338Fr 1  rr           	.byte	TOK_BYTE
003390r 1  07           	.byte	7
003391r 1  rr           	.byte	TOK_PUSH
003392r 1  rr           	.byte	TOK_CALL
003393r 1  rr rr        	.word	fb_lbl_PRINTBYTE
003395r 1  rr           	.byte	TOK_BYTE
003396r 1  0B           	.byte	11
003397r 1  rr           	.byte	TOK_PUSH
003398r 1  rr           	.byte	TOK_JUMP
003399r 1  rr rr        	.word	fb_lbl_PRINTBYTE
00339Br 1               @FastBasic_LINE_1388:	; LINE 1388
00339Br 1               jump_lbl_390:
00339Br 1  rr           	.byte	TOK_VAR_LOAD
00339Cr 1  rr           	makevar	"WT"
00339Dr 1  rr           	.byte	TOK_PUSH_BYTE
00339Er 1  04           	.byte	4
00339Fr 1  rr           	.byte	TOK_EQ
0033A0r 1  rr           	.byte	TOK_CJUMP
0033A1r 1  rr rr        	.word	jump_lbl_392
0033A3r 1               @FastBasic_LINE_1389:	; LINE 1389
0033A3r 1  rr           	.byte	TOK_1
0033A4r 1  rr           	.byte	TOK_ADD_VAR
0033A5r 1  rr           	makevar	"XX"
0033A6r 1  rr           	.byte	TOK_PUSH_VAR_LOAD
0033A7r 1  rr           	makevar	"YY"
0033A8r 1  rr           	.byte	TOK_PUSH
0033A9r 1  rr           	.byte	TOK_CALL
0033AAr 1  rr rr        	.word	fb_lbl_POS
0033ACr 1  rr           	.byte	TOK_BYTE
0033ADr 1  07           	.byte	7
0033AEr 1  rr           	.byte	TOK_PUSH
0033AFr 1  rr           	.byte	TOK_CALL
0033B0r 1  rr rr        	.word	fb_lbl_PRINTBYTE
0033B2r 1  rr           	.byte	TOK_BYTE
0033B3r 1  08           	.byte	8
0033B4r 1  rr           	.byte	TOK_PUSH
0033B5r 1  rr           	.byte	TOK_CALL
0033B6r 1  rr rr        	.word	fb_lbl_PRINTBYTE
0033B8r 1  rr           	.byte	TOK_BYTE
0033B9r 1  0B           	.byte	11
0033BAr 1  rr           	.byte	TOK_PUSH
0033BBr 1  rr           	.byte	TOK_JUMP
0033BCr 1  rr rr        	.word	fb_lbl_PRINTBYTE
0033BEr 1               @FastBasic_LINE_1390:	; LINE 1390
0033BEr 1               jump_lbl_392:
0033BEr 1  rr           	.byte	TOK_VAR_LOAD
0033BFr 1  rr           	makevar	"WT"
0033C0r 1  rr           	.byte	TOK_PUSH_BYTE
0033C1r 1  05           	.byte	5
0033C2r 1  rr           	.byte	TOK_EQ
0033C3r 1  rr           	.byte	TOK_CJUMP
0033C4r 1  rr rr        	.word	jump_lbl_394
0033C6r 1               @FastBasic_LINE_1391:	; LINE 1391
0033C6r 1  rr           	.byte	TOK_1
0033C7r 1  rr           	.byte	TOK_ADD_VAR
0033C8r 1  rr           	makevar	"XX"
0033C9r 1  rr           	.byte	TOK_PUSH_VAR_LOAD
0033CAr 1  rr           	makevar	"YY"
0033CBr 1  rr           	.byte	TOK_PUSH
0033CCr 1  rr           	.byte	TOK_CALL
0033CDr 1  rr rr        	.word	fb_lbl_POS
0033CFr 1  rr           	.byte	TOK_BYTE
0033D0r 1  08           	.byte	8
0033D1r 1  rr           	.byte	TOK_PUSH
0033D2r 1  rr           	.byte	TOK_CALL
0033D3r 1  rr rr        	.word	fb_lbl_PRINTBYTE
0033D5r 1  rr           	.byte	TOK_BYTE
0033D6r 1  08           	.byte	8
0033D7r 1  rr           	.byte	TOK_PUSH
0033D8r 1  rr           	.byte	TOK_CALL
0033D9r 1  rr rr        	.word	fb_lbl_PRINTBYTE
0033DBr 1  rr           	.byte	TOK_BYTE
0033DCr 1  0B           	.byte	11
0033DDr 1  rr           	.byte	TOK_PUSH
0033DEr 1  rr           	.byte	TOK_JUMP
0033DFr 1  rr rr        	.word	fb_lbl_PRINTBYTE
0033E1r 1               @FastBasic_LINE_1392:	; LINE 1392
0033E1r 1               jump_lbl_394:
0033E1r 1  rr           	.byte	TOK_VAR_LOAD
0033E2r 1  rr           	makevar	"WT"
0033E3r 1  rr           	.byte	TOK_PUSH_BYTE
0033E4r 1  06           	.byte	6
0033E5r 1  rr           	.byte	TOK_EQ
0033E6r 1  rr           	.byte	TOK_CJUMP
0033E7r 1  rr rr        	.word	jump_lbl_396
0033E9r 1               @FastBasic_LINE_1393:	; LINE 1393
0033E9r 1  rr           	.byte	TOK_1
0033EAr 1  rr           	.byte	TOK_ADD_VAR
0033EBr 1  rr           	makevar	"XX"
0033ECr 1  rr           	.byte	TOK_PUSH_VAR_LOAD
0033EDr 1  rr           	makevar	"YY"
0033EEr 1  rr           	.byte	TOK_PUSH
0033EFr 1  rr           	.byte	TOK_CALL
0033F0r 1  rr rr        	.word	fb_lbl_POS
0033F2r 1  rr           	.byte	TOK_BYTE
0033F3r 1  08           	.byte	8
0033F4r 1  rr           	.byte	TOK_PUSH
0033F5r 1  rr           	.byte	TOK_CALL
0033F6r 1  rr rr        	.word	fb_lbl_PRINTBYTE
0033F8r 1  rr           	.byte	TOK_BYTE
0033F9r 1  08           	.byte	8
0033FAr 1  rr           	.byte	TOK_PUSH
0033FBr 1  rr           	.byte	TOK_CALL
0033FCr 1  rr rr        	.word	fb_lbl_PRINTBYTE
0033FEr 1  rr           	.byte	TOK_BYTE
0033FFr 1  0C           	.byte	12
003400r 1  rr           	.byte	TOK_PUSH
003401r 1  rr           	.byte	TOK_JUMP
003402r 1  rr rr        	.word	fb_lbl_PRINTBYTE
003404r 1               @FastBasic_LINE_1394:	; LINE 1394
003404r 1               jump_lbl_396:
003404r 1  rr           	.byte	TOK_VAR_LOAD
003405r 1  rr           	makevar	"WT"
003406r 1  rr           	.byte	TOK_PUSH_BYTE
003407r 1  07           	.byte	7
003408r 1  rr           	.byte	TOK_EQ
003409r 1  rr           	.byte	TOK_CJUMP
00340Ar 1  rr rr        	.word	jump_lbl_398
00340Cr 1               @FastBasic_LINE_1395:	; LINE 1395
00340Cr 1  rr           	.byte	TOK_1
00340Dr 1  rr           	.byte	TOK_ADD_VAR
00340Er 1  rr           	makevar	"XX"
00340Fr 1  rr           	.byte	TOK_PUSH_VAR_LOAD
003410r 1  rr           	makevar	"YY"
003411r 1  rr           	.byte	TOK_PUSH
003412r 1  rr           	.byte	TOK_CALL
003413r 1  rr rr        	.word	fb_lbl_POS
003415r 1  rr           	.byte	TOK_BYTE
003416r 1  09           	.byte	9
003417r 1  rr           	.byte	TOK_PUSH
003418r 1  rr           	.byte	TOK_CALL
003419r 1  rr rr        	.word	fb_lbl_PRINTBYTE
00341Br 1  rr           	.byte	TOK_BYTE
00341Cr 1  08           	.byte	8
00341Dr 1  rr           	.byte	TOK_PUSH
00341Er 1  rr           	.byte	TOK_CALL
00341Fr 1  rr rr        	.word	fb_lbl_PRINTBYTE
003421r 1  rr           	.byte	TOK_BYTE
003422r 1  0C           	.byte	12
003423r 1  rr           	.byte	TOK_PUSH
003424r 1  rr           	.byte	TOK_JUMP
003425r 1  rr rr        	.word	fb_lbl_PRINTBYTE
003427r 1               @FastBasic_LINE_1396:	; LINE 1396
003427r 1               jump_lbl_398:
003427r 1  rr           	.byte	TOK_VAR_LOAD
003428r 1  rr           	makevar	"WT"
003429r 1  rr           	.byte	TOK_PUSH_BYTE
00342Ar 1  08           	.byte	8
00342Br 1  rr           	.byte	TOK_EQ
00342Cr 1  rr           	.byte	TOK_CJUMP
00342Dr 1  rr rr        	.word	jump_lbl_400
00342Fr 1               @FastBasic_LINE_1397:	; LINE 1397
00342Fr 1  rr           	.byte	TOK_1
003430r 1  rr           	.byte	TOK_ADD_VAR
003431r 1  rr           	makevar	"XX"
003432r 1  rr           	.byte	TOK_PUSH_VAR_LOAD
003433r 1  rr           	makevar	"YY"
003434r 1  rr           	.byte	TOK_PUSH
003435r 1  rr           	.byte	TOK_CALL
003436r 1  rr rr        	.word	fb_lbl_POS
003438r 1  rr           	.byte	TOK_BYTE
003439r 1  09           	.byte	9
00343Ar 1  rr           	.byte	TOK_PUSH
00343Br 1  rr           	.byte	TOK_CALL
00343Cr 1  rr rr        	.word	fb_lbl_PRINTBYTE
00343Er 1  rr           	.byte	TOK_BYTE
00343Fr 1  09           	.byte	9
003440r 1  rr           	.byte	TOK_PUSH
003441r 1  rr           	.byte	TOK_CALL
003442r 1  rr rr        	.word	fb_lbl_PRINTBYTE
003444r 1  rr           	.byte	TOK_BYTE
003445r 1  0C           	.byte	12
003446r 1  rr           	.byte	TOK_PUSH
003447r 1  rr           	.byte	TOK_JUMP
003448r 1  rr rr        	.word	fb_lbl_PRINTBYTE
00344Ar 1               @FastBasic_LINE_1398:	; LINE 1398
00344Ar 1               jump_lbl_400:
00344Ar 1  rr           	.byte	TOK_VAR_LOAD
00344Br 1  rr           	makevar	"WT"
00344Cr 1  rr           	.byte	TOK_PUSH_BYTE
00344Dr 1  09           	.byte	9
00344Er 1  rr           	.byte	TOK_EQ
00344Fr 1  rr           	.byte	TOK_CJUMP
003450r 1  rr rr        	.word	jump_lbl_402
003452r 1               @FastBasic_LINE_1399:	; LINE 1399
003452r 1  rr           	.byte	TOK_1
003453r 1  rr           	.byte	TOK_ADD_VAR
003454r 1  rr           	makevar	"XX"
003455r 1  rr           	.byte	TOK_PUSH_VAR_LOAD
003456r 1  rr           	makevar	"YY"
003457r 1  rr           	.byte	TOK_PUSH
003458r 1  rr           	.byte	TOK_CALL
003459r 1  rr rr        	.word	fb_lbl_POS
00345Br 1  rr           	.byte	TOK_BYTE
00345Cr 1  09           	.byte	9
00345Dr 1  rr           	.byte	TOK_PUSH
00345Er 1  rr           	.byte	TOK_CALL
00345Fr 1  rr rr        	.word	fb_lbl_PRINTBYTE
003461r 1  rr           	.byte	TOK_BYTE
003462r 1  0A           	.byte	10
003463r 1  rr           	.byte	TOK_PUSH
003464r 1  rr           	.byte	TOK_CALL
003465r 1  rr rr        	.word	fb_lbl_PRINTBYTE
003467r 1  rr           	.byte	TOK_BYTE
003468r 1  0C           	.byte	12
003469r 1  rr           	.byte	TOK_PUSH
00346Ar 1  rr           	.byte	TOK_JUMP
00346Br 1  rr rr        	.word	fb_lbl_PRINTBYTE
00346Dr 1               @FastBasic_LINE_1400:	; LINE 1400
00346Dr 1               jump_lbl_402:
00346Dr 1  rr           	.byte	TOK_VAR_LOAD
00346Er 1  rr           	makevar	"WT"
00346Fr 1  rr           	.byte	TOK_PUSH_BYTE
003470r 1  09           	.byte	9
003471r 1  rr           	.byte	TOK_GT
003472r 1  rr           	.byte	TOK_CRET
003473r 1               @FastBasic_LINE_1401:	; LINE 1401
003473r 1  rr           	.byte	TOK_1
003474r 1  rr           	.byte	TOK_ADD_VAR
003475r 1  rr           	makevar	"XX"
003476r 1  rr           	.byte	TOK_PUSH_VAR_LOAD
003477r 1  rr           	makevar	"YY"
003478r 1  rr           	.byte	TOK_PUSH
003479r 1  rr           	.byte	TOK_CALL
00347Ar 1  rr rr        	.word	fb_lbl_POS
00347Cr 1  rr           	.byte	TOK_BYTE
00347Dr 1  0A           	.byte	10
00347Er 1  rr           	.byte	TOK_PUSH
00347Fr 1  rr           	.byte	TOK_CALL
003480r 1  rr rr        	.word	fb_lbl_PRINTBYTE
003482r 1  rr           	.byte	TOK_BYTE
003483r 1  0A           	.byte	10
003484r 1  rr           	.byte	TOK_PUSH
003485r 1  rr           	.byte	TOK_CALL
003486r 1  rr rr        	.word	fb_lbl_PRINTBYTE
003488r 1  rr           	.byte	TOK_BYTE
003489r 1  0C           	.byte	12
00348Ar 1  rr           	.byte	TOK_PUSH
00348Br 1  rr           	.byte	TOK_JUMP
00348Cr 1  rr rr        	.word	fb_lbl_PRINTBYTE
00348Er 1               @FastBasic_LINE_1405:	; LINE 1405
00348Er 1               	.segment "BYTECODE"
00348Er 1               	.export	fb_lbl_DRAWDRAWBUTTON
00348Er 1               fb_lbl_DRAWDRAWBUTTON:
00348Er 1  rr           	.byte	TOK_POP
00348Fr 1  rr           	.byte	TOK_VAR_STORE
003490r 1  rr           	makevar	"_ROW"
003491r 1  rr           	.byte	TOK_POP
003492r 1  rr           	.byte	TOK_VAR_STORE
003493r 1  rr           	makevar	"_COL"
003494r 1               @FastBasic_LINE_1406:	; LINE 1406
003494r 1  rr           	.byte	TOK_VAR_LOAD
003495r 1  rr           	makevar	"_COL"
003496r 1  rr           	.byte	TOK_VAR_STORE
003497r 1  rr           	makevar	"XXX"
003498r 1  rr           	.byte	TOK_VAR_LOAD
003499r 1  rr           	makevar	"_ROW"
00349Ar 1  rr           	.byte	TOK_VAR_STORE
00349Br 1  rr           	makevar	"YYY"
00349Cr 1               @FastBasic_LINE_1407:	; LINE 1407
00349Cr 1  rr           	.byte	TOK_VAR_LOAD
00349Dr 1  rr           	makevar	"XXX"
00349Er 1  rr           	.byte	TOK_PUSH_VAR_LOAD
00349Fr 1  rr           	makevar	"YYY"
0034A0r 1  rr           	.byte	TOK_PUSH
0034A1r 1  rr           	.byte	TOK_CALL
0034A2r 1  rr rr        	.word	fb_lbl_POS
0034A4r 1  rr           	.byte	TOK_BYTE
0034A5r 1  DC           	.byte	220
0034A6r 1  rr           	.byte	TOK_PUSH
0034A7r 1  rr           	.byte	TOK_CALL
0034A8r 1  rr rr        	.word	fb_lbl_PRINTBYTE
0034AAr 1  rr           	.byte	TOK_BYTE
0034ABr 1  E0           	.byte	224
0034ACr 1  rr           	.byte	TOK_PUSH
0034ADr 1  rr           	.byte	TOK_CALL
0034AEr 1  rr rr        	.word	fb_lbl_PRINTBYTE
0034B0r 1               @FastBasic_LINE_1408:	; LINE 1408
0034B0r 1  rr           	.byte	TOK_VAR_LOAD
0034B1r 1  rr           	makevar	"XXX"
0034B2r 1  rr           	.byte	TOK_PUSH_1
0034B3r 1  rr           	.byte	TOK_ADD_VAR
0034B4r 1  rr           	makevar	"YYY"
0034B5r 1  rr           	.byte	TOK_PUSH
0034B6r 1  rr           	.byte	TOK_CALL
0034B7r 1  rr rr        	.word	fb_lbl_POS
0034B9r 1  rr           	.byte	TOK_BYTE
0034BAr 1  F5           	.byte	245
0034BBr 1  rr           	.byte	TOK_PUSH
0034BCr 1  rr           	.byte	TOK_CALL
0034BDr 1  rr rr        	.word	fb_lbl_PRINTBYTE
0034BFr 1  rr           	.byte	TOK_BYTE
0034C0r 1  FF           	.byte	255
0034C1r 1  rr           	.byte	TOK_PUSH
0034C2r 1  rr           	.byte	TOK_JUMP
0034C3r 1  rr rr        	.word	fb_lbl_PRINTBYTE
0034C5r 1               @FastBasic_LINE_1411:	; LINE 1411
0034C5r 1               	.segment "BYTECODE"
0034C5r 1               	.export	fb_lbl_DRAWFOLDBUTTON
0034C5r 1               fb_lbl_DRAWFOLDBUTTON:
0034C5r 1  rr           	.byte	TOK_POP
0034C6r 1  rr           	.byte	TOK_VAR_STORE
0034C7r 1  rr           	makevar	"_ROW"
0034C8r 1  rr           	.byte	TOK_POP
0034C9r 1  rr           	.byte	TOK_VAR_STORE
0034CAr 1  rr           	makevar	"_COL"
0034CBr 1               @FastBasic_LINE_1412:	; LINE 1412
0034CBr 1  rr           	.byte	TOK_VAR_LOAD
0034CCr 1  rr           	makevar	"_COL"
0034CDr 1  rr           	.byte	TOK_VAR_STORE
0034CEr 1  rr           	makevar	"XXX"
0034CFr 1  rr           	.byte	TOK_VAR_LOAD
0034D0r 1  rr           	makevar	"_ROW"
0034D1r 1  rr           	.byte	TOK_VAR_STORE
0034D2r 1  rr           	makevar	"YYY"
0034D3r 1               @FastBasic_LINE_1413:	; LINE 1413
0034D3r 1  rr           	.byte	TOK_VAR_LOAD
0034D4r 1  rr           	makevar	"XXX"
0034D5r 1  rr           	.byte	TOK_PUSH_VAR_LOAD
0034D6r 1  rr           	makevar	"YYY"
0034D7r 1  rr           	.byte	TOK_PUSH
0034D8r 1  rr           	.byte	TOK_CALL
0034D9r 1  rr rr        	.word	fb_lbl_POS
0034DBr 1  rr           	.byte	TOK_BYTE
0034DCr 1  8D           	.byte	141
0034DDr 1  rr           	.byte	TOK_PUSH
0034DEr 1  rr           	.byte	TOK_CALL
0034DFr 1  rr rr        	.word	fb_lbl_PRINTBYTE
0034E1r 1  rr           	.byte	TOK_BYTE
0034E2r 1  8E           	.byte	142
0034E3r 1  rr           	.byte	TOK_PUSH
0034E4r 1  rr           	.byte	TOK_CALL
0034E5r 1  rr rr        	.word	fb_lbl_PRINTBYTE
0034E7r 1               @FastBasic_LINE_1414:	; LINE 1414
0034E7r 1  rr           	.byte	TOK_VAR_LOAD
0034E8r 1  rr           	makevar	"XXX"
0034E9r 1  rr           	.byte	TOK_PUSH_1
0034EAr 1  rr           	.byte	TOK_ADD_VAR
0034EBr 1  rr           	makevar	"YYY"
0034ECr 1  rr           	.byte	TOK_PUSH
0034EDr 1  rr           	.byte	TOK_CALL
0034EEr 1  rr rr        	.word	fb_lbl_POS
0034F0r 1  rr           	.byte	TOK_BYTE
0034F1r 1  8F           	.byte	143
0034F2r 1  rr           	.byte	TOK_PUSH
0034F3r 1  rr           	.byte	TOK_CALL
0034F4r 1  rr rr        	.word	fb_lbl_PRINTBYTE
0034F6r 1  rr           	.byte	TOK_BYTE
0034F7r 1  9B           	.byte	155
0034F8r 1  rr           	.byte	TOK_PUSH
0034F9r 1  rr           	.byte	TOK_JUMP
0034FAr 1  rr rr        	.word	fb_lbl_PRINTBYTE
0034FCr 1               @FastBasic_LINE_1417:	; LINE 1417
0034FCr 1               	.segment "BYTECODE"
0034FCr 1               	.export	fb_lbl_DRAWPLAYERS
0034FCr 1               fb_lbl_DRAWPLAYERS:
0034FCr 1               @FastBasic_LINE_1419:	; LINE 1419
0034FCr 1  rr           	.byte	TOK_VAR_LOAD
0034FDr 1  rr           	makevar	"PLAYERINDEX"
0034FEr 1  rr           	.byte	TOK_USHL
0034FFr 1  rr           	.byte	TOK_ADD_VAR
003500r 1  rr           	makevar	"PLAYERNAME"
003501r 1  rr           	.byte	TOK_DPEEK
003502r 1  rr           	.byte	TOK_PEEK
003503r 1  rr           	.byte	TOK_VAR_STORE
003504r 1  rr           	makevar	"XOFFSET"
003505r 1               @FastBasic_LINE_1420:	; LINE 1420
003505r 1  rr           	.byte	TOK_VAR_LOAD
003506r 1  rr           	makevar	"XOFFSET"
003507r 1  rr           	.byte	TOK_PUSH_BYTE
003508r 1  0C           	.byte	12
003509r 1  rr           	.byte	TOK_GT
00350Ar 1  rr           	.byte	TOK_CJUMP
00350Br 1  rr rr        	.word	jump_lbl_411
00350Dr 1  rr           	.byte	TOK_BYTE
00350Er 1  0C           	.byte	12
00350Fr 1  rr           	.byte	TOK_VAR_STORE
003510r 1  rr           	makevar	"XOFFSET"
003511r 1               jump_lbl_411:
003511r 1               @FastBasic_LINE_1421:	; LINE 1421
003511r 1  rr           	.byte	TOK_BYTE
003512r 1  24           	.byte	36
003513r 1  rr           	.byte	TOK_PUSH_BYTE
003514r 1  06           	.byte	6
003515r 1  rr           	.byte	TOK_ADD_VAR
003516r 1  rr           	makevar	"XOFFSET"
003517r 1  rr           	.byte	TOK_SUB
003518r 1  rr           	.byte	TOK_PUSH_BYTE
003519r 1  02           	.byte	2
00351Ar 1  rr           	.byte	TOK_DIV
00351Br 1  rr           	.byte	TOK_PUSH_BYTE
00351Cr 1  02           	.byte	2
00351Dr 1  rr           	.byte	TOK_ADD
00351Er 1  rr           	.byte	TOK_VAR_STORE
00351Fr 1  rr           	makevar	"X"
003520r 1               @FastBasic_LINE_1422:	; LINE 1422
003520r 1  rr           	.byte	TOK_BYTE
003521r 1  11           	.byte	17
003522r 1  rr           	.byte	TOK_VAR_STORE
003523r 1  rr           	makevar	"Y"
003524r 1               @FastBasic_LINE_1423:	; LINE 1423
003524r 1  rr           	.byte	TOK_VAR_LOAD
003525r 1  rr           	makevar	"X"
003526r 1  rr           	.byte	TOK_PUSH_VAR_LOAD
003527r 1  rr           	makevar	"Y"
003528r 1  rr           	.byte	TOK_PUSH
003529r 1  rr           	.byte	TOK_CALL
00352Ar 1  rr rr        	.word	fb_lbl_POS
00352Cr 1  rr           	.byte	TOK_VAR_LOAD
00352Dr 1  rr           	makevar	"PLAYERINDEX"
00352Er 1  rr           	.byte	TOK_USHL
00352Fr 1  rr           	.byte	TOK_ADD_VAR
003530r 1  rr           	makevar	"PLAYERNAME"
003531r 1  rr           	.byte	TOK_DPEEK
003532r 1  rr           	.byte	TOK_PUSH_1
003533r 1  rr           	.byte	TOK_PUSH_VAR_LOAD
003534r 1  rr           	makevar	"XOFFSET"
003535r 1  rr           	.byte	TOK_STR_IDX
003536r 1  rr           	.byte	TOK_PUSH
003537r 1  rr           	.byte	TOK_CALL
003538r 1  rr rr        	.word	fb_lbl_PRINTUPPER
00353Ar 1               @FastBasic_LINE_1424:	; LINE 1424
00353Ar 1  rr           	.byte	TOK_VAR_LOAD
00353Br 1  rr           	makevar	"X"
00353Cr 1  rr           	.byte	TOK_ADD_VAR
00353Dr 1  rr           	makevar	"XOFFSET"
00353Er 1  rr           	.byte	TOK_PUSH_VAR_LOAD
00353Fr 1  rr           	makevar	"Y"
003540r 1  rr           	.byte	TOK_PUSH
003541r 1  rr           	.byte	TOK_CALL
003542r 1  rr rr        	.word	fb_lbl_POS
003544r 1  rr           	.byte	TOK_CSTRING
003545r 1  01 3A        	.byte	1, ":"
003547r 1  rr           	.byte	TOK_PUSH
003548r 1  rr           	.byte	TOK_CALL
003549r 1  rr rr        	.word	fb_lbl_PRINT
00354Br 1               @FastBasic_LINE_1425:	; LINE 1425
00354Br 1  rr           	.byte	TOK_VAR_LOAD
00354Cr 1  rr           	makevar	"X"
00354Dr 1  rr           	.byte	TOK_ADD_VAR
00354Er 1  rr           	makevar	"XOFFSET"
00354Fr 1  rr           	.byte	TOK_PUSH_1
003550r 1  rr           	.byte	TOK_ADD
003551r 1  rr           	.byte	TOK_PUSH_VAR_LOAD
003552r 1  rr           	makevar	"Y"
003553r 1  rr           	.byte	TOK_PUSH
003554r 1  rr           	.byte	TOK_CALL
003555r 1  rr rr        	.word	fb_lbl_POS
003557r 1  rr           	.byte	TOK_VAR_LOAD
003558r 1  rr           	makevar	"PLAYERINDEX"
003559r 1  rr           	.byte	TOK_USHL
00355Ar 1  rr           	.byte	TOK_ADD_VAR
00355Br 1  rr           	makevar	"PLAYERSTATUS"
00355Cr 1  rr           	.byte	TOK_DPEEK
00355Dr 1  rr           	.byte	TOK_PUSH
00355Er 1  rr           	.byte	TOK_CALL
00355Fr 1  rr rr        	.word	fb_lbl_PRINTVAL
003561r 1               @FastBasic_LINE_1426:	; LINE 1426
003561r 1  rr           	.byte	TOK_VAR_LOAD
003562r 1  rr           	makevar	"X"
003563r 1  rr           	.byte	TOK_ADD_VAR
003564r 1  rr           	makevar	"XOFFSET"
003565r 1  rr           	.byte	TOK_PUSH_BYTE
003566r 1  02           	.byte	2
003567r 1  rr           	.byte	TOK_ADD
003568r 1  rr           	.byte	TOK_PUSH_BYTE
003569r 1  11           	.byte	17
00356Ar 1  rr           	.byte	TOK_PUSH_VAR_LOAD
00356Br 1  rr           	makevar	"PLAYERINDEX"
00356Cr 1  rr           	.byte	TOK_USHL
00356Dr 1  rr           	.byte	TOK_ADD_VAR
00356Er 1  rr           	makevar	"PLAYERBLACKTOKENS"
00356Fr 1  rr           	.byte	TOK_DPEEK
003570r 1  rr           	.byte	TOK_PUSH_VAR_LOAD
003571r 1  rr           	makevar	"PLAYERINDEX"
003572r 1  rr           	.byte	TOK_USHL
003573r 1  rr           	.byte	TOK_ADD_VAR
003574r 1  rr           	makevar	"PLAYERWHITETOKENS"
003575r 1  rr           	.byte	TOK_DPEEK
003576r 1  rr           	.byte	TOK_PUSH
003577r 1  rr           	.byte	TOK_CALL
003578r 1  rr rr        	.word	fb_lbl_DRAWPLAYERSCORE
00357Ar 1               @FastBasic_LINE_1427:	; LINE 1427
00357Ar 1  rr           	.byte	TOK_VAR_LOAD
00357Br 1  rr           	makevar	"PLAYERINDEX"
00357Cr 1  rr           	.byte	TOK_USHL
00357Dr 1  rr           	.byte	TOK_ADD_VAR
00357Er 1  rr           	makevar	"PLAYERHANDCOUNT"
00357Fr 1  rr           	.byte	TOK_DPEEK
003580r 1  rr           	.byte	TOK_PUSH_0
003581r 1  rr           	.byte	TOK_GT
003582r 1  rr           	.byte	TOK_PUSH_VAR_LOAD
003583r 1  rr           	makevar	"DEALT"
003584r 1  rr           	.byte	TOK_PUSH_1
003585r 1  rr           	.byte	TOK_EQ
003586r 1  rr           	.byte	TOK_L_AND
003587r 1  rr           	.byte	TOK_CJUMP
003588r 1  rr rr        	.word	jump_lbl_412
00358Ar 1  rr           	.byte	TOK_VAR_LOAD
00358Br 1  rr           	makevar	"PLAYERINDEX"
00358Cr 1  rr           	.byte	TOK_PUSH
00358Dr 1  rr           	.byte	TOK_CALL
00358Er 1  rr rr        	.word	fb_lbl_DRAWMAINPLAYERHAND
003590r 1               jump_lbl_412:
003590r 1               @FastBasic_LINE_1431:	; LINE 1431
003590r 1  rr           	.byte	TOK_VAR_STORE_0
003591r 1  rr           	makevar	"SLOT"
003592r 1               @FastBasic_LINE_1432:	; LINE 1432
003592r 1  rr           	.byte	TOK_VAR_SADDR
003593r 1  rr           	makevar	"A"
003594r 1  rr           	.byte	TOK_PUSH_0
003595r 1  rr           	.byte	TOK_DPOKE
003596r 1  rr           	.byte	TOK_BYTE
003597r 1  05           	.byte	5
003598r 1  rr           	.byte	TOK_PUSH_1
003599r 1  rr           	.byte	TOK_FOR
00359Ar 1  rr           	.byte	TOK_CNJUMP
00359Br 1  rr rr        	.word	jump_lbl_416
00359Dr 1               jump_lbl_417:
00359Dr 1               @FastBasic_LINE_1433:	; LINE 1433
00359Dr 1  rr           	.byte	TOK_VAR_LOAD
00359Er 1  rr           	makevar	"A"
00359Fr 1  rr           	.byte	TOK_PUSH_VAR_LOAD
0035A0r 1  rr           	makevar	"PLAYERINDEX"
0035A1r 1  rr           	.byte	TOK_NEQ
0035A2r 1  rr           	.byte	TOK_CJUMP
0035A3r 1  rr rr        	.word	jump_lbl_418
0035A5r 1               @FastBasic_LINE_1434:	; LINE 1434
0035A5r 1  rr           	.byte	TOK_VAR_LOAD
0035A6r 1  rr           	makevar	"A"
0035A7r 1  rr           	.byte	TOK_USHL
0035A8r 1  rr           	.byte	TOK_ADD_VAR
0035A9r 1  rr           	makevar	"PLAYERNAME"
0035AAr 1  rr           	.byte	TOK_DPEEK
0035ABr 1  rr           	.byte	TOK_PUSH
0035ACr 1  rr           	.byte	TOK_CSTRING
0035ADr 1  00           	.byte	0
0035AEr 1  rr           	.byte	TOK_CMP_STR
0035AFr 1  rr           	.byte	TOK_NEQ
0035B0r 1  rr           	.byte	TOK_CJUMP
0035B1r 1  rr rr        	.word	jump_lbl_418
0035B3r 1               @FastBasic_LINE_1435:	; LINE 1435
0035B3r 1  rr           	.byte	TOK_VAR_LOAD
0035B4r 1  rr           	makevar	"A"
0035B5r 1  rr           	.byte	TOK_USHL
0035B6r 1  rr           	.byte	TOK_ADD_VAR
0035B7r 1  rr           	makevar	"PLAYERNAME"
0035B8r 1  rr           	.byte	TOK_DPEEK
0035B9r 1  rr           	.byte	TOK_PEEK
0035BAr 1  rr           	.byte	TOK_VAR_STORE
0035BBr 1  rr           	makevar	"XOFFSET"
0035BCr 1               @FastBasic_LINE_1436:	; LINE 1436
0035BCr 1  rr           	.byte	TOK_VAR_LOAD
0035BDr 1  rr           	makevar	"XOFFSET"
0035BEr 1  rr           	.byte	TOK_PUSH_BYTE
0035BFr 1  08           	.byte	8
0035C0r 1  rr           	.byte	TOK_GT
0035C1r 1  rr           	.byte	TOK_PUSH_VAR_LOAD
0035C2r 1  rr           	makevar	"SLOT"
0035C3r 1  rr           	.byte	TOK_PUSH_BYTE
0035C4r 1  02           	.byte	2
0035C5r 1  rr           	.byte	TOK_NEQ
0035C6r 1  rr           	.byte	TOK_L_AND
0035C7r 1  rr           	.byte	TOK_CJUMP
0035C8r 1  rr rr        	.word	jump_lbl_420
0035CAr 1  rr           	.byte	TOK_BYTE
0035CBr 1  08           	.byte	8
0035CCr 1  rr           	.byte	TOK_VAR_STORE
0035CDr 1  rr           	makevar	"XOFFSET"
0035CEr 1               jump_lbl_420:
0035CEr 1               @FastBasic_LINE_1437:	; LINE 1437
0035CEr 1  rr           	.byte	TOK_VAR_LOAD
0035CFr 1  rr           	makevar	"XOFFSET"
0035D0r 1  rr           	.byte	TOK_PUSH_BYTE
0035D1r 1  0C           	.byte	12
0035D2r 1  rr           	.byte	TOK_GT
0035D3r 1  rr           	.byte	TOK_PUSH_VAR_LOAD
0035D4r 1  rr           	makevar	"SLOT"
0035D5r 1  rr           	.byte	TOK_PUSH_BYTE
0035D6r 1  02           	.byte	2
0035D7r 1  rr           	.byte	TOK_EQ
0035D8r 1  rr           	.byte	TOK_L_AND
0035D9r 1  rr           	.byte	TOK_CJUMP
0035DAr 1  rr rr        	.word	jump_lbl_421
0035DCr 1  rr           	.byte	TOK_BYTE
0035DDr 1  0C           	.byte	12
0035DEr 1  rr           	.byte	TOK_VAR_STORE
0035DFr 1  rr           	makevar	"XOFFSET"
0035E0r 1               jump_lbl_421:
0035E0r 1               @FastBasic_LINE_1438:	; LINE 1438
0035E0r 1  rr           	.byte	TOK_BYTE
0035E1r 1  0E           	.byte	14
0035E2r 1  rr           	.byte	TOK_PUSH_BYTE
0035E3r 1  06           	.byte	6
0035E4r 1  rr           	.byte	TOK_ADD_VAR
0035E5r 1  rr           	makevar	"XOFFSET"
0035E6r 1  rr           	.byte	TOK_SUB
0035E7r 1  rr           	.byte	TOK_PUSH_BYTE
0035E8r 1  02           	.byte	2
0035E9r 1  rr           	.byte	TOK_DIV
0035EAr 1  rr           	.byte	TOK_VAR_STORE
0035EBr 1  rr           	makevar	"X"
0035ECr 1               @FastBasic_LINE_1439:	; LINE 1439
0035ECr 1  rr           	.byte	TOK_VAR_LOAD
0035EDr 1  rr           	makevar	"SLOT"
0035EEr 1  rr           	.byte	TOK_PUSH_BYTE
0035EFr 1  02           	.byte	2
0035F0r 1  rr           	.byte	TOK_EQ
0035F1r 1  rr           	.byte	TOK_CJUMP
0035F2r 1  rr rr        	.word	jump_lbl_422
0035F4r 1  rr           	.byte	TOK_BYTE
0035F5r 1  24           	.byte	36
0035F6r 1  rr           	.byte	TOK_PUSH_BYTE
0035F7r 1  06           	.byte	6
0035F8r 1  rr           	.byte	TOK_ADD_VAR
0035F9r 1  rr           	makevar	"XOFFSET"
0035FAr 1  rr           	.byte	TOK_SUB
0035FBr 1  rr           	.byte	TOK_PUSH_BYTE
0035FCr 1  02           	.byte	2
0035FDr 1  rr           	.byte	TOK_DIV
0035FEr 1  rr           	.byte	TOK_PUSH_BYTE
0035FFr 1  02           	.byte	2
003600r 1  rr           	.byte	TOK_ADD
003601r 1  rr           	.byte	TOK_VAR_STORE
003602r 1  rr           	makevar	"X"
003603r 1               jump_lbl_422:
003603r 1               @FastBasic_LINE_1440:	; LINE 1440
003603r 1  rr           	.byte	TOK_VAR_LOAD
003604r 1  rr           	makevar	"X"
003605r 1  rr           	.byte	TOK_PUSH_NUM
003606r 1  rr rr        	.word	fb_lbl_XPOS
003608r 1  rr           	.byte	TOK_PUSH_VAR_LOAD
003609r 1  rr           	makevar	"SLOT"
00360Ar 1  rr           	.byte	TOK_USHL
00360Br 1  rr           	.byte	TOK_ADD
00360Cr 1  rr           	.byte	TOK_DPEEK
00360Dr 1  rr           	.byte	TOK_ADD
00360Er 1  rr           	.byte	TOK_VAR_STORE
00360Fr 1  rr           	makevar	"X"
003610r 1               @FastBasic_LINE_1441:	; LINE 1441
003610r 1  rr           	.byte	TOK_VAR_LOAD
003611r 1  rr           	makevar	"X"
003612r 1  rr           	.byte	TOK_PUSH_NUM
003613r 1  rr rr        	.word	fb_lbl_YPOS
003615r 1  rr           	.byte	TOK_PUSH_VAR_LOAD
003616r 1  rr           	makevar	"SLOT"
003617r 1  rr           	.byte	TOK_USHL
003618r 1  rr           	.byte	TOK_ADD
003619r 1  rr           	.byte	TOK_DPEEK
00361Ar 1  rr           	.byte	TOK_PUSH
00361Br 1  rr           	.byte	TOK_CALL
00361Cr 1  rr rr        	.word	fb_lbl_POS
00361Er 1  rr           	.byte	TOK_VAR_LOAD
00361Fr 1  rr           	makevar	"A"
003620r 1  rr           	.byte	TOK_USHL
003621r 1  rr           	.byte	TOK_ADD_VAR
003622r 1  rr           	makevar	"PLAYERNAME"
003623r 1  rr           	.byte	TOK_DPEEK
003624r 1  rr           	.byte	TOK_PUSH_1
003625r 1  rr           	.byte	TOK_PUSH_VAR_LOAD
003626r 1  rr           	makevar	"XOFFSET"
003627r 1  rr           	.byte	TOK_STR_IDX
003628r 1  rr           	.byte	TOK_PUSH
003629r 1  rr           	.byte	TOK_CALL
00362Ar 1  rr rr        	.word	fb_lbl_PRINTUPPER
00362Cr 1               @FastBasic_LINE_1442:	; LINE 1442
00362Cr 1  rr           	.byte	TOK_VAR_LOAD
00362Dr 1  rr           	makevar	"X"
00362Er 1  rr           	.byte	TOK_ADD_VAR
00362Fr 1  rr           	makevar	"XOFFSET"
003630r 1  rr           	.byte	TOK_PUSH_NUM
003631r 1  rr rr        	.word	fb_lbl_YPOS
003633r 1  rr           	.byte	TOK_PUSH_VAR_LOAD
003634r 1  rr           	makevar	"SLOT"
003635r 1  rr           	.byte	TOK_USHL
003636r 1  rr           	.byte	TOK_ADD
003637r 1  rr           	.byte	TOK_DPEEK
003638r 1  rr           	.byte	TOK_PUSH
003639r 1  rr           	.byte	TOK_CALL
00363Ar 1  rr rr        	.word	fb_lbl_POS
00363Cr 1  rr           	.byte	TOK_CSTRING
00363Dr 1  01 3A        	.byte	1, ":"
00363Fr 1  rr           	.byte	TOK_PUSH
003640r 1  rr           	.byte	TOK_CALL
003641r 1  rr rr        	.word	fb_lbl_PRINT
003643r 1               @FastBasic_LINE_1443:	; LINE 1443
003643r 1  rr           	.byte	TOK_VAR_LOAD
003644r 1  rr           	makevar	"X"
003645r 1  rr           	.byte	TOK_ADD_VAR
003646r 1  rr           	makevar	"XOFFSET"
003647r 1  rr           	.byte	TOK_PUSH_1
003648r 1  rr           	.byte	TOK_ADD
003649r 1  rr           	.byte	TOK_PUSH_NUM
00364Ar 1  rr rr        	.word	fb_lbl_YPOS
00364Cr 1  rr           	.byte	TOK_PUSH_VAR_LOAD
00364Dr 1  rr           	makevar	"SLOT"
00364Er 1  rr           	.byte	TOK_USHL
00364Fr 1  rr           	.byte	TOK_ADD
003650r 1  rr           	.byte	TOK_DPEEK
003651r 1  rr           	.byte	TOK_PUSH
003652r 1  rr           	.byte	TOK_CALL
003653r 1  rr rr        	.word	fb_lbl_POS
003655r 1  rr           	.byte	TOK_VAR_LOAD
003656r 1  rr           	makevar	"A"
003657r 1  rr           	.byte	TOK_USHL
003658r 1  rr           	.byte	TOK_ADD_VAR
003659r 1  rr           	makevar	"PLAYERSTATUS"
00365Ar 1  rr           	.byte	TOK_DPEEK
00365Br 1  rr           	.byte	TOK_PUSH
00365Cr 1  rr           	.byte	TOK_CALL
00365Dr 1  rr rr        	.word	fb_lbl_PRINTVAL
00365Fr 1               @FastBasic_LINE_1444:	; LINE 1444
00365Fr 1  rr           	.byte	TOK_VAR_LOAD
003660r 1  rr           	makevar	"X"
003661r 1  rr           	.byte	TOK_ADD_VAR
003662r 1  rr           	makevar	"XOFFSET"
003663r 1  rr           	.byte	TOK_PUSH_BYTE
003664r 1  02           	.byte	2
003665r 1  rr           	.byte	TOK_ADD
003666r 1  rr           	.byte	TOK_PUSH_NUM
003667r 1  rr rr        	.word	fb_lbl_YPOS
003669r 1  rr           	.byte	TOK_PUSH_VAR_LOAD
00366Ar 1  rr           	makevar	"SLOT"
00366Br 1  rr           	.byte	TOK_USHL
00366Cr 1  rr           	.byte	TOK_ADD
00366Dr 1  rr           	.byte	TOK_DPEEK
00366Er 1  rr           	.byte	TOK_PUSH_VAR_LOAD
00366Fr 1  rr           	makevar	"A"
003670r 1  rr           	.byte	TOK_USHL
003671r 1  rr           	.byte	TOK_ADD_VAR
003672r 1  rr           	makevar	"PLAYERBLACKTOKENS"
003673r 1  rr           	.byte	TOK_DPEEK
003674r 1  rr           	.byte	TOK_PUSH_VAR_LOAD
003675r 1  rr           	makevar	"A"
003676r 1  rr           	.byte	TOK_USHL
003677r 1  rr           	.byte	TOK_ADD_VAR
003678r 1  rr           	makevar	"PLAYERWHITETOKENS"
003679r 1  rr           	.byte	TOK_DPEEK
00367Ar 1  rr           	.byte	TOK_PUSH
00367Br 1  rr           	.byte	TOK_CALL
00367Cr 1  rr rr        	.word	fb_lbl_DRAWPLAYERSCORE
00367Er 1               @FastBasic_LINE_1445:	; LINE 1445
00367Er 1  rr           	.byte	TOK_VAR_STORE_0
00367Fr 1  rr           	makevar	"FOLDED"
003680r 1               @FastBasic_LINE_1446:	; LINE 1446
003680r 1  rr           	.byte	TOK_VAR_LOAD
003681r 1  rr           	makevar	"A"
003682r 1  rr           	.byte	TOK_USHL
003683r 1  rr           	.byte	TOK_ADD_VAR
003684r 1  rr           	makevar	"PLAYERSTATUS"
003685r 1  rr           	.byte	TOK_DPEEK
003686r 1  rr           	.byte	TOK_PUSH_BYTE
003687r 1  02           	.byte	2
003688r 1  rr           	.byte	TOK_EQ
003689r 1  rr           	.byte	TOK_CJUMP
00368Ar 1  rr rr        	.word	jump_lbl_423
00368Cr 1  rr           	.byte	TOK_BYTE
00368Dr 1  80           	.byte	128
00368Er 1  rr           	.byte	TOK_VAR_STORE
00368Fr 1  rr           	makevar	"FOLDED"
003690r 1               jump_lbl_423:
003690r 1               @FastBasic_LINE_1447:	; LINE 1447
003690r 1  rr           	.byte	TOK_VAR_LOAD
003691r 1  rr           	makevar	"DEALT"
003692r 1  rr           	.byte	TOK_PUSH_1
003693r 1  rr           	.byte	TOK_EQ
003694r 1  rr           	.byte	TOK_CJUMP
003695r 1  rr rr        	.word	jump_lbl_424
003697r 1               @FastBasic_LINE_1448:	; LINE 1448
003697r 1  rr           	.byte	TOK_VAR_LOAD
003698r 1  rr           	makevar	"SLOT"
003699r 1  rr           	.byte	TOK_PUSH_BYTE
00369Ar 1  02           	.byte	2
00369Br 1  rr           	.byte	TOK_EQ
00369Cr 1  rr           	.byte	TOK_CJUMP
00369Dr 1  rr rr        	.word	jump_lbl_425
00369Fr 1               @FastBasic_LINE_1449:	; LINE 1449
00369Fr 1  rr           	.byte	TOK_NUM
0036A0r 1  rr rr        	.word	fb_lbl_XPOS
0036A2r 1  rr           	.byte	TOK_PUSH_VAR_LOAD
0036A3r 1  rr           	makevar	"SLOT"
0036A4r 1  rr           	.byte	TOK_USHL
0036A5r 1  rr           	.byte	TOK_ADD
0036A6r 1  rr           	.byte	TOK_DPEEK
0036A7r 1  rr           	.byte	TOK_PUSH_BYTE
0036A8r 1  26           	.byte	38
0036A9r 1  rr           	.byte	TOK_PUSH_VAR_LOAD
0036AAr 1  rr           	makevar	"A"
0036ABr 1  rr           	.byte	TOK_USHL
0036ACr 1  rr           	.byte	TOK_ADD_VAR
0036ADr 1  rr           	makevar	"PLAYERHANDCOUNT"
0036AEr 1  rr           	.byte	TOK_DPEEK
0036AFr 1  rr           	.byte	TOK_PUSH_BYTE
0036B0r 1  02           	.byte	2
0036B1r 1  rr           	.byte	TOK_ADD
0036B2r 1  rr           	.byte	TOK_SUB
0036B3r 1  rr           	.byte	TOK_PUSH_BYTE
0036B4r 1  02           	.byte	2
0036B5r 1  rr           	.byte	TOK_DIV
0036B6r 1  rr           	.byte	TOK_ADD
0036B7r 1  rr           	.byte	TOK_PUSH_NUM
0036B8r 1  rr rr        	.word	fb_lbl_YPOS
0036BAr 1  rr           	.byte	TOK_PUSH_VAR_LOAD
0036BBr 1  rr           	makevar	"SLOT"
0036BCr 1  rr           	.byte	TOK_USHL
0036BDr 1  rr           	.byte	TOK_ADD
0036BEr 1  rr           	.byte	TOK_DPEEK
0036BFr 1  rr           	.byte	TOK_PUSH_BYTE
0036C0r 1  02           	.byte	2
0036C1r 1  rr           	.byte	TOK_ADD
0036C2r 1  rr           	.byte	TOK_PUSH_VAR_LOAD
0036C3r 1  rr           	makevar	"A"
0036C4r 1  rr           	.byte	TOK_USHL
0036C5r 1  rr           	.byte	TOK_ADD_VAR
0036C6r 1  rr           	makevar	"PLAYERHANDCOUNT"
0036C7r 1  rr           	.byte	TOK_DPEEK
0036C8r 1  rr           	.byte	TOK_PUSH_VAR_LOAD
0036C9r 1  rr           	makevar	"FOLDED"
0036CAr 1  rr           	.byte	TOK_PUSH
0036CBr 1  rr           	.byte	TOK_CALL
0036CCr 1  rr rr        	.word	fb_lbl_DRAWPLAYERHAND
0036CEr 1               @FastBasic_LINE_1450:	; LINE 1450
0036CEr 1  rr           	.byte	TOK_JUMP
0036CFr 1  rr rr        	.word	jump_lbl_424
0036D1r 1               jump_lbl_425:
0036D1r 1               @FastBasic_LINE_1451:	; LINE 1451
0036D1r 1  rr           	.byte	TOK_NUM
0036D2r 1  rr rr        	.word	fb_lbl_XPOS
0036D4r 1  rr           	.byte	TOK_PUSH_VAR_LOAD
0036D5r 1  rr           	makevar	"SLOT"
0036D6r 1  rr           	.byte	TOK_USHL
0036D7r 1  rr           	.byte	TOK_ADD
0036D8r 1  rr           	.byte	TOK_DPEEK
0036D9r 1  rr           	.byte	TOK_PUSH_BYTE
0036DAr 1  0E           	.byte	14
0036DBr 1  rr           	.byte	TOK_PUSH_VAR_LOAD
0036DCr 1  rr           	makevar	"A"
0036DDr 1  rr           	.byte	TOK_USHL
0036DEr 1  rr           	.byte	TOK_ADD_VAR
0036DFr 1  rr           	makevar	"PLAYERHANDCOUNT"
0036E0r 1  rr           	.byte	TOK_DPEEK
0036E1r 1  rr           	.byte	TOK_PUSH_BYTE
0036E2r 1  02           	.byte	2
0036E3r 1  rr           	.byte	TOK_ADD
0036E4r 1  rr           	.byte	TOK_SUB
0036E5r 1  rr           	.byte	TOK_PUSH_BYTE
0036E6r 1  02           	.byte	2
0036E7r 1  rr           	.byte	TOK_DIV
0036E8r 1  rr           	.byte	TOK_ADD
0036E9r 1  rr           	.byte	TOK_PUSH_NUM
0036EAr 1  rr rr        	.word	fb_lbl_YPOS
0036ECr 1  rr           	.byte	TOK_PUSH_VAR_LOAD
0036EDr 1  rr           	makevar	"SLOT"
0036EEr 1  rr           	.byte	TOK_USHL
0036EFr 1  rr           	.byte	TOK_ADD
0036F0r 1  rr           	.byte	TOK_DPEEK
0036F1r 1  rr           	.byte	TOK_PUSH_BYTE
0036F2r 1  02           	.byte	2
0036F3r 1  rr           	.byte	TOK_ADD
0036F4r 1  rr           	.byte	TOK_PUSH_VAR_LOAD
0036F5r 1  rr           	makevar	"A"
0036F6r 1  rr           	.byte	TOK_USHL
0036F7r 1  rr           	.byte	TOK_ADD_VAR
0036F8r 1  rr           	makevar	"PLAYERHANDCOUNT"
0036F9r 1  rr           	.byte	TOK_DPEEK
0036FAr 1  rr           	.byte	TOK_PUSH_VAR_LOAD
0036FBr 1  rr           	makevar	"FOLDED"
0036FCr 1  rr           	.byte	TOK_PUSH
0036FDr 1  rr           	.byte	TOK_CALL
0036FEr 1  rr rr        	.word	fb_lbl_DRAWPLAYERHAND
003700r 1               @FastBasic_LINE_1453:	; LINE 1453
003700r 1               jump_lbl_424:
003700r 1               @FastBasic_LINE_1454:	; LINE 1454
003700r 1  rr           	.byte	TOK_INCVAR
003701r 1  rr           	makevar	"SLOT"
003702r 1               @FastBasic_LINE_1456:	; LINE 1456
003702r 1               jump_lbl_418:
003702r 1               @FastBasic_LINE_1457:	; LINE 1457
003702r 1  rr           	.byte	TOK_FOR_NEXT
003703r 1  rr           	.byte	TOK_CJUMP
003704r 1  rr rr        	.word	jump_lbl_417
003706r 1               jump_lbl_416:
003706r 1  rr           	.byte	TOK_FOR_EXIT
003707r 1               @FastBasic_LINE_1458:	; LINE 1458
003707r 1  rr           	.byte	TOK_RET
003708r 1               @FastBasic_LINE_1428:	; LINE 1428
003708r 1               	.segment "DATA"
0004A8r 1               	.export	fb_lbl_XPOS
0004A8r 1               fb_lbl_XPOS:
0004A8r 1  01 00        	.word	1
0004AAr 1  01 00        	.word	1
0004ACr 1  00 00        	.word	0
0004AEr 1  19 00        	.word	25
0004B0r 1  19 00        	.word	25
0004B2r 1               @FastBasic_LINE_1429:	; LINE 1429
0004B2r 1  01 00        	.word	1
0004B4r 1  01 00        	.word	1
0004B6r 1  0D 00        	.word	13
0004B8r 1  1A 00        	.word	26
0004BAr 1  1A 00        	.word	26
0004BCr 1               @FastBasic_LINE_1430:	; LINE 1430
0004BCr 1               	.segment "DATA"
0004BCr 1               	.export	fb_lbl_YPOS
0004BCr 1               fb_lbl_YPOS:
0004BCr 1  0C 00        	.word	12
0004BEr 1  06 00        	.word	6
0004C0r 1  01 00        	.word	1
0004C2r 1  06 00        	.word	6
0004C4r 1  0C 00        	.word	12
0004C6r 1               @FastBasic_LINE_1460:	; LINE 1460
0004C6r 1               	.segment "BYTECODE"
003708r 1               	.export	fb_lbl_DRAWPLAYERHAND
003708r 1               fb_lbl_DRAWPLAYERHAND:
003708r 1  rr           	.byte	TOK_POP
003709r 1  rr           	.byte	TOK_VAR_STORE
00370Ar 1  rr           	makevar	"_FOLDED"
00370Br 1  rr           	.byte	TOK_POP
00370Cr 1  rr           	.byte	TOK_VAR_STORE
00370Dr 1  rr           	makevar	"_NUMCARDS"
00370Er 1  rr           	.byte	TOK_POP
00370Fr 1  rr           	.byte	TOK_VAR_STORE
003710r 1  rr           	makevar	"_ROW"
003711r 1  rr           	.byte	TOK_POP
003712r 1  rr           	.byte	TOK_VAR_STORE
003713r 1  rr           	makevar	"_COL"
003714r 1               @FastBasic_LINE_1461:	; LINE 1461
003714r 1  rr           	.byte	TOK_VAR_LOAD
003715r 1  rr           	makevar	"_COL"
003716r 1  rr           	.byte	TOK_VAR_STORE
003717r 1  rr           	makevar	"XXX"
003718r 1  rr           	.byte	TOK_VAR_LOAD
003719r 1  rr           	makevar	"_ROW"
00371Ar 1  rr           	.byte	TOK_VAR_STORE
00371Br 1  rr           	makevar	"YYY"
00371Cr 1  rr           	.byte	TOK_VAR_LOAD
00371Dr 1  rr           	makevar	"_FOLDED"
00371Er 1  rr           	.byte	TOK_VAR_STORE
00371Fr 1  rr           	makevar	"FOLDED"
003720r 1  rr           	.byte	TOK_VAR_LOAD
003721r 1  rr           	makevar	"_NUMCARDS"
003722r 1  rr           	.byte	TOK_VAR_STORE
003723r 1  rr           	makevar	"NUMCARDS"
003724r 1               @FastBasic_LINE_1462:	; LINE 1462
003724r 1  rr           	.byte	TOK_VAR_LOAD
003725r 1  rr           	makevar	"NUMCARDS"
003726r 1  rr           	.byte	TOK_COMP_0
003727r 1  rr           	.byte	TOK_CRET
003728r 1               @FastBasic_LINE_1463:	; LINE 1463
003728r 1  rr           	.byte	TOK_VAR_LOAD
003729r 1  rr           	makevar	"NUMCARDS"
00372Ar 1  rr           	.byte	TOK_PUSH_BYTE
00372Br 1  0B           	.byte	11
00372Cr 1  rr           	.byte	TOK_GT
00372Dr 1  rr           	.byte	TOK_CJUMP
00372Er 1  rr rr        	.word	jump_lbl_430
003730r 1  rr           	.byte	TOK_BYTE
003731r 1  0B           	.byte	11
003732r 1  rr           	.byte	TOK_VAR_STORE
003733r 1  rr           	makevar	"NUMCARDS"
003734r 1               jump_lbl_430:
003734r 1               @FastBasic_LINE_1464:	; LINE 1464
003734r 1  rr           	.byte	TOK_VAR_SADDR
003735r 1  rr           	makevar	"I"
003736r 1  rr           	.byte	TOK_PUSH_1
003737r 1  rr           	.byte	TOK_DPOKE
003738r 1  rr           	.byte	TOK_VAR_LOAD
003739r 1  rr           	makevar	"NUMCARDS"
00373Ar 1  rr           	.byte	TOK_PUSH_1
00373Br 1  rr           	.byte	TOK_FOR
00373Cr 1  rr           	.byte	TOK_CNJUMP
00373Dr 1  rr rr        	.word	jump_lbl_431
00373Fr 1               jump_lbl_432:
00373Fr 1               @FastBasic_LINE_1465:	; LINE 1465
00373Fr 1  rr           	.byte	TOK_VAR_LOAD
003740r 1  rr           	makevar	"XXX"
003741r 1  rr           	.byte	TOK_ADD_VAR
003742r 1  rr           	makevar	"I"
003743r 1  rr           	.byte	TOK_PUSH_1
003744r 1  rr           	.byte	TOK_SUB
003745r 1  rr           	.byte	TOK_PUSH_VAR_LOAD
003746r 1  rr           	makevar	"YYY"
003747r 1  rr           	.byte	TOK_PUSH
003748r 1  rr           	.byte	TOK_CALL
003749r 1  rr rr        	.word	fb_lbl_POS
00374Br 1  rr           	.byte	TOK_BYTE
00374Cr 1  0D           	.byte	13
00374Dr 1  rr           	.byte	TOK_ADD_VAR
00374Er 1  rr           	makevar	"FOLDED"
00374Fr 1  rr           	.byte	TOK_PUSH
003750r 1  rr           	.byte	TOK_CALL
003751r 1  rr rr        	.word	fb_lbl_PRINTBYTE
003753r 1  rr           	.byte	TOK_BYTE
003754r 1  0E           	.byte	14
003755r 1  rr           	.byte	TOK_ADD_VAR
003756r 1  rr           	makevar	"FOLDED"
003757r 1  rr           	.byte	TOK_PUSH
003758r 1  rr           	.byte	TOK_CALL
003759r 1  rr rr        	.word	fb_lbl_PRINTBYTE
00375Br 1               @FastBasic_LINE_1466:	; LINE 1466
00375Br 1  rr           	.byte	TOK_VAR_LOAD
00375Cr 1  rr           	makevar	"XXX"
00375Dr 1  rr           	.byte	TOK_ADD_VAR
00375Er 1  rr           	makevar	"I"
00375Fr 1  rr           	.byte	TOK_PUSH_1
003760r 1  rr           	.byte	TOK_SUB
003761r 1  rr           	.byte	TOK_PUSH_1
003762r 1  rr           	.byte	TOK_ADD_VAR
003763r 1  rr           	makevar	"YYY"
003764r 1  rr           	.byte	TOK_PUSH
003765r 1  rr           	.byte	TOK_CALL
003766r 1  rr rr        	.word	fb_lbl_POS
003768r 1  rr           	.byte	TOK_BYTE
003769r 1  0F           	.byte	15
00376Ar 1  rr           	.byte	TOK_ADD_VAR
00376Br 1  rr           	makevar	"FOLDED"
00376Cr 1  rr           	.byte	TOK_PUSH
00376Dr 1  rr           	.byte	TOK_CALL
00376Er 1  rr rr        	.word	fb_lbl_PRINTBYTE
003770r 1  rr           	.byte	TOK_BYTE
003771r 1  1B           	.byte	27
003772r 1  rr           	.byte	TOK_ADD_VAR
003773r 1  rr           	makevar	"FOLDED"
003774r 1  rr           	.byte	TOK_PUSH
003775r 1  rr           	.byte	TOK_CALL
003776r 1  rr rr        	.word	fb_lbl_PRINTBYTE
003778r 1               @FastBasic_LINE_1467:	; LINE 1467
003778r 1  rr           	.byte	TOK_FOR_NEXT
003779r 1  rr           	.byte	TOK_CJUMP
00377Ar 1  rr rr        	.word	jump_lbl_432
00377Cr 1               jump_lbl_431:
00377Cr 1  rr           	.byte	TOK_FOR_EXIT
00377Dr 1               @FastBasic_LINE_1468:	; LINE 1468
00377Dr 1  rr           	.byte	TOK_RET
00377Er 1               @FastBasic_LINE_1470:	; LINE 1470
00377Er 1               	.segment "BYTECODE"
00377Er 1               	.export	fb_lbl_DRAWBORDER
00377Er 1               fb_lbl_DRAWBORDER:
00377Er 1  rr           	.byte	TOK_POP
00377Fr 1  rr           	.byte	TOK_VAR_STORE
003780r 1  rr           	makevar	"_COLOUR"
003781r 1  rr           	.byte	TOK_POP
003782r 1  rr           	.byte	TOK_VAR_STORE
003783r 1  rr           	makevar	"_SIZEY"
003784r 1  rr           	.byte	TOK_POP
003785r 1  rr           	.byte	TOK_VAR_STORE
003786r 1  rr           	makevar	"_SIZEX"
003787r 1  rr           	.byte	TOK_POP
003788r 1  rr           	.byte	TOK_VAR_STORE
003789r 1  rr           	makevar	"_ROW"
00378Ar 1  rr           	.byte	TOK_POP
00378Br 1  rr           	.byte	TOK_VAR_STORE
00378Cr 1  rr           	makevar	"_COL"
00378Dr 1               @FastBasic_LINE_1471:	; LINE 1471
00378Dr 1  rr           	.byte	TOK_VAR_LOAD
00378Er 1  rr           	makevar	"_COL"
00378Fr 1  rr           	.byte	TOK_VAR_STORE
003790r 1  rr           	makevar	"_X"
003791r 1  rr           	.byte	TOK_VAR_LOAD
003792r 1  rr           	makevar	"_ROW"
003793r 1  rr           	.byte	TOK_VAR_STORE
003794r 1  rr           	makevar	"_Y"
003795r 1  rr           	.byte	TOK_VAR_LOAD
003796r 1  rr           	makevar	"_SIZEX"
003797r 1  rr           	.byte	TOK_VAR_STORE
003798r 1  rr           	makevar	"XSIZE"
003799r 1  rr           	.byte	TOK_VAR_LOAD
00379Ar 1  rr           	makevar	"_SIZEY"
00379Br 1  rr           	.byte	TOK_VAR_STORE
00379Cr 1  rr           	makevar	"YSIZE"
00379Dr 1  rr           	.byte	TOK_VAR_LOAD
00379Er 1  rr           	makevar	"_COLOUR"
00379Fr 1  rr           	.byte	TOK_VAR_STORE
0037A0r 1  rr           	makevar	"COLOUR"
0037A1r 1               @FastBasic_LINE_1472:	; LINE 1472
0037A1r 1  rr           	.byte	TOK_VAR_LOAD
0037A2r 1  rr           	makevar	"_X"
0037A3r 1  rr           	.byte	TOK_PUSH_VAR_LOAD
0037A4r 1  rr           	makevar	"_Y"
0037A5r 1  rr           	.byte	TOK_PUSH
0037A6r 1  rr           	.byte	TOK_CALL
0037A7r 1  rr rr        	.word	fb_lbl_POS
0037A9r 1  rr           	.byte	TOK_BYTE
0037AAr 1  77           	.byte	119
0037ABr 1  rr           	.byte	TOK_ADD_VAR
0037ACr 1  rr           	makevar	"COLOUR"
0037ADr 1  rr           	.byte	TOK_PUSH
0037AEr 1  rr           	.byte	TOK_CALL
0037AFr 1  rr rr        	.word	fb_lbl_PRINTBYTE
0037B1r 1               @FastBasic_LINE_1473:	; LINE 1473
0037B1r 1  rr           	.byte	TOK_VAR_SADDR
0037B2r 1  rr           	makevar	"XSTEP"
0037B3r 1  rr           	.byte	TOK_PUSH_1
0037B4r 1  rr           	.byte	TOK_ADD_VAR
0037B5r 1  rr           	makevar	"_X"
0037B6r 1  rr           	.byte	TOK_DPOKE
0037B7r 1  rr           	.byte	TOK_VAR_LOAD
0037B8r 1  rr           	makevar	"_X"
0037B9r 1  rr           	.byte	TOK_ADD_VAR
0037BAr 1  rr           	makevar	"XSIZE"
0037BBr 1  rr           	.byte	TOK_PUSH_1
0037BCr 1  rr           	.byte	TOK_FOR
0037BDr 1  rr           	.byte	TOK_CNJUMP
0037BEr 1  rr rr        	.word	jump_lbl_435
0037C0r 1               jump_lbl_436:
0037C0r 1               @FastBasic_LINE_1474:	; LINE 1474
0037C0r 1  rr           	.byte	TOK_VAR_LOAD
0037C1r 1  rr           	makevar	"XSTEP"
0037C2r 1  rr           	.byte	TOK_PUSH_VAR_LOAD
0037C3r 1  rr           	makevar	"_Y"
0037C4r 1  rr           	.byte	TOK_PUSH
0037C5r 1  rr           	.byte	TOK_CALL
0037C6r 1  rr rr        	.word	fb_lbl_POS
0037C8r 1  rr           	.byte	TOK_BYTE
0037C9r 1  20           	.byte	32
0037CAr 1  rr           	.byte	TOK_ADD_VAR
0037CBr 1  rr           	makevar	"COLOUR"
0037CCr 1  rr           	.byte	TOK_PUSH
0037CDr 1  rr           	.byte	TOK_CALL
0037CEr 1  rr rr        	.word	fb_lbl_PRINTBYTE
0037D0r 1               @FastBasic_LINE_1475:	; LINE 1475
0037D0r 1  rr           	.byte	TOK_FOR_NEXT
0037D1r 1  rr           	.byte	TOK_CJUMP
0037D2r 1  rr rr        	.word	jump_lbl_436
0037D4r 1               jump_lbl_435:
0037D4r 1  rr           	.byte	TOK_FOR_EXIT
0037D5r 1               @FastBasic_LINE_1476:	; LINE 1476
0037D5r 1  rr           	.byte	TOK_VAR_LOAD
0037D6r 1  rr           	makevar	"XSTEP"
0037D7r 1  rr           	.byte	TOK_PUSH_VAR_LOAD
0037D8r 1  rr           	makevar	"_Y"
0037D9r 1  rr           	.byte	TOK_PUSH
0037DAr 1  rr           	.byte	TOK_CALL
0037DBr 1  rr rr        	.word	fb_lbl_POS
0037DDr 1  rr           	.byte	TOK_BYTE
0037DEr 1  78           	.byte	120
0037DFr 1  rr           	.byte	TOK_ADD_VAR
0037E0r 1  rr           	makevar	"COLOUR"
0037E1r 1  rr           	.byte	TOK_PUSH
0037E2r 1  rr           	.byte	TOK_CALL
0037E3r 1  rr rr        	.word	fb_lbl_PRINTBYTE
0037E5r 1               @FastBasic_LINE_1478:	; LINE 1478
0037E5r 1  rr           	.byte	TOK_VAR_SADDR
0037E6r 1  rr           	makevar	"YSTEP"
0037E7r 1  rr           	.byte	TOK_PUSH_1
0037E8r 1  rr           	.byte	TOK_ADD_VAR
0037E9r 1  rr           	makevar	"_Y"
0037EAr 1  rr           	.byte	TOK_DPOKE
0037EBr 1  rr           	.byte	TOK_VAR_LOAD
0037ECr 1  rr           	makevar	"_Y"
0037EDr 1  rr           	.byte	TOK_ADD_VAR
0037EEr 1  rr           	makevar	"YSIZE"
0037EFr 1  rr           	.byte	TOK_PUSH_1
0037F0r 1  rr           	.byte	TOK_FOR
0037F1r 1  rr           	.byte	TOK_CNJUMP
0037F2r 1  rr rr        	.word	jump_lbl_437
0037F4r 1               jump_lbl_438:
0037F4r 1               @FastBasic_LINE_1479:	; LINE 1479
0037F4r 1  rr           	.byte	TOK_VAR_LOAD
0037F5r 1  rr           	makevar	"_X"
0037F6r 1  rr           	.byte	TOK_PUSH_VAR_LOAD
0037F7r 1  rr           	makevar	"YSTEP"
0037F8r 1  rr           	.byte	TOK_PUSH
0037F9r 1  rr           	.byte	TOK_CALL
0037FAr 1  rr rr        	.word	fb_lbl_POS
0037FCr 1  rr           	.byte	TOK_BYTE
0037FDr 1  1F           	.byte	31
0037FEr 1  rr           	.byte	TOK_ADD_VAR
0037FFr 1  rr           	makevar	"COLOUR"
003800r 1  rr           	.byte	TOK_PUSH
003801r 1  rr           	.byte	TOK_CALL
003802r 1  rr rr        	.word	fb_lbl_PRINTBYTE
003804r 1               @FastBasic_LINE_1480:	; LINE 1480
003804r 1  rr           	.byte	TOK_VAR_SADDR
003805r 1  rr           	makevar	"XSTEP"
003806r 1  rr           	.byte	TOK_PUSH_1
003807r 1  rr           	.byte	TOK_ADD_VAR
003808r 1  rr           	makevar	"_X"
003809r 1  rr           	.byte	TOK_DPOKE
00380Ar 1  rr           	.byte	TOK_VAR_LOAD
00380Br 1  rr           	makevar	"_X"
00380Cr 1  rr           	.byte	TOK_ADD_VAR
00380Dr 1  rr           	makevar	"XSIZE"
00380Er 1  rr           	.byte	TOK_PUSH_1
00380Fr 1  rr           	.byte	TOK_FOR
003810r 1  rr           	.byte	TOK_CNJUMP
003811r 1  rr rr        	.word	jump_lbl_439
003813r 1               jump_lbl_440:
003813r 1               @FastBasic_LINE_1481:	; LINE 1481
003813r 1  rr           	.byte	TOK_VAR_LOAD
003814r 1  rr           	makevar	"XSTEP"
003815r 1  rr           	.byte	TOK_PUSH_VAR_LOAD
003816r 1  rr           	makevar	"YSTEP"
003817r 1  rr           	.byte	TOK_PUSH
003818r 1  rr           	.byte	TOK_CALL
003819r 1  rr rr        	.word	fb_lbl_POS
00381Br 1  rr           	.byte	TOK_0
00381Cr 1  rr           	.byte	TOK_PUSH
00381Dr 1  rr           	.byte	TOK_CALL
00381Er 1  rr rr        	.word	fb_lbl_PRINTBYTE
003820r 1               @FastBasic_LINE_1482:	; LINE 1482
003820r 1  rr           	.byte	TOK_FOR_NEXT
003821r 1  rr           	.byte	TOK_CJUMP
003822r 1  rr rr        	.word	jump_lbl_440
003824r 1               jump_lbl_439:
003824r 1  rr           	.byte	TOK_FOR_EXIT
003825r 1               @FastBasic_LINE_1483:	; LINE 1483
003825r 1  rr           	.byte	TOK_VAR_LOAD
003826r 1  rr           	makevar	"XSTEP"
003827r 1  rr           	.byte	TOK_PUSH_VAR_LOAD
003828r 1  rr           	makevar	"YSTEP"
003829r 1  rr           	.byte	TOK_PUSH
00382Ar 1  rr           	.byte	TOK_CALL
00382Br 1  rr rr        	.word	fb_lbl_POS
00382Dr 1  rr           	.byte	TOK_BYTE
00382Er 1  1F           	.byte	31
00382Fr 1  rr           	.byte	TOK_ADD_VAR
003830r 1  rr           	makevar	"COLOUR"
003831r 1  rr           	.byte	TOK_PUSH
003832r 1  rr           	.byte	TOK_CALL
003833r 1  rr rr        	.word	fb_lbl_PRINTBYTE
003835r 1               @FastBasic_LINE_1484:	; LINE 1484
003835r 1  rr           	.byte	TOK_FOR_NEXT
003836r 1  rr           	.byte	TOK_CJUMP
003837r 1  rr rr        	.word	jump_lbl_438
003839r 1               jump_lbl_437:
003839r 1  rr           	.byte	TOK_FOR_EXIT
00383Ar 1               @FastBasic_LINE_1486:	; LINE 1486
00383Ar 1  rr           	.byte	TOK_VAR_LOAD
00383Br 1  rr           	makevar	"_X"
00383Cr 1  rr           	.byte	TOK_PUSH_VAR_LOAD
00383Dr 1  rr           	makevar	"YSTEP"
00383Er 1  rr           	.byte	TOK_PUSH
00383Fr 1  rr           	.byte	TOK_CALL
003840r 1  rr rr        	.word	fb_lbl_POS
003842r 1  rr           	.byte	TOK_BYTE
003843r 1  79           	.byte	121
003844r 1  rr           	.byte	TOK_ADD_VAR
003845r 1  rr           	makevar	"COLOUR"
003846r 1  rr           	.byte	TOK_PUSH
003847r 1  rr           	.byte	TOK_CALL
003848r 1  rr rr        	.word	fb_lbl_PRINTBYTE
00384Ar 1               @FastBasic_LINE_1487:	; LINE 1487
00384Ar 1  rr           	.byte	TOK_VAR_SADDR
00384Br 1  rr           	makevar	"XSTEP"
00384Cr 1  rr           	.byte	TOK_PUSH_1
00384Dr 1  rr           	.byte	TOK_ADD_VAR
00384Er 1  rr           	makevar	"_X"
00384Fr 1  rr           	.byte	TOK_DPOKE
003850r 1  rr           	.byte	TOK_VAR_LOAD
003851r 1  rr           	makevar	"_X"
003852r 1  rr           	.byte	TOK_ADD_VAR
003853r 1  rr           	makevar	"XSIZE"
003854r 1  rr           	.byte	TOK_PUSH_1
003855r 1  rr           	.byte	TOK_FOR
003856r 1  rr           	.byte	TOK_CNJUMP
003857r 1  rr rr        	.word	jump_lbl_441
003859r 1               jump_lbl_442:
003859r 1               @FastBasic_LINE_1488:	; LINE 1488
003859r 1  rr           	.byte	TOK_VAR_LOAD
00385Ar 1  rr           	makevar	"XSTEP"
00385Br 1  rr           	.byte	TOK_PUSH_VAR_LOAD
00385Cr 1  rr           	makevar	"YSTEP"
00385Dr 1  rr           	.byte	TOK_PUSH
00385Er 1  rr           	.byte	TOK_CALL
00385Fr 1  rr rr        	.word	fb_lbl_POS
003861r 1  rr           	.byte	TOK_BYTE
003862r 1  20           	.byte	32
003863r 1  rr           	.byte	TOK_ADD_VAR
003864r 1  rr           	makevar	"COLOUR"
003865r 1  rr           	.byte	TOK_PUSH
003866r 1  rr           	.byte	TOK_CALL
003867r 1  rr rr        	.word	fb_lbl_PRINTBYTE
003869r 1               @FastBasic_LINE_1489:	; LINE 1489
003869r 1  rr           	.byte	TOK_FOR_NEXT
00386Ar 1  rr           	.byte	TOK_CJUMP
00386Br 1  rr rr        	.word	jump_lbl_442
00386Dr 1               jump_lbl_441:
00386Dr 1  rr           	.byte	TOK_FOR_EXIT
00386Er 1               @FastBasic_LINE_1490:	; LINE 1490
00386Er 1  rr           	.byte	TOK_VAR_LOAD
00386Fr 1  rr           	makevar	"XSTEP"
003870r 1  rr           	.byte	TOK_PUSH_VAR_LOAD
003871r 1  rr           	makevar	"YSTEP"
003872r 1  rr           	.byte	TOK_PUSH
003873r 1  rr           	.byte	TOK_CALL
003874r 1  rr rr        	.word	fb_lbl_POS
003876r 1  rr           	.byte	TOK_BYTE
003877r 1  7A           	.byte	122
003878r 1  rr           	.byte	TOK_ADD_VAR
003879r 1  rr           	makevar	"COLOUR"
00387Ar 1  rr           	.byte	TOK_PUSH
00387Br 1  rr           	.byte	TOK_JUMP
00387Cr 1  rr rr        	.word	fb_lbl_PRINTBYTE
00387Er 1               @FastBasic_LINE_1493:	; LINE 1493
00387Er 1               	.segment "BYTECODE"
00387Er 1               	.export	fb_lbl_DRAWPLAYERSRESULTS
00387Er 1               fb_lbl_DRAWPLAYERSRESULTS:
00387Er 1               @FastBasic_LINE_1495:	; LINE 1495
00387Er 1  rr           	.byte	TOK_1
00387Fr 1  rr           	.byte	TOK_VAR_STORE
003880r 1  rr           	makevar	"X"
003881r 1  rr           	.byte	TOK_BYTE
003882r 1  02           	.byte	2
003883r 1  rr           	.byte	TOK_VAR_STORE
003884r 1  rr           	makevar	"Y"
003885r 1               @FastBasic_LINE_1496:	; LINE 1496
003885r 1  rr           	.byte	TOK_VAR_SADDR
003886r 1  rr           	makevar	"AA"
003887r 1  rr           	.byte	TOK_PUSH_0
003888r 1  rr           	.byte	TOK_DPOKE
003889r 1  rr           	.byte	TOK_BYTE
00388Ar 1  05           	.byte	5
00388Br 1  rr           	.byte	TOK_PUSH_1
00388Cr 1  rr           	.byte	TOK_FOR
00388Dr 1  rr           	.byte	TOK_CNJUMP
00388Er 1  rr rr        	.word	jump_lbl_445
003890r 1               jump_lbl_446:
003890r 1               @FastBasic_LINE_1497:	; LINE 1497
003890r 1  rr           	.byte	TOK_VAR_LOAD
003891r 1  rr           	makevar	"AA"
003892r 1  rr           	.byte	TOK_USHL
003893r 1  rr           	.byte	TOK_ADD_VAR
003894r 1  rr           	makevar	"PLAYERNAME"
003895r 1  rr           	.byte	TOK_DPEEK
003896r 1  rr           	.byte	TOK_PUSH
003897r 1  rr           	.byte	TOK_CSTRING
003898r 1  00           	.byte	0
003899r 1  rr           	.byte	TOK_CMP_STR
00389Ar 1  rr           	.byte	TOK_NEQ
00389Br 1  rr           	.byte	TOK_CJUMP
00389Cr 1  rr rr        	.word	jump_lbl_447
00389Er 1               @FastBasic_LINE_1498:	; LINE 1498
00389Er 1  rr           	.byte	TOK_VAR_LOAD
00389Fr 1  rr           	makevar	"AA"
0038A0r 1  rr           	.byte	TOK_USHL
0038A1r 1  rr           	.byte	TOK_ADD_VAR
0038A2r 1  rr           	makevar	"PLAYERNAME"
0038A3r 1  rr           	.byte	TOK_DPEEK
0038A4r 1  rr           	.byte	TOK_PEEK
0038A5r 1  rr           	.byte	TOK_VAR_STORE
0038A6r 1  rr           	makevar	"XOFFSET"
0038A7r 1               @FastBasic_LINE_1499:	; LINE 1499
0038A7r 1  rr           	.byte	TOK_VAR_LOAD
0038A8r 1  rr           	makevar	"XOFFSET"
0038A9r 1  rr           	.byte	TOK_PUSH_BYTE
0038AAr 1  0C           	.byte	12
0038ABr 1  rr           	.byte	TOK_GT
0038ACr 1  rr           	.byte	TOK_CJUMP
0038ADr 1  rr rr        	.word	jump_lbl_448
0038AFr 1  rr           	.byte	TOK_BYTE
0038B0r 1  0C           	.byte	12
0038B1r 1  rr           	.byte	TOK_VAR_STORE
0038B2r 1  rr           	makevar	"XOFFSET"
0038B3r 1               jump_lbl_448:
0038B3r 1               @FastBasic_LINE_1500:	; LINE 1500
0038B3r 1  rr           	.byte	TOK_VAR_LOAD
0038B4r 1  rr           	makevar	"XOFFSET"
0038B5r 1  rr           	.byte	TOK_PUSH_BYTE
0038B6r 1  09           	.byte	9
0038B7r 1  rr           	.byte	TOK_LT
0038B8r 1  rr           	.byte	TOK_CJUMP
0038B9r 1  rr rr        	.word	jump_lbl_449
0038BBr 1  rr           	.byte	TOK_BYTE
0038BCr 1  09           	.byte	9
0038BDr 1  rr           	.byte	TOK_VAR_STORE
0038BEr 1  rr           	makevar	"XOFFSET"
0038BFr 1               jump_lbl_449:
0038BFr 1               @FastBasic_LINE_1501:	; LINE 1501
0038BFr 1  rr           	.byte	TOK_0
0038C0r 1  rr           	.byte	TOK_PUSH_BYTE
0038C1r 1  03           	.byte	3
0038C2r 1  rr           	.byte	TOK_ADD_VAR
0038C3r 1  rr           	makevar	"Y"
0038C4r 1  rr           	.byte	TOK_PUSH
0038C5r 1  rr           	.byte	TOK_CALL
0038C6r 1  rr rr        	.word	fb_lbl_POS
0038C8r 1  rr           	.byte	TOK_CSTRING
0038C9r 1  28 40 40 40  	.byte	40, "@@@@@@@@@@@@@@@@@@@@@@@@@@@@@@@@@@@@@@@@"
0038CDr 1  40 40 40 40  
0038D1r 1  40 40 40 40  
0038F2r 1  rr           	.byte	TOK_PUSH
0038F3r 1  rr           	.byte	TOK_CALL
0038F4r 1  rr rr        	.word	fb_lbl_PRINT
0038F6r 1               @FastBasic_LINE_1502:	; LINE 1502
0038F6r 1  rr           	.byte	TOK_VAR_LOAD
0038F7r 1  rr           	makevar	"AA"
0038F8r 1  rr           	.byte	TOK_USHL
0038F9r 1  rr           	.byte	TOK_ADD_VAR
0038FAr 1  rr           	makevar	"PLAYERSTATUS"
0038FBr 1  rr           	.byte	TOK_DPEEK
0038FCr 1  rr           	.byte	TOK_PUSH_BYTE
0038FDr 1  03           	.byte	3
0038FEr 1  rr           	.byte	TOK_EQ
0038FFr 1  rr           	.byte	TOK_PUSH_VAR_LOAD
003900r 1  rr           	makevar	"AA"
003901r 1  rr           	.byte	TOK_USHL
003902r 1  rr           	.byte	TOK_ADD_VAR
003903r 1  rr           	makevar	"PLAYERHAND"
003904r 1  rr           	.byte	TOK_DPEEK
003905r 1  rr           	.byte	TOK_PUSH
003906r 1  rr           	.byte	TOK_CSTRING
003907r 1  00           	.byte	0
003908r 1  rr           	.byte	TOK_CMP_STR
003909r 1  rr           	.byte	TOK_NEQ
00390Ar 1  rr           	.byte	TOK_L_AND
00390Br 1  rr           	.byte	TOK_CJUMP
00390Cr 1  rr rr        	.word	jump_lbl_450
00390Er 1               @FastBasic_LINE_1503:	; LINE 1503
00390Er 1  rr           	.byte	TOK_VAR_LOAD
00390Fr 1  rr           	makevar	"X"
003910r 1  rr           	.byte	TOK_PUSH_VAR_LOAD
003911r 1  rr           	makevar	"Y"
003912r 1  rr           	.byte	TOK_PUSH
003913r 1  rr           	.byte	TOK_CALL
003914r 1  rr rr        	.word	fb_lbl_POS
003916r 1  rr           	.byte	TOK_VAR_LOAD
003917r 1  rr           	makevar	"AA"
003918r 1  rr           	.byte	TOK_USHL
003919r 1  rr           	.byte	TOK_ADD_VAR
00391Ar 1  rr           	makevar	"PLAYERNAME"
00391Br 1  rr           	.byte	TOK_DPEEK
00391Cr 1  rr           	.byte	TOK_PUSH_1
00391Dr 1  rr           	.byte	TOK_PUSH_VAR_LOAD
00391Er 1  rr           	makevar	"XOFFSET"
00391Fr 1  rr           	.byte	TOK_STR_IDX
003920r 1  rr           	.byte	TOK_PUSH
003921r 1  rr           	.byte	TOK_CALL
003922r 1  rr rr        	.word	fb_lbl_PRINTUPPER
003924r 1  rr           	.byte	TOK_CSTRING
003925r 1  01 3A        	.byte	1, ":"
003927r 1  rr           	.byte	TOK_PUSH
003928r 1  rr           	.byte	TOK_CALL
003929r 1  rr rr        	.word	fb_lbl_PRINT
00392Br 1               @FastBasic_LINE_1504:	; LINE 1504
00392Br 1  rr           	.byte	TOK_BYTE
00392Cr 1  07           	.byte	7
00392Dr 1  rr           	.byte	TOK_ADD_VAR
00392Er 1  rr           	makevar	"X"
00392Fr 1  rr           	.byte	TOK_PUSH_1
003930r 1  rr           	.byte	TOK_ADD_VAR
003931r 1  rr           	makevar	"Y"
003932r 1  rr           	.byte	TOK_PUSH
003933r 1  rr           	.byte	TOK_CALL
003934r 1  rr rr        	.word	fb_lbl_POS
003936r 1  rr           	.byte	TOK_CSTRING
003937r 1  0C 52 4F 55  	.byte	12, "ROUND WINNER"
00393Br 1  4E 44 20 57  
00393Fr 1  49 4E 4E 45  
003944r 1  rr           	.byte	TOK_PUSH
003945r 1  rr           	.byte	TOK_CALL
003946r 1  rr rr        	.word	fb_lbl_PRINT
003948r 1               @FastBasic_LINE_1505:	; LINE 1505
003948r 1  rr           	.byte	TOK_BYTE
003949r 1  09           	.byte	9
00394Ar 1  rr           	.byte	TOK_ADD_VAR
00394Br 1  rr           	makevar	"XOFFSET"
00394Cr 1  rr           	.byte	TOK_VAR_STORE
00394Dr 1  rr           	makevar	"XOFFSET"
00394Er 1               @FastBasic_LINE_1506:	; LINE 1506
00394Er 1  rr           	.byte	TOK_JUMP
00394Fr 1  rr rr        	.word	jump_lbl_451
003951r 1               jump_lbl_450:
003951r 1               @FastBasic_LINE_1507:	; LINE 1507
003951r 1  rr           	.byte	TOK_VAR_LOAD
003952r 1  rr           	makevar	"X"
003953r 1  rr           	.byte	TOK_PUSH_VAR_LOAD
003954r 1  rr           	makevar	"Y"
003955r 1  rr           	.byte	TOK_PUSH
003956r 1  rr           	.byte	TOK_CALL
003957r 1  rr rr        	.word	fb_lbl_POS
003959r 1  rr           	.byte	TOK_VAR_LOAD
00395Ar 1  rr           	makevar	"AA"
00395Br 1  rr           	.byte	TOK_USHL
00395Cr 1  rr           	.byte	TOK_ADD_VAR
00395Dr 1  rr           	makevar	"PLAYERNAME"
00395Er 1  rr           	.byte	TOK_DPEEK
00395Fr 1  rr           	.byte	TOK_PUSH_1
003960r 1  rr           	.byte	TOK_PUSH_VAR_LOAD
003961r 1  rr           	makevar	"XOFFSET"
003962r 1  rr           	.byte	TOK_STR_IDX
003963r 1  rr           	.byte	TOK_PUSH
003964r 1  rr           	.byte	TOK_CALL
003965r 1  rr rr        	.word	fb_lbl_PRINTUPPER
003967r 1  rr           	.byte	TOK_CSTRING
003968r 1  01 3A        	.byte	1, ":"
00396Ar 1  rr           	.byte	TOK_PUSH
00396Br 1  rr           	.byte	TOK_CALL
00396Cr 1  rr rr        	.word	fb_lbl_PRINT
00396Er 1               @FastBasic_LINE_1508:	; LINE 1508
00396Er 1               jump_lbl_451:
00396Er 1               @FastBasic_LINE_1509:	; LINE 1509
00396Er 1  rr           	.byte	TOK_VAR_LOAD
00396Fr 1  rr           	makevar	"AA"
003970r 1  rr           	.byte	TOK_PUSH_BYTE
003971r 1  02           	.byte	2
003972r 1  rr           	.byte	TOK_ADD_VAR
003973r 1  rr           	makevar	"XOFFSET"
003974r 1  rr           	.byte	TOK_PUSH_VAR_LOAD
003975r 1  rr           	makevar	"Y"
003976r 1  rr           	.byte	TOK_PUSH
003977r 1  rr           	.byte	TOK_CALL
003978r 1  rr rr        	.word	fb_lbl_DRAWRESULTHANDS
00397Ar 1               @FastBasic_LINE_1510:	; LINE 1510
00397Ar 1  rr           	.byte	TOK_BYTE
00397Br 1  02           	.byte	2
00397Cr 1  rr           	.byte	TOK_ADD_VAR
00397Dr 1  rr           	makevar	"X"
00397Er 1  rr           	.byte	TOK_PUSH_1
00397Fr 1  rr           	.byte	TOK_ADD_VAR
003980r 1  rr           	makevar	"Y"
003981r 1  rr           	.byte	TOK_PUSH_VAR_LOAD
003982r 1  rr           	makevar	"AA"
003983r 1  rr           	.byte	TOK_USHL
003984r 1  rr           	.byte	TOK_ADD_VAR
003985r 1  rr           	makevar	"PLAYERBLACKTOKENS"
003986r 1  rr           	.byte	TOK_DPEEK
003987r 1  rr           	.byte	TOK_PUSH_VAR_LOAD
003988r 1  rr           	makevar	"AA"
003989r 1  rr           	.byte	TOK_USHL
00398Ar 1  rr           	.byte	TOK_ADD_VAR
00398Br 1  rr           	makevar	"PLAYERWHITETOKENS"
00398Cr 1  rr           	.byte	TOK_DPEEK
00398Dr 1  rr           	.byte	TOK_PUSH
00398Er 1  rr           	.byte	TOK_CALL
00398Fr 1  rr rr        	.word	fb_lbl_DRAWPLAYERSCORE
003991r 1               @FastBasic_LINE_1511:	; LINE 1511
003991r 1  rr           	.byte	TOK_VAR_LOAD
003992r 1  rr           	makevar	"X"
003993r 1  rr           	.byte	TOK_PUSH_BYTE
003994r 1  02           	.byte	2
003995r 1  rr           	.byte	TOK_ADD_VAR
003996r 1  rr           	makevar	"Y"
003997r 1  rr           	.byte	TOK_PUSH
003998r 1  rr           	.byte	TOK_CALL
003999r 1  rr rr        	.word	fb_lbl_POS
00399Br 1  rr           	.byte	TOK_CSTRING
00399Cr 1  06 53 43 4F  	.byte	6, "SCORE:"
0039A0r 1  52 45 3A     
0039A3r 1  rr           	.byte	TOK_PUSH
0039A4r 1  rr           	.byte	TOK_CALL
0039A5r 1  rr rr        	.word	fb_lbl_PRINT
0039A7r 1               @FastBasic_LINE_1512:	; LINE 1512
0039A7r 1  rr           	.byte	TOK_BYTE
0039A8r 1  06           	.byte	6
0039A9r 1  rr           	.byte	TOK_ADD_VAR
0039AAr 1  rr           	makevar	"X"
0039ABr 1  rr           	.byte	TOK_PUSH_BYTE
0039ACr 1  02           	.byte	2
0039ADr 1  rr           	.byte	TOK_ADD_VAR
0039AEr 1  rr           	makevar	"Y"
0039AFr 1  rr           	.byte	TOK_PUSH
0039B0r 1  rr           	.byte	TOK_CALL
0039B1r 1  rr rr        	.word	fb_lbl_POS
0039B3r 1  rr           	.byte	TOK_VAR_LOAD
0039B4r 1  rr           	makevar	"AA"
0039B5r 1  rr           	.byte	TOK_USHL
0039B6r 1  rr           	.byte	TOK_ADD_VAR
0039B7r 1  rr           	makevar	"PLAYERSCORE"
0039B8r 1  rr           	.byte	TOK_DPEEK
0039B9r 1  rr           	.byte	TOK_PUSH
0039BAr 1  rr           	.byte	TOK_CALL
0039BBr 1  rr rr        	.word	fb_lbl_PRINTVAL
0039BDr 1               @FastBasic_LINE_1513:	; LINE 1513
0039BDr 1  rr           	.byte	TOK_VAR_LOAD
0039BEr 1  rr           	makevar	"AA"
0039BFr 1  rr           	.byte	TOK_USHL
0039C0r 1  rr           	.byte	TOK_ADD_VAR
0039C1r 1  rr           	makevar	"PLAYERHAND"
0039C2r 1  rr           	.byte	TOK_DPEEK
0039C3r 1  rr           	.byte	TOK_PUSH
0039C4r 1  rr           	.byte	TOK_CSTRING
0039C5r 1  00           	.byte	0
0039C6r 1  rr           	.byte	TOK_CMP_STR
0039C7r 1  rr           	.byte	TOK_EQ
0039C8r 1  rr           	.byte	TOK_CJUMP
0039C9r 1  rr rr        	.word	jump_lbl_452
0039CBr 1               @FastBasic_LINE_1514:	; LINE 1514
0039CBr 1  rr           	.byte	TOK_VAR_LOAD
0039CCr 1  rr           	makevar	"X"
0039CDr 1  rr           	.byte	TOK_PUSH_VAR_LOAD
0039CEr 1  rr           	makevar	"Y"
0039CFr 1  rr           	.byte	TOK_PUSH
0039D0r 1  rr           	.byte	TOK_CALL
0039D1r 1  rr rr        	.word	fb_lbl_POS
0039D3r 1  rr           	.byte	TOK_VAR_LOAD
0039D4r 1  rr           	makevar	"AA"
0039D5r 1  rr           	.byte	TOK_USHL
0039D6r 1  rr           	.byte	TOK_ADD_VAR
0039D7r 1  rr           	makevar	"PLAYERNAME"
0039D8r 1  rr           	.byte	TOK_DPEEK
0039D9r 1  rr           	.byte	TOK_PUSH_1
0039DAr 1  rr           	.byte	TOK_PUSH_VAR_LOAD
0039DBr 1  rr           	makevar	"XOFFSET"
0039DCr 1  rr           	.byte	TOK_STR_IDX
0039DDr 1  rr           	.byte	TOK_PUSH
0039DEr 1  rr           	.byte	TOK_CALL
0039DFr 1  rr rr        	.word	fb_lbl_PRINTUPPER
0039E1r 1  rr           	.byte	TOK_CSTRING
0039E2r 1  12 20 48 41  	.byte	18, " HAS NO CARDS LEFT"
0039E6r 1  53 20 4E 4F  
0039EAr 1  20 43 41 52  
0039F5r 1  rr           	.byte	TOK_PUSH
0039F6r 1  rr           	.byte	TOK_CALL
0039F7r 1  rr rr        	.word	fb_lbl_PRINT
0039F9r 1               @FastBasic_LINE_1515:	; LINE 1515
0039F9r 1  rr           	.byte	TOK_BYTE
0039FAr 1  07           	.byte	7
0039FBr 1  rr           	.byte	TOK_ADD_VAR
0039FCr 1  rr           	makevar	"X"
0039FDr 1  rr           	.byte	TOK_PUSH_1
0039FEr 1  rr           	.byte	TOK_ADD_VAR
0039FFr 1  rr           	makevar	"Y"
003A00r 1  rr           	.byte	TOK_PUSH
003A01r 1  rr           	.byte	TOK_CALL
003A02r 1  rr rr        	.word	fb_lbl_POS
003A04r 1  rr           	.byte	TOK_CSTRING
003A05r 1  12 57 49 4E  	.byte	18, "WININNG THIS ROUND"
003A09r 1  49 4E 4E 47  
003A0Dr 1  20 54 48 49  
003A18r 1  rr           	.byte	TOK_PUSH
003A19r 1  rr           	.byte	TOK_CALL
003A1Ar 1  rr rr        	.word	fb_lbl_PRINT
003A1Cr 1               @FastBasic_LINE_1516:	; LINE 1516
003A1Cr 1               jump_lbl_452:
003A1Cr 1               @FastBasic_LINE_1517:	; LINE 1517
003A1Cr 1  rr           	.byte	TOK_BYTE
003A1Dr 1  04           	.byte	4
003A1Er 1  rr           	.byte	TOK_ADD_VAR
003A1Fr 1  rr           	makevar	"Y"
003A20r 1  rr           	.byte	TOK_VAR_STORE
003A21r 1  rr           	makevar	"Y"
003A22r 1               @FastBasic_LINE_1518:	; LINE 1518
003A22r 1               jump_lbl_447:
003A22r 1               @FastBasic_LINE_1519:	; LINE 1519
003A22r 1  rr           	.byte	TOK_FOR_NEXT
003A23r 1  rr           	.byte	TOK_CJUMP
003A24r 1  rr rr        	.word	jump_lbl_446
003A26r 1               jump_lbl_445:
003A26r 1  rr           	.byte	TOK_FOR_EXIT
003A27r 1               @FastBasic_LINE_1520:	; LINE 1520
003A27r 1  rr           	.byte	TOK_RET
003A28r 1               @FastBasic_LINE_1522:	; LINE 1522
003A28r 1               	.segment "BYTECODE"
003A28r 1               	.export	fb_lbl_DRAWFINALRESULTS
003A28r 1               fb_lbl_DRAWFINALRESULTS:
003A28r 1               @FastBasic_LINE_1524:	; LINE 1524
003A28r 1  rr           	.byte	TOK_1
003A29r 1  rr           	.byte	TOK_VAR_STORE
003A2Ar 1  rr           	makevar	"X"
003A2Br 1  rr           	.byte	TOK_BYTE
003A2Cr 1  02           	.byte	2
003A2Dr 1  rr           	.byte	TOK_VAR_STORE
003A2Er 1  rr           	makevar	"Y"
003A2Fr 1  rr           	.byte	TOK_VAR_STORE_0
003A30r 1  rr           	makevar	"LOSER"
003A31r 1               @FastBasic_LINE_1525:	; LINE 1525
003A31r 1  rr           	.byte	TOK_VAR_SADDR
003A32r 1  rr           	makevar	"AA"
003A33r 1  rr           	.byte	TOK_PUSH_0
003A34r 1  rr           	.byte	TOK_DPOKE
003A35r 1  rr           	.byte	TOK_BYTE
003A36r 1  05           	.byte	5
003A37r 1  rr           	.byte	TOK_PUSH_1
003A38r 1  rr           	.byte	TOK_FOR
003A39r 1  rr           	.byte	TOK_CNJUMP
003A3Ar 1  rr rr        	.word	jump_lbl_455
003A3Cr 1               jump_lbl_456:
003A3Cr 1               @FastBasic_LINE_1526:	; LINE 1526
003A3Cr 1  rr           	.byte	TOK_VAR_LOAD
003A3Dr 1  rr           	makevar	"AA"
003A3Er 1  rr           	.byte	TOK_USHL
003A3Fr 1  rr           	.byte	TOK_ADD_VAR
003A40r 1  rr           	makevar	"PLAYERNAME"
003A41r 1  rr           	.byte	TOK_DPEEK
003A42r 1  rr           	.byte	TOK_PUSH
003A43r 1  rr           	.byte	TOK_CSTRING
003A44r 1  00           	.byte	0
003A45r 1  rr           	.byte	TOK_CMP_STR
003A46r 1  rr           	.byte	TOK_NEQ
003A47r 1  rr           	.byte	TOK_CJUMP
003A48r 1  rr rr        	.word	jump_lbl_457
003A4Ar 1               @FastBasic_LINE_1527:	; LINE 1527
003A4Ar 1  rr           	.byte	TOK_VAR_LOAD
003A4Br 1  rr           	makevar	"AA"
003A4Cr 1  rr           	.byte	TOK_COMP_0
003A4Dr 1  rr           	.byte	TOK_CNJUMP
003A4Er 1  rr rr        	.word	jump_lbl_458
003A50r 1               @FastBasic_LINE_1528:	; LINE 1528
003A50r 1  rr           	.byte	TOK_VAR_LOAD
003A51r 1  rr           	makevar	"X"
003A52r 1  rr           	.byte	TOK_PUSH_VAR_LOAD
003A53r 1  rr           	makevar	"Y"
003A54r 1  rr           	.byte	TOK_PUSH
003A55r 1  rr           	.byte	TOK_CALL
003A56r 1  rr rr        	.word	fb_lbl_POS
003A58r 1  rr           	.byte	TOK_VAR_LOAD
003A59r 1  rr           	makevar	"AA"
003A5Ar 1  rr           	.byte	TOK_USHL
003A5Br 1  rr           	.byte	TOK_ADD_VAR
003A5Cr 1  rr           	makevar	"PLAYERNAME"
003A5Dr 1  rr           	.byte	TOK_DPEEK
003A5Er 1  rr           	.byte	TOK_PUSH_1
003A5Fr 1  rr           	.byte	TOK_PUSH_BYTE
003A60r 1  0C           	.byte	12
003A61r 1  rr           	.byte	TOK_STR_IDX
003A62r 1  rr           	.byte	TOK_PUSH
003A63r 1  rr           	.byte	TOK_CALL
003A64r 1  rr rr        	.word	fb_lbl_PRINTUPPER
003A66r 1  rr           	.byte	TOK_CSTRING
003A67r 1  1F 20 49 53  	.byte	31, " IS THE WINNER WITH A SCORE OF "
003A6Br 1  20 54 48 45  
003A6Fr 1  20 57 49 4E  
003A87r 1  rr           	.byte	TOK_PUSH
003A88r 1  rr           	.byte	TOK_CALL
003A89r 1  rr rr        	.word	fb_lbl_PRINT
003A8Br 1  rr           	.byte	TOK_VAR_LOAD
003A8Cr 1  rr           	makevar	"AA"
003A8Dr 1  rr           	.byte	TOK_USHL
003A8Er 1  rr           	.byte	TOK_ADD_VAR
003A8Fr 1  rr           	makevar	"PLAYERSCORE"
003A90r 1  rr           	.byte	TOK_DPEEK
003A91r 1  rr           	.byte	TOK_PUSH
003A92r 1  rr           	.byte	TOK_CALL
003A93r 1  rr rr        	.word	fb_lbl_PRINTVAL
003A95r 1               @FastBasic_LINE_1529:	; LINE 1529
003A95r 1  rr           	.byte	TOK_JUMP
003A96r 1  rr rr        	.word	jump_lbl_459
003A98r 1               jump_lbl_458:
003A98r 1               @FastBasic_LINE_1530:	; LINE 1530
003A98r 1  rr           	.byte	TOK_VAR_LOAD
003A99r 1  rr           	makevar	"X"
003A9Ar 1  rr           	.byte	TOK_PUSH_VAR_LOAD
003A9Br 1  rr           	makevar	"Y"
003A9Cr 1  rr           	.byte	TOK_PUSH
003A9Dr 1  rr           	.byte	TOK_CALL
003A9Er 1  rr rr        	.word	fb_lbl_POS
003AA0r 1  rr           	.byte	TOK_VAR_LOAD
003AA1r 1  rr           	makevar	"AA"
003AA2r 1  rr           	.byte	TOK_USHL
003AA3r 1  rr           	.byte	TOK_ADD_VAR
003AA4r 1  rr           	makevar	"PLAYERNAME"
003AA5r 1  rr           	.byte	TOK_DPEEK
003AA6r 1  rr           	.byte	TOK_PUSH_1
003AA7r 1  rr           	.byte	TOK_PUSH_BYTE
003AA8r 1  0C           	.byte	12
003AA9r 1  rr           	.byte	TOK_STR_IDX
003AAAr 1  rr           	.byte	TOK_PUSH
003AABr 1  rr           	.byte	TOK_CALL
003AACr 1  rr rr        	.word	fb_lbl_PRINTUPPER
003AAEr 1  rr           	.byte	TOK_CSTRING
003AAFr 1  07 20 53 43  	.byte	7, " SCORE:"
003AB3r 1  4F 52 45 3A  
003AB7r 1  rr           	.byte	TOK_PUSH
003AB8r 1  rr           	.byte	TOK_CALL
003AB9r 1  rr rr        	.word	fb_lbl_PRINT
003ABBr 1  rr           	.byte	TOK_VAR_LOAD
003ABCr 1  rr           	makevar	"AA"
003ABDr 1  rr           	.byte	TOK_USHL
003ABEr 1  rr           	.byte	TOK_ADD_VAR
003ABFr 1  rr           	makevar	"PLAYERSCORE"
003AC0r 1  rr           	.byte	TOK_DPEEK
003AC1r 1  rr           	.byte	TOK_PUSH
003AC2r 1  rr           	.byte	TOK_CALL
003AC3r 1  rr rr        	.word	fb_lbl_PRINTVAL
003AC5r 1               @FastBasic_LINE_1531:	; LINE 1531
003AC5r 1               jump_lbl_459:
003AC5r 1               @FastBasic_LINE_1532:	; LINE 1532
003AC5r 1  rr           	.byte	TOK_0
003AC6r 1  rr           	.byte	TOK_PUSH_1
003AC7r 1  rr           	.byte	TOK_ADD_VAR
003AC8r 1  rr           	makevar	"Y"
003AC9r 1  rr           	.byte	TOK_PUSH
003ACAr 1  rr           	.byte	TOK_CALL
003ACBr 1  rr rr        	.word	fb_lbl_POS
003ACDr 1  rr           	.byte	TOK_CSTRING
003ACEr 1  28 40 40 40  	.byte	40, "@@@@@@@@@@@@@@@@@@@@@@@@@@@@@@@@@@@@@@@@"
003AD2r 1  40 40 40 40  
003AD6r 1  40 40 40 40  
003AF7r 1  rr           	.byte	TOK_PUSH
003AF8r 1  rr           	.byte	TOK_CALL
003AF9r 1  rr rr        	.word	fb_lbl_PRINT
003AFBr 1               @FastBasic_LINE_1533:	; LINE 1533
003AFBr 1  rr           	.byte	TOK_BYTE
003AFCr 1  02           	.byte	2
003AFDr 1  rr           	.byte	TOK_ADD_VAR
003AFEr 1  rr           	makevar	"Y"
003AFFr 1  rr           	.byte	TOK_VAR_STORE
003B00r 1  rr           	makevar	"Y"
003B01r 1               @FastBasic_LINE_1534:	; LINE 1534
003B01r 1  rr           	.byte	TOK_VAR_LOAD
003B02r 1  rr           	makevar	"AA"
003B03r 1  rr           	.byte	TOK_VAR_STORE
003B04r 1  rr           	makevar	"LOSER"
003B05r 1               @FastBasic_LINE_1535:	; LINE 1535
003B05r 1               jump_lbl_457:
003B05r 1               @FastBasic_LINE_1536:	; LINE 1536
003B05r 1  rr           	.byte	TOK_FOR_NEXT
003B06r 1  rr           	.byte	TOK_CJUMP
003B07r 1  rr rr        	.word	jump_lbl_456
003B09r 1               jump_lbl_455:
003B09r 1  rr           	.byte	TOK_FOR_EXIT
003B0Ar 1               @FastBasic_LINE_1537:	; LINE 1537
003B0Ar 1  rr           	.byte	TOK_VAR_LOAD
003B0Br 1  rr           	makevar	"Y"
003B0Cr 1  rr           	.byte	TOK_PUSH_BYTE
003B0Dr 1  02           	.byte	2
003B0Er 1  rr           	.byte	TOK_SUB
003B0Fr 1  rr           	.byte	TOK_VAR_STORE
003B10r 1  rr           	makevar	"Y"
003B11r 1               @FastBasic_LINE_1538:	; LINE 1538
003B11r 1  rr           	.byte	TOK_0
003B12r 1  rr           	.byte	TOK_PUSH_1
003B13r 1  rr           	.byte	TOK_ADD_VAR
003B14r 1  rr           	makevar	"Y"
003B15r 1  rr           	.byte	TOK_PUSH
003B16r 1  rr           	.byte	TOK_CALL
003B17r 1  rr rr        	.word	fb_lbl_POS
003B19r 1  rr           	.byte	TOK_CSTRING
003B1Ar 1  28 20 20 20  	.byte	40, "                                        "
003B1Er 1  20 20 20 20  
003B22r 1  20 20 20 20  
003B43r 1  rr           	.byte	TOK_PUSH
003B44r 1  rr           	.byte	TOK_CALL
003B45r 1  rr rr        	.word	fb_lbl_PRINT
003B47r 1               @FastBasic_LINE_1539:	; LINE 1539
003B47r 1  rr           	.byte	TOK_VAR_LOAD
003B48r 1  rr           	makevar	"X"
003B49r 1  rr           	.byte	TOK_PUSH_VAR_LOAD
003B4Ar 1  rr           	makevar	"Y"
003B4Br 1  rr           	.byte	TOK_PUSH
003B4Cr 1  rr           	.byte	TOK_CALL
003B4Dr 1  rr rr        	.word	fb_lbl_POS
003B4Fr 1  rr           	.byte	TOK_VAR_LOAD
003B50r 1  rr           	makevar	"LOSER"
003B51r 1  rr           	.byte	TOK_USHL
003B52r 1  rr           	.byte	TOK_ADD_VAR
003B53r 1  rr           	makevar	"PLAYERNAME"
003B54r 1  rr           	.byte	TOK_DPEEK
003B55r 1  rr           	.byte	TOK_PUSH_1
003B56r 1  rr           	.byte	TOK_PUSH_BYTE
003B57r 1  0C           	.byte	12
003B58r 1  rr           	.byte	TOK_STR_IDX
003B59r 1  rr           	.byte	TOK_PUSH
003B5Ar 1  rr           	.byte	TOK_CALL
003B5Br 1  rr rr        	.word	fb_lbl_PRINTUPPER
003B5Dr 1  rr           	.byte	TOK_CSTRING
003B5Er 1  17 20 42 55  	.byte	23, " BUSTED ENDING THE GAME"
003B62r 1  53 54 45 44  
003B66r 1  20 45 4E 44  
003B76r 1  rr           	.byte	TOK_PUSH
003B77r 1  rr           	.byte	TOK_CALL
003B78r 1  rr rr        	.word	fb_lbl_PRINT
003B7Ar 1               @FastBasic_LINE_1540:	; LINE 1540
003B7Ar 1  rr           	.byte	TOK_VAR_LOAD
003B7Br 1  rr           	makevar	"X"
003B7Cr 1  rr           	.byte	TOK_PUSH_1
003B7Dr 1  rr           	.byte	TOK_ADD_VAR
003B7Er 1  rr           	makevar	"Y"
003B7Fr 1  rr           	.byte	TOK_PUSH
003B80r 1  rr           	.byte	TOK_CALL
003B81r 1  rr rr        	.word	fb_lbl_POS
003B83r 1  rr           	.byte	TOK_CSTRING
003B84r 1  10 57 49 54  	.byte	16, "WITH A SCORE OF "
003B88r 1  48 20 41 20  
003B8Cr 1  53 43 4F 52  
003B95r 1  rr           	.byte	TOK_PUSH
003B96r 1  rr           	.byte	TOK_CALL
003B97r 1  rr rr        	.word	fb_lbl_PRINT
003B99r 1  rr           	.byte	TOK_VAR_LOAD
003B9Ar 1  rr           	makevar	"LOSER"
003B9Br 1  rr           	.byte	TOK_USHL
003B9Cr 1  rr           	.byte	TOK_ADD_VAR
003B9Dr 1  rr           	makevar	"PLAYERSCORE"
003B9Er 1  rr           	.byte	TOK_DPEEK
003B9Fr 1  rr           	.byte	TOK_PUSH
003BA0r 1  rr           	.byte	TOK_CALL
003BA1r 1  rr rr        	.word	fb_lbl_PRINTVAL
003BA3r 1               @FastBasic_LINE_1541:	; LINE 1541
003BA3r 1  rr           	.byte	TOK_VAR_LOAD
003BA4r 1  rr           	makevar	"X"
003BA5r 1  rr           	.byte	TOK_PUSH_BYTE
003BA6r 1  02           	.byte	2
003BA7r 1  rr           	.byte	TOK_ADD_VAR
003BA8r 1  rr           	makevar	"Y"
003BA9r 1  rr           	.byte	TOK_PUSH
003BAAr 1  rr           	.byte	TOK_CALL
003BABr 1  rr rr        	.word	fb_lbl_POS
003BADr 1  rr           	.byte	TOK_CSTRING
003BAEr 1  0F 53 4F 20  	.byte	15, "SO IS THE LOSER"
003BB2r 1  49 53 20 54  
003BB6r 1  48 45 20 4C  
003BBEr 1  rr           	.byte	TOK_PUSH
003BBFr 1  rr           	.byte	TOK_CALL
003BC0r 1  rr rr        	.word	fb_lbl_PRINT
003BC2r 1               @FastBasic_LINE_1542:	; LINE 1542
003BC2r 1  rr           	.byte	TOK_0
003BC3r 1  rr           	.byte	TOK_PUSH_BYTE
003BC4r 1  03           	.byte	3
003BC5r 1  rr           	.byte	TOK_ADD_VAR
003BC6r 1  rr           	makevar	"Y"
003BC7r 1  rr           	.byte	TOK_PUSH
003BC8r 1  rr           	.byte	TOK_CALL
003BC9r 1  rr rr        	.word	fb_lbl_POS
003BCBr 1  rr           	.byte	TOK_CSTRING
003BCCr 1  28 40 40 40  	.byte	40, "@@@@@@@@@@@@@@@@@@@@@@@@@@@@@@@@@@@@@@@@"
003BD0r 1  40 40 40 40  
003BD4r 1  40 40 40 40  
003BF5r 1  rr           	.byte	TOK_PUSH
003BF6r 1  rr           	.byte	TOK_JUMP
003BF7r 1  rr rr        	.word	fb_lbl_PRINTINV
003BF9r 1               @FastBasic_LINE_1546:	; LINE 1546
003BF9r 1               	.segment "BYTECODE"
003BF9r 1               	.export	fb_lbl_DRAWRESULTHANDS
003BF9r 1               fb_lbl_DRAWRESULTHANDS:
003BF9r 1  rr           	.byte	TOK_POP
003BFAr 1  rr           	.byte	TOK_VAR_STORE
003BFBr 1  rr           	makevar	"_YOFFSET"
003BFCr 1  rr           	.byte	TOK_POP
003BFDr 1  rr           	.byte	TOK_VAR_STORE
003BFEr 1  rr           	makevar	"_XOFFSET"
003BFFr 1  rr           	.byte	TOK_POP
003C00r 1  rr           	.byte	TOK_VAR_STORE
003C01r 1  rr           	makevar	"_INDEX"
003C02r 1               @FastBasic_LINE_1547:	; LINE 1547
003C02r 1  rr           	.byte	TOK_VAR_LOAD
003C03r 1  rr           	makevar	"_INDEX"
003C04r 1  rr           	.byte	TOK_VAR_STORE
003C05r 1  rr           	makevar	"DISPLAYINDEX"
003C06r 1  rr           	.byte	TOK_VAR_LOAD
003C07r 1  rr           	makevar	"_XOFFSET"
003C08r 1  rr           	.byte	TOK_VAR_STORE
003C09r 1  rr           	makevar	"XX"
003C0Ar 1  rr           	.byte	TOK_VAR_LOAD
003C0Br 1  rr           	makevar	"_YOFFSET"
003C0Cr 1  rr           	.byte	TOK_VAR_STORE
003C0Dr 1  rr           	makevar	"YY"
003C0Er 1               @FastBasic_LINE_1548:	; LINE 1548
003C0Er 1  rr           	.byte	TOK_VAR_SADDR
003C0Fr 1  rr           	makevar	"A"
003C10r 1  rr           	.byte	TOK_PUSH_1
003C11r 1  rr           	.byte	TOK_DPOKE
003C12r 1  rr           	.byte	TOK_VAR_LOAD
003C13r 1  rr           	makevar	"DISPLAYINDEX"
003C14r 1  rr           	.byte	TOK_USHL
003C15r 1  rr           	.byte	TOK_ADD_VAR
003C16r 1  rr           	makevar	"PLAYERHAND"
003C17r 1  rr           	.byte	TOK_DPEEK
003C18r 1  rr           	.byte	TOK_PEEK
003C19r 1  rr           	.byte	TOK_PUSH_1
003C1Ar 1  rr           	.byte	TOK_FOR
003C1Br 1  rr           	.byte	TOK_CNJUMP
003C1Cr 1  rr rr        	.word	jump_lbl_462
003C1Er 1               jump_lbl_463:
003C1Er 1               @FastBasic_LINE_1549:	; LINE 1549
003C1Er 1  rr           	.byte	TOK_VAR_LOAD
003C1Fr 1  rr           	makevar	"DISPLAYINDEX"
003C20r 1  rr           	.byte	TOK_USHL
003C21r 1  rr           	.byte	TOK_ADD_VAR
003C22r 1  rr           	makevar	"PLAYERHAND"
003C23r 1  rr           	.byte	TOK_DPEEK
003C24r 1  rr           	.byte	TOK_PUSH_VAR_LOAD
003C25r 1  rr           	makevar	"A"
003C26r 1  rr           	.byte	TOK_PUSH_1
003C27r 1  rr           	.byte	TOK_STR_IDX
003C28r 1  rr           	.byte	TOK_VAL
003C29r 1  rr           	.byte	TOK_VAR_STORE
003C2Ar 1  rr           	makevar	"CARD"
003C2Br 1               @FastBasic_LINE_1550:	; LINE 1550
003C2Br 1  rr           	.byte	TOK_VAR_LOAD
003C2Cr 1  rr           	makevar	"XX"
003C2Dr 1  rr           	.byte	TOK_PUSH_VAR_LOAD
003C2Er 1  rr           	makevar	"YY"
003C2Fr 1  rr           	.byte	TOK_PUSH_VAR_LOAD
003C30r 1  rr           	makevar	"CARD"
003C31r 1  rr           	.byte	TOK_PUSH
003C32r 1  rr           	.byte	TOK_CALL
003C33r 1  rr rr        	.word	fb_lbl_DRAWCARDLINE
003C35r 1               @FastBasic_LINE_1551:	; LINE 1551
003C35r 1  rr           	.byte	TOK_BYTE
003C36r 1  03           	.byte	3
003C37r 1  rr           	.byte	TOK_ADD_VAR
003C38r 1  rr           	makevar	"XX"
003C39r 1  rr           	.byte	TOK_VAR_STORE
003C3Ar 1  rr           	makevar	"XX"
003C3Br 1               @FastBasic_LINE_1552:	; LINE 1552
003C3Br 1  rr           	.byte	TOK_FOR_NEXT
003C3Cr 1  rr           	.byte	TOK_CJUMP
003C3Dr 1  rr rr        	.word	jump_lbl_463
003C3Fr 1               jump_lbl_462:
003C3Fr 1  rr           	.byte	TOK_FOR_EXIT
003C40r 1               @FastBasic_LINE_1553:	; LINE 1553
003C40r 1  rr           	.byte	TOK_RET
003C41r 1               @FastBasic_LINE_1555:	; LINE 1555
003C41r 1               	.segment "BYTECODE"
003C41r 1               	.export	fb_lbl_UPDATESCREENBUFFER
003C41r 1               fb_lbl_UPDATESCREENBUFFER:
003C41r 1               @FastBasic_LINE_1556:	; LINE 1556
003C41r 1  rr           	.byte	TOK_VAR_LOAD
003C42r 1  rr           	makevar	"SCREENBUFFER"
003C43r 1  rr           	.byte	TOK_PUSH_NUM
003C44r 1  10 04        	.word	1040
003C46r 1  rr           	.byte	TOK_ADD_VAR
003C47r 1  rr           	makevar	"SCREENBUFFER"
003C48r 1  rr           	.byte	TOK_PUSH_NUM
003C49r 1  10 04        	.word	1040
003C4Br 1  rr           	.byte	TOK_MOVE
003C4Cr 1               @FastBasic_LINE_1557:	; LINE 1557
003C4Cr 1  rr           	.byte	TOK_JUMP
003C4Dr 1  rr rr        	.word	fb_lbl_DRAWBUFFER
003C4Fr 1               @FastBasic_LINE_1567:	; LINE 1567
003C4Fr 1               	.segment "BYTECODE"
003C4Fr 1               	.export	fb_lbl_CALLFUJINET
003C4Fr 1               fb_lbl_CALLFUJINET:
003C4Fr 1               @FastBasic_LINE_1568:	; LINE 1568
003C4Fr 1  rr           	.byte	TOK_VAR_SADDR
003C50r 1  rr           	makevar	"DUMMY"
003C51r 1  rr           	.byte	TOK_CSTRING
003C52r 1  00           	.byte	0
003C53r 1  rr           	.byte	TOK_COPY_STR
003C54r 1               @FastBasic_LINE_1569:	; LINE 1569
003C54r 1  rr           	.byte	TOK_VAR_SADDR
003C55r 1  rr           	makevar	"QUERY"
003C56r 1  rr           	.byte	TOK_CSTRING
003C57r 1  01 9B        	.byte	1, 155
003C59r 1  rr           	.byte	TOK_COPY_STR
003C5Ar 1               @FastBasic_LINE_1570:	; LINE 1570
003C5Ar 1  rr           	.byte	TOK_VAR_SADDR
003C5Br 1  rr           	makevar	"URL"
003C5Cr 1  rr           	.byte	TOK_VAR_LOAD
003C5Dr 1  rr           	makevar	"SERVERENDPOINT"
003C5Er 1  rr           	.byte	TOK_COPY_STR
003C5Fr 1               @FastBasic_LINE_1571:	; LINE 1571
003C5Fr 1  rr           	.byte	TOK_VAR_SADDR
003C60r 1  rr           	makevar	"URL"
003C61r 1  rr           	.byte	TOK_VAR_LOAD
003C62r 1  rr           	makevar	"JSON"
003C63r 1  rr           	.byte	TOK_CAT_STR
003C64r 1               @FastBasic_LINE_1572:	; LINE 1572
003C64r 1  rr           	.byte	TOK_VAR_SADDR
003C65r 1  rr           	makevar	"URL"
003C66r 1  rr           	.byte	TOK_CSTRING
003C67r 1  01 9B        	.byte	1, 155
003C69r 1  rr           	.byte	TOK_CAT_STR
003C6Ar 1               @FastBasic_LINE_1573:	; LINE 1573
003C6Ar 1  rr           	.byte	TOK_CALL
003C6Br 1  rr rr        	.word	fb_lbl_OPENCONNECTION
003C6Dr 1               @FastBasic_LINE_1574:	; LINE 1574
003C6Dr 1  rr           	.byte	TOK_CALL
003C6Er 1  rr rr        	.word	fb_lbl_NSETCHANNELMODE
003C70r 1               @FastBasic_LINE_1575:	; LINE 1575
003C70r 1  rr           	.byte	TOK_CALL
003C71r 1  rr rr        	.word	fb_lbl_NPARSEJSON
003C73r 1               @FastBasic_LINE_1576:	; LINE 1576
003C73r 1  rr           	.byte	TOK_NUM
003C74r 1  03 03        	.word	771
003C76r 1  rr           	.byte	TOK_PEEK
003C77r 1  rr           	.byte	TOK_PUSH_1
003C78r 1  rr           	.byte	TOK_NEQ
003C79r 1  rr           	.byte	TOK_CJUMP
003C7Ar 1  rr rr        	.word	fb_lbl_DOJSON
003C7Cr 1               @FastBasic_LINE_1577:	; LINE 1577
003C7Cr 1  rr           	.byte	TOK_CSTRING
003C7Dr 1  16 43 6F 75  	.byte	22, "Could not parse JSON.", 155
003C81r 1  6C 64 20 6E  
003C85r 1  6F 74 20 70  
003C94r 1  rr           	.byte	TOK_PRINT_STR
003C95r 1               @FastBasic_LINE_1578:	; LINE 1578
003C95r 1  rr           	.byte	TOK_CALL
003C96r 1  rr rr        	.word	fb_lbl_NPRINTERROR
003C98r 1               @FastBasic_LINE_1579:	; LINE 1579
003C98r 1  rr           	.byte	TOK_GETKEY
003C99r 1  rr           	.byte	TOK_VAR_STORE
003C9Ar 1  rr           	makevar	"K"
003C9Br 1               @FastBasic_LINE_1581:	; LINE 1581
003C9Br 1  rr           	.byte	TOK_JUMP
003C9Cr 1  rr rr        	.word	fb_lbl_DOJSON
003C9Er 1               @FastBasic_LINE_1584:	; LINE 1584
003C9Er 1               	.segment "BYTECODE"
003C9Er 1               	.export	fb_lbl_OPENCONNECTION
003C9Er 1               fb_lbl_OPENCONNECTION:
003C9Er 1               @FastBasic_LINE_1585:	; LINE 1585
003C9Er 1  rr           	.byte	TOK_VAR_LOAD
003C9Fr 1  rr           	makevar	"UNIT"
003CA0r 1  rr           	.byte	TOK_NUM_POKE
003CA1r 1  01 03        	.word	769
003CA3r 1  rr           	.byte	TOK_BYTE
003CA4r 1  0C           	.byte	12
003CA5r 1  rr           	.byte	TOK_NUM_POKE
003CA6r 1  0A 03        	.word	778
003CA8r 1  rr           	.byte	TOK_0
003CA9r 1  rr           	.byte	TOK_NUM_POKE
003CAAr 1  0B 03        	.word	779
003CACr 1  rr           	.byte	TOK_NUM
003CADr 1  04 03        	.word	772
003CAFr 1  rr           	.byte	TOK_SADDR
003CB0r 1  rr           	.byte	TOK_1
003CB1r 1  rr           	.byte	TOK_ADD_VAR
003CB2r 1  rr           	makevar	"URL"
003CB3r 1  rr           	.byte	TOK_DPOKE
003CB4r 1  rr           	.byte	TOK_BYTE
003CB5r 1  71           	.byte	113
003CB6r 1  rr           	.byte	TOK_NUM_POKE
003CB7r 1  00 03        	.word	768
003CB9r 1  rr           	.byte	TOK_BYTE
003CBAr 1  4F           	.byte	79
003CBBr 1  rr           	.byte	TOK_NUM_POKE
003CBCr 1  02 03        	.word	770
003CBEr 1  rr           	.byte	TOK_BYTE
003CBFr 1  80           	.byte	128
003CC0r 1  rr           	.byte	TOK_NUM_POKE
003CC1r 1  03 03        	.word	771
003CC3r 1  rr           	.byte	TOK_BYTE
003CC4r 1  1F           	.byte	31
003CC5r 1  rr           	.byte	TOK_NUM_POKE
003CC6r 1  06 03        	.word	774
003CC8r 1  rr           	.byte	TOK_NUM
003CC9r 1  08 03        	.word	776
003CCBr 1  rr           	.byte	TOK_SADDR
003CCCr 1  rr           	.byte	TOK_NUM
003CCDr 1  00 01        	.word	256
003CCFr 1  rr           	.byte	TOK_DPOKE
003CD0r 1  rr           	.byte	TOK_NUM
003CD1r 1  59 E4        	.word	58457
003CD3r 1  rr           	.byte	TOK_USR_ADDR
003CD4r 1  rr           	.byte	TOK_USR_CALL
003CD5r 1               @FastBasic_LINE_1587:	; LINE 1587
003CD5r 1  rr           	.byte	TOK_NUM
003CD6r 1  03 03        	.word	771
003CD8r 1  rr           	.byte	TOK_PEEK
003CD9r 1  rr           	.byte	TOK_PUSH_1
003CDAr 1  rr           	.byte	TOK_NEQ
003CDBr 1  rr           	.byte	TOK_CRET
003CDCr 1               @FastBasic_LINE_1588:	; LINE 1588
003CDCr 1  rr           	.byte	TOK_CSTRING
003CDDr 1  1B 43 6F 75  	.byte	27, "Could not open connection.", 155
003CE1r 1  6C 64 20 6E  
003CE5r 1  6F 74 20 6F  
003CF9r 1  rr           	.byte	TOK_PRINT_STR
003CFAr 1               @FastBasic_LINE_1589:	; LINE 1589
003CFAr 1  rr           	.byte	TOK_JUMP
003CFBr 1  rr rr        	.word	fb_lbl_NPRINTERROR
003CFDr 1               @FastBasic_LINE_1594:	; LINE 1594
003CFDr 1               	.segment "BYTECODE"
003CFDr 1               	.export	fb_lbl_NSETCHANNELMODE
003CFDr 1               fb_lbl_NSETCHANNELMODE:
003CFDr 1               @FastBasic_LINE_1595:	; LINE 1595
003CFDr 1  rr           	.byte	TOK_BYTE
003CFEr 1  71           	.byte	113
003CFFr 1  rr           	.byte	TOK_NUM_POKE
003D00r 1  00 03        	.word	768
003D02r 1  rr           	.byte	TOK_VAR_LOAD
003D03r 1  rr           	makevar	"UNIT"
003D04r 1  rr           	.byte	TOK_NUM_POKE
003D05r 1  01 03        	.word	769
003D07r 1  rr           	.byte	TOK_BYTE
003D08r 1  FC           	.byte	252
003D09r 1  rr           	.byte	TOK_NUM_POKE
003D0Ar 1  02 03        	.word	770
003D0Cr 1  rr           	.byte	TOK_0
003D0Dr 1  rr           	.byte	TOK_NUM_POKE
003D0Er 1  03 03        	.word	771
003D10r 1  rr           	.byte	TOK_NUM
003D11r 1  04 03        	.word	772
003D13r 1  rr           	.byte	TOK_SADDR
003D14r 1  rr           	.byte	TOK_0
003D15r 1  rr           	.byte	TOK_DPOKE
003D16r 1  rr           	.byte	TOK_BYTE
003D17r 1  1F           	.byte	31
003D18r 1  rr           	.byte	TOK_NUM_POKE
003D19r 1  06 03        	.word	774
003D1Br 1  rr           	.byte	TOK_NUM
003D1Cr 1  08 03        	.word	776
003D1Er 1  rr           	.byte	TOK_SADDR
003D1Fr 1  rr           	.byte	TOK_0
003D20r 1  rr           	.byte	TOK_DPOKE
003D21r 1  rr           	.byte	TOK_BYTE
003D22r 1  0C           	.byte	12
003D23r 1  rr           	.byte	TOK_NUM_POKE
003D24r 1  0A 03        	.word	778
003D26r 1  rr           	.byte	TOK_VAR_LOAD
003D27r 1  rr           	makevar	"JSON_MODE"
003D28r 1  rr           	.byte	TOK_NUM_POKE
003D29r 1  0B 03        	.word	779
003D2Br 1  rr           	.byte	TOK_NUM
003D2Cr 1  59 E4        	.word	58457
003D2Er 1  rr           	.byte	TOK_USR_ADDR
003D2Fr 1  rr           	.byte	TOK_USR_CALL
003D30r 1               @FastBasic_LINE_1596:	; LINE 1596
003D30r 1  rr           	.byte	TOK_RET
003D31r 1               @FastBasic_LINE_1598:	; LINE 1598
003D31r 1               	.segment "BYTECODE"
003D31r 1               	.export	fb_lbl_NPARSEJSON
003D31r 1               fb_lbl_NPARSEJSON:
003D31r 1               @FastBasic_LINE_1599:	; LINE 1599
003D31r 1  rr           	.byte	TOK_BYTE
003D32r 1  71           	.byte	113
003D33r 1  rr           	.byte	TOK_NUM_POKE
003D34r 1  00 03        	.word	768
003D36r 1  rr           	.byte	TOK_VAR_LOAD
003D37r 1  rr           	makevar	"UNIT"
003D38r 1  rr           	.byte	TOK_NUM_POKE
003D39r 1  01 03        	.word	769
003D3Br 1  rr           	.byte	TOK_BYTE
003D3Cr 1  50           	.byte	80
003D3Dr 1  rr           	.byte	TOK_NUM_POKE
003D3Er 1  02 03        	.word	770
003D40r 1  rr           	.byte	TOK_0
003D41r 1  rr           	.byte	TOK_NUM_POKE
003D42r 1  03 03        	.word	771
003D44r 1  rr           	.byte	TOK_NUM
003D45r 1  04 03        	.word	772
003D47r 1  rr           	.byte	TOK_SADDR
003D48r 1  rr           	.byte	TOK_0
003D49r 1  rr           	.byte	TOK_DPOKE
003D4Ar 1  rr           	.byte	TOK_BYTE
003D4Br 1  1F           	.byte	31
003D4Cr 1  rr           	.byte	TOK_NUM_POKE
003D4Dr 1  06 03        	.word	774
003D4Fr 1  rr           	.byte	TOK_NUM
003D50r 1  08 03        	.word	776
003D52r 1  rr           	.byte	TOK_SADDR
003D53r 1  rr           	.byte	TOK_0
003D54r 1  rr           	.byte	TOK_DPOKE
003D55r 1  rr           	.byte	TOK_BYTE
003D56r 1  0C           	.byte	12
003D57r 1  rr           	.byte	TOK_NUM_POKE
003D58r 1  0A 03        	.word	778
003D5Ar 1  rr           	.byte	TOK_0
003D5Br 1  rr           	.byte	TOK_NUM_POKE
003D5Cr 1  0B 03        	.word	779
003D5Er 1  rr           	.byte	TOK_NUM
003D5Fr 1  59 E4        	.word	58457
003D61r 1  rr           	.byte	TOK_USR_ADDR
003D62r 1  rr           	.byte	TOK_USR_CALL
003D63r 1               @FastBasic_LINE_1600:	; LINE 1600
003D63r 1  rr           	.byte	TOK_RET
003D64r 1               @FastBasic_LINE_1602:	; LINE 1602
003D64r 1               	.segment "BYTECODE"
003D64r 1               	.export	fb_lbl_NJSONQUERY
003D64r 1               fb_lbl_NJSONQUERY:
003D64r 1               @FastBasic_LINE_1603:	; LINE 1603
003D64r 1  rr           	.byte	TOK_BYTE
003D65r 1  71           	.byte	113
003D66r 1  rr           	.byte	TOK_NUM_POKE
003D67r 1  00 03        	.word	768
003D69r 1  rr           	.byte	TOK_VAR_LOAD
003D6Ar 1  rr           	makevar	"UNIT"
003D6Br 1  rr           	.byte	TOK_NUM_POKE
003D6Cr 1  01 03        	.word	769
003D6Er 1  rr           	.byte	TOK_BYTE
003D6Fr 1  51           	.byte	81
003D70r 1  rr           	.byte	TOK_NUM_POKE
003D71r 1  02 03        	.word	770
003D73r 1  rr           	.byte	TOK_BYTE
003D74r 1  80           	.byte	128
003D75r 1  rr           	.byte	TOK_NUM_POKE
003D76r 1  03 03        	.word	771
003D78r 1  rr           	.byte	TOK_NUM
003D79r 1  04 03        	.word	772
003D7Br 1  rr           	.byte	TOK_SADDR
003D7Cr 1  rr           	.byte	TOK_1
003D7Dr 1  rr           	.byte	TOK_ADD_VAR
003D7Er 1  rr           	makevar	"QUERY"
003D7Fr 1  rr           	.byte	TOK_DPOKE
003D80r 1  rr           	.byte	TOK_BYTE
003D81r 1  1F           	.byte	31
003D82r 1  rr           	.byte	TOK_NUM_POKE
003D83r 1  06 03        	.word	774
003D85r 1  rr           	.byte	TOK_NUM
003D86r 1  08 03        	.word	776
003D88r 1  rr           	.byte	TOK_SADDR
003D89r 1  rr           	.byte	TOK_NUM
003D8Ar 1  00 01        	.word	256
003D8Cr 1  rr           	.byte	TOK_DPOKE
003D8Dr 1  rr           	.byte	TOK_BYTE
003D8Er 1  0C           	.byte	12
003D8Fr 1  rr           	.byte	TOK_NUM_POKE
003D90r 1  0A 03        	.word	778
003D92r 1  rr           	.byte	TOK_0
003D93r 1  rr           	.byte	TOK_NUM_POKE
003D94r 1  0B 03        	.word	779
003D96r 1  rr           	.byte	TOK_NUM
003D97r 1  59 E4        	.word	58457
003D99r 1  rr           	.byte	TOK_USR_ADDR
003D9Ar 1  rr           	.byte	TOK_USR_CALL
003D9Br 1               @FastBasic_LINE_1604:	; LINE 1604
003D9Br 1  rr           	.byte	TOK_RET
003D9Cr 1               @FastBasic_LINE_1606:	; LINE 1606
003D9Cr 1               	.segment "BYTECODE"
003D9Cr 1               	.export	fb_lbl_NPRINTERROR
003D9Cr 1               fb_lbl_NPRINTERROR:
003D9Cr 1               @FastBasic_LINE_1607:	; LINE 1607
003D9Cr 1  rr           	.byte	TOK_VAR_LOAD
003D9Dr 1  rr           	makevar	"UNIT"
003D9Er 1  rr           	.byte	TOK_NUM_POKE
003D9Fr 1  01 03        	.word	769
003DA1r 1  rr           	.byte	TOK_BYTE
003DA2r 1  71           	.byte	113
003DA3r 1  rr           	.byte	TOK_NUM_POKE
003DA4r 1  00 03        	.word	768
003DA6r 1  rr           	.byte	TOK_BYTE
003DA7r 1  53           	.byte	83
003DA8r 1  rr           	.byte	TOK_NUM_POKE
003DA9r 1  02 03        	.word	770
003DABr 1  rr           	.byte	TOK_BYTE
003DACr 1  40           	.byte	64
003DADr 1  rr           	.byte	TOK_NUM_POKE
003DAEr 1  03 03        	.word	771
003DB0r 1  rr           	.byte	TOK_BYTE
003DB1r 1  1F           	.byte	31
003DB2r 1  rr           	.byte	TOK_NUM_POKE
003DB3r 1  06 03        	.word	774
003DB5r 1  rr           	.byte	TOK_NUM
003DB6r 1  04 03        	.word	772
003DB8r 1  rr           	.byte	TOK_SADDR
003DB9r 1  rr           	.byte	TOK_NUM
003DBAr 1  EA 02        	.word	746
003DBCr 1  rr           	.byte	TOK_DPOKE
003DBDr 1  rr           	.byte	TOK_BYTE
003DBEr 1  04           	.byte	4
003DBFr 1  rr           	.byte	TOK_NUM_POKE
003DC0r 1  08 03        	.word	776
003DC2r 1  rr           	.byte	TOK_0
003DC3r 1  rr           	.byte	TOK_NUM_POKE
003DC4r 1  09 03        	.word	777
003DC6r 1  rr           	.byte	TOK_NUM
003DC7r 1  59 E4        	.word	58457
003DC9r 1  rr           	.byte	TOK_USR_ADDR
003DCAr 1  rr           	.byte	TOK_USR_CALL
003DCBr 1               @FastBasic_LINE_1608:	; LINE 1608
003DCBr 1  rr           	.byte	TOK_CSTRING
003DCCr 1  07 45 52 52  	.byte	7, "ERROR- "
003DD0r 1  4F 52 2D 20  
003DD4r 1  rr           	.byte	TOK_PRINT_STR
003DD5r 1  rr           	.byte	TOK_NUM
003DD6r 1  ED 02        	.word	749
003DD8r 1  rr           	.byte	TOK_PEEK
003DD9r 1  rr           	.byte	TOK_INT_STR
003DDAr 1  rr           	.byte	TOK_PRINT_STR
003DDBr 1  rr           	.byte	TOK_BYTE_PUT
003DDCr 1  9B           	.byte	155
003DDDr 1               @FastBasic_LINE_1609:	; LINE 1609
003DDDr 1  rr           	.byte	TOK_RET
003DDEr 1               @FastBasic_LINE_1611:	; LINE 1611
003DDEr 1               	.segment "BYTECODE"
003DDEr 1               	.export	fb_lbl_DOJSON
003DDEr 1               fb_lbl_DOJSON:
003DDEr 1               @FastBasic_LINE_1612:	; LINE 1612
003DDEr 1  rr           	.byte	TOK_CALL
003DDFr 1  rr rr        	.word	fb_lbl_NJSONQUERY
003DE1r 1               @FastBasic_LINE_1613:	; LINE 1613
003DE1r 1  rr           	.byte	TOK_VAR_LOAD
003DE2r 1  rr           	makevar	"UNIT"
003DE3r 1  rr           	.byte	TOK_NUM_POKE
003DE4r 1  01 03        	.word	769
003DE6r 1  rr           	.byte	TOK_BYTE
003DE7r 1  71           	.byte	113
003DE8r 1  rr           	.byte	TOK_NUM_POKE
003DE9r 1  00 03        	.word	768
003DEBr 1  rr           	.byte	TOK_BYTE
003DECr 1  53           	.byte	83
003DEDr 1  rr           	.byte	TOK_NUM_POKE
003DEEr 1  02 03        	.word	770
003DF0r 1  rr           	.byte	TOK_BYTE
003DF1r 1  40           	.byte	64
003DF2r 1  rr           	.byte	TOK_NUM_POKE
003DF3r 1  03 03        	.word	771
003DF5r 1  rr           	.byte	TOK_BYTE
003DF6r 1  1F           	.byte	31
003DF7r 1  rr           	.byte	TOK_NUM_POKE
003DF8r 1  06 03        	.word	774
003DFAr 1  rr           	.byte	TOK_NUM
003DFBr 1  04 03        	.word	772
003DFDr 1  rr           	.byte	TOK_SADDR
003DFEr 1  rr           	.byte	TOK_NUM
003DFFr 1  EA 02        	.word	746
003E01r 1  rr           	.byte	TOK_DPOKE
003E02r 1  rr           	.byte	TOK_BYTE
003E03r 1  04           	.byte	4
003E04r 1  rr           	.byte	TOK_NUM_POKE
003E05r 1  08 03        	.word	776
003E07r 1  rr           	.byte	TOK_0
003E08r 1  rr           	.byte	TOK_NUM_POKE
003E09r 1  09 03        	.word	777
003E0Br 1  rr           	.byte	TOK_NUM
003E0Cr 1  59 E4        	.word	58457
003E0Er 1  rr           	.byte	TOK_USR_ADDR
003E0Fr 1  rr           	.byte	TOK_USR_CALL
003E10r 1               @FastBasic_LINE_1614:	; LINE 1614
003E10r 1  rr           	.byte	TOK_NUM
003E11r 1  ED 02        	.word	749
003E13r 1  rr           	.byte	TOK_PEEK
003E14r 1  rr           	.byte	TOK_PUSH_BYTE
003E15r 1  80           	.byte	128
003E16r 1  rr           	.byte	TOK_GT
003E17r 1  rr           	.byte	TOK_CRET
003E18r 1               @FastBasic_LINE_1615:	; LINE 1615
003E18r 1  rr           	.byte	TOK_CSTRING
003E19r 1  17 43 6F 75  	.byte	23, "Could not fetch query:", 155
003E1Dr 1  6C 64 20 6E  
003E21r 1  6F 74 20 66  
003E31r 1  rr           	.byte	TOK_PRINT_STR
003E32r 1               @FastBasic_LINE_1616:	; LINE 1616
003E32r 1  rr           	.byte	TOK_VAR_LOAD
003E33r 1  rr           	makevar	"QUERY"
003E34r 1  rr           	.byte	TOK_PRINT_STR
003E35r 1  rr           	.byte	TOK_BYTE_PUT
003E36r 1  9B           	.byte	155
003E37r 1               @FastBasic_LINE_1617:	; LINE 1617
003E37r 1  rr           	.byte	TOK_CSTRING
003E38r 1  07 45 52 52  	.byte	7, "ERROR- "
003E3Cr 1  4F 52 2D 20  
003E40r 1  rr           	.byte	TOK_PRINT_STR
003E41r 1  rr           	.byte	TOK_NUM
003E42r 1  ED 02        	.word	749
003E44r 1  rr           	.byte	TOK_PEEK
003E45r 1  rr           	.byte	TOK_INT_STR
003E46r 1  rr           	.byte	TOK_PRINT_STR
003E47r 1  rr           	.byte	TOK_BYTE_PUT
003E48r 1  9B           	.byte	155
003E49r 1               @FastBasic_LINE_1618:	; LINE 1618
003E49r 1  rr           	.byte	TOK_RET
003E4Ar 1               @FastBasic_LINE_1628:	; LINE 1628
003E4Ar 1               	.segment "BYTECODE"
003E4Ar 1               	.export	fb_lbl_NINPUTINIT
003E4Ar 1               fb_lbl_NINPUTINIT:
003E4Ar 1  rr           	.byte	TOK_POP
003E4Br 1  rr           	.byte	TOK_VAR_STORE
003E4Cr 1  rr           	makevar	"__NI_INDEX"
003E4Dr 1  rr           	.byte	TOK_POP
003E4Er 1  rr           	.byte	TOK_VAR_STORE
003E4Fr 1  rr           	makevar	"__NI_UNIT"
003E50r 1               @FastBasic_LINE_1629:	; LINE 1629
003E50r 1  rr           	.byte	TOK_VAR_LOAD
003E51r 1  rr           	makevar	"__NI_UNIT"
003E52r 1  rr           	.byte	TOK_NUM_POKE
003E53r 1  01 03        	.word	769
003E55r 1  rr           	.byte	TOK_BYTE
003E56r 1  71           	.byte	113
003E57r 1  rr           	.byte	TOK_NUM_POKE
003E58r 1  00 03        	.word	768
003E5Ar 1  rr           	.byte	TOK_BYTE
003E5Br 1  53           	.byte	83
003E5Cr 1  rr           	.byte	TOK_NUM_POKE
003E5Dr 1  02 03        	.word	770
003E5Fr 1  rr           	.byte	TOK_BYTE
003E60r 1  40           	.byte	64
003E61r 1  rr           	.byte	TOK_NUM_POKE
003E62r 1  03 03        	.word	771
003E64r 1  rr           	.byte	TOK_BYTE
003E65r 1  1F           	.byte	31
003E66r 1  rr           	.byte	TOK_NUM_POKE
003E67r 1  06 03        	.word	774
003E69r 1  rr           	.byte	TOK_NUM
003E6Ar 1  04 03        	.word	772
003E6Cr 1  rr           	.byte	TOK_SADDR
003E6Dr 1  rr           	.byte	TOK_NUM
003E6Er 1  EA 02        	.word	746
003E70r 1  rr           	.byte	TOK_DPOKE
003E71r 1  rr           	.byte	TOK_BYTE
003E72r 1  04           	.byte	4
003E73r 1  rr           	.byte	TOK_NUM_POKE
003E74r 1  08 03        	.word	776
003E76r 1  rr           	.byte	TOK_0
003E77r 1  rr           	.byte	TOK_NUM_POKE
003E78r 1  09 03        	.word	777
003E7Ar 1  rr           	.byte	TOK_NUM
003E7Br 1  59 E4        	.word	58457
003E7Dr 1  rr           	.byte	TOK_USR_ADDR
003E7Er 1  rr           	.byte	TOK_USR_CALL
003E7Fr 1               @FastBasic_LINE_1630:	; LINE 1630
003E7Fr 1  rr           	.byte	TOK_VAR_LOAD
003E80r 1  rr           	makevar	"__NI_INDEX"
003E81r 1  rr           	.byte	TOK_PUSH_NUM
003E82r 1  EA 02        	.word	746
003E84r 1  rr           	.byte	TOK_DPEEK
003E85r 1  rr           	.byte	TOK_ADD
003E86r 1  rr           	.byte	TOK_VAR_STORE
003E87r 1  rr           	makevar	"__NI_BUFFEREND"
003E88r 1               @FastBasic_LINE_1631:	; LINE 1631
003E88r 1  rr           	.byte	TOK_VAR_LOAD
003E89r 1  rr           	makevar	"__NI_UNIT"
003E8Ar 1  rr           	.byte	TOK_NUM_POKE
003E8Br 1  01 03        	.word	769
003E8Dr 1  rr           	.byte	TOK_NUM
003E8Er 1  04 03        	.word	772
003E90r 1  rr           	.byte	TOK_SADDR
003E91r 1  rr           	.byte	TOK_VAR_LOAD
003E92r 1  rr           	makevar	"__NI_INDEX"
003E93r 1  rr           	.byte	TOK_DPOKE
003E94r 1  rr           	.byte	TOK_NUM
003E95r 1  08 03        	.word	776
003E97r 1  rr           	.byte	TOK_SADDR
003E98r 1  rr           	.byte	TOK_VAR_LOAD
003E99r 1  rr           	makevar	"__NI_BUFFEREND"
003E9Ar 1  rr           	.byte	TOK_PUSH_VAR_LOAD
003E9Br 1  rr           	makevar	"__NI_INDEX"
003E9Cr 1  rr           	.byte	TOK_SUB
003E9Dr 1  rr           	.byte	TOK_DPOKE
003E9Er 1  rr           	.byte	TOK_NUM
003E9Fr 1  0A 03        	.word	778
003EA1r 1  rr           	.byte	TOK_SADDR
003EA2r 1  rr           	.byte	TOK_NUM
003EA3r 1  08 03        	.word	776
003EA5r 1  rr           	.byte	TOK_DPEEK
003EA6r 1  rr           	.byte	TOK_DPOKE
003EA7r 1  rr           	.byte	TOK_BYTE
003EA8r 1  71           	.byte	113
003EA9r 1  rr           	.byte	TOK_NUM_POKE
003EAAr 1  00 03        	.word	768
003EACr 1  rr           	.byte	TOK_BYTE
003EADr 1  52           	.byte	82
003EAEr 1  rr           	.byte	TOK_NUM_POKE
003EAFr 1  02 03        	.word	770
003EB1r 1  rr           	.byte	TOK_BYTE
003EB2r 1  40           	.byte	64
003EB3r 1  rr           	.byte	TOK_NUM_POKE
003EB4r 1  03 03        	.word	771
003EB6r 1  rr           	.byte	TOK_BYTE
003EB7r 1  1F           	.byte	31
003EB8r 1  rr           	.byte	TOK_NUM_POKE
003EB9r 1  06 03        	.word	774
003EBBr 1  rr           	.byte	TOK_NUM
003EBCr 1  59 E4        	.word	58457
003EBEr 1  rr           	.byte	TOK_USR_ADDR
003EBFr 1  rr           	.byte	TOK_USR_CALL
003EC0r 1               @FastBasic_LINE_1632:	; LINE 1632
003EC0r 1  rr           	.byte	TOK_VAR_LOAD
003EC1r 1  rr           	makevar	"__NI_UNIT"
003EC2r 1  rr           	.byte	TOK_NUM_POKE
003EC3r 1  01 03        	.word	769
003EC5r 1  rr           	.byte	TOK_BYTE
003EC6r 1  71           	.byte	113
003EC7r 1  rr           	.byte	TOK_NUM_POKE
003EC8r 1  00 03        	.word	768
003ECAr 1  rr           	.byte	TOK_BYTE
003ECBr 1  43           	.byte	67
003ECCr 1  rr           	.byte	TOK_NUM_POKE
003ECDr 1  02 03        	.word	770
003ECFr 1  rr           	.byte	TOK_0
003ED0r 1  rr           	.byte	TOK_NUM_POKE
003ED1r 1  03 03        	.word	771
003ED3r 1  rr           	.byte	TOK_BYTE
003ED4r 1  1F           	.byte	31
003ED5r 1  rr           	.byte	TOK_NUM_POKE
003ED6r 1  06 03        	.word	774
003ED8r 1  rr           	.byte	TOK_NUM
003ED9r 1  08 03        	.word	776
003EDBr 1  rr           	.byte	TOK_SADDR
003EDCr 1  rr           	.byte	TOK_0
003EDDr 1  rr           	.byte	TOK_DPOKE
003EDEr 1  rr           	.byte	TOK_NUM
003EDFr 1  59 E4        	.word	58457
003EE1r 1  rr           	.byte	TOK_USR_ADDR
003EE2r 1  rr           	.byte	TOK_USR_CALL
003EE3r 1               @FastBasic_LINE_1633:	; LINE 1633
003EE3r 1  rr           	.byte	TOK_RET
003EE4r 1               @FastBasic_LINE_1637:	; LINE 1637
003EE4r 1               	.segment "BYTECODE"
003EE4r 1               	.export	fb_lbl_NINPUT
003EE4r 1               fb_lbl_NINPUT:
003EE4r 1  rr           	.byte	TOK_POP
003EE5r 1  rr           	.byte	TOK_VAR_STORE
003EE6r 1  rr           	makevar	"__NI_STRINGPOINTER"
003EE7r 1               @FastBasic_LINE_1640:	; LINE 1640
003EE7r 1  rr           	.byte	TOK_VAR_LOAD
003EE8r 1  rr           	makevar	"__NI_INDEX"
003EE9r 1  rr           	.byte	TOK_VAR_STORE
003EEAr 1  rr           	makevar	"__NI_INDEXSTOP"
003EEBr 1               @FastBasic_LINE_1643:	; LINE 1643
003EEBr 1               jump_lbl_487:
003EEBr 1  rr           	.byte	TOK_VAR_LOAD
003EECr 1  rr           	makevar	"__NI_INDEXSTOP"
003EEDr 1  rr           	.byte	TOK_PEEK
003EEEr 1  rr           	.byte	TOK_PUSH_BYTE
003EEFr 1  9B           	.byte	155
003EF0r 1  rr           	.byte	TOK_NEQ
003EF1r 1  rr           	.byte	TOK_PUSH_VAR_LOAD
003EF2r 1  rr           	makevar	"__NI_INDEXSTOP"
003EF3r 1  rr           	.byte	TOK_PUSH_VAR_LOAD
003EF4r 1  rr           	makevar	"__NI_BUFFEREND"
003EF5r 1  rr           	.byte	TOK_LT
003EF6r 1  rr           	.byte	TOK_L_AND
003EF7r 1  rr           	.byte	TOK_CJUMP
003EF8r 1  rr rr        	.word	jump_lbl_488
003EFAr 1               @FastBasic_LINE_1644:	; LINE 1644
003EFAr 1  rr           	.byte	TOK_INCVAR
003EFBr 1  rr           	makevar	"__NI_INDEXSTOP"
003EFCr 1               @FastBasic_LINE_1645:	; LINE 1645
003EFCr 1  rr           	.byte	TOK_JUMP
003EFDr 1  rr rr        	.word	jump_lbl_487
003EFFr 1               jump_lbl_488:
003EFFr 1               @FastBasic_LINE_1648:	; LINE 1648
003EFFr 1  rr           	.byte	TOK_VAR_LOAD
003F00r 1  rr           	makevar	"__NI_INDEXSTOP"
003F01r 1  rr           	.byte	TOK_PUSH_VAR_LOAD
003F02r 1  rr           	makevar	"__NI_INDEX"
003F03r 1  rr           	.byte	TOK_SUB
003F04r 1  rr           	.byte	TOK_VAR_STORE
003F05r 1  rr           	makevar	"__NI_RESULTLEN"
003F06r 1               @FastBasic_LINE_1651:	; LINE 1651
003F06r 1  rr           	.byte	TOK_VAR_LOAD
003F07r 1  rr           	makevar	"__NI_STRINGPOINTER"
003F08r 1  rr           	.byte	TOK_SADDR
003F09r 1  rr           	.byte	TOK_VAR_LOAD
003F0Ar 1  rr           	makevar	"__NI_RESULTLEN"
003F0Br 1  rr           	.byte	TOK_POKE
003F0Cr 1               @FastBasic_LINE_1654:	; LINE 1654
003F0Cr 1  rr           	.byte	TOK_VAR_LOAD
003F0Dr 1  rr           	makevar	"__NI_INDEXSTOP"
003F0Er 1  rr           	.byte	TOK_PUSH_VAR_LOAD
003F0Fr 1  rr           	makevar	"__NI_BUFFEREND"
003F10r 1  rr           	.byte	TOK_LT
003F11r 1  rr           	.byte	TOK_CRET
003F12r 1               @FastBasic_LINE_1655:	; LINE 1655
003F12r 1  rr           	.byte	TOK_VAR_LOAD
003F13r 1  rr           	makevar	"__NI_INDEX"
003F14r 1  rr           	.byte	TOK_PUSH_1
003F15r 1  rr           	.byte	TOK_ADD_VAR
003F16r 1  rr           	makevar	"__NI_STRINGPOINTER"
003F17r 1  rr           	.byte	TOK_PUSH_VAR_LOAD
003F18r 1  rr           	makevar	"__NI_RESULTLEN"
003F19r 1  rr           	.byte	TOK_MOVE
003F1Ar 1               @FastBasic_LINE_1658:	; LINE 1658
003F1Ar 1  rr           	.byte	TOK_1
003F1Br 1  rr           	.byte	TOK_ADD_VAR
003F1Cr 1  rr           	makevar	"__NI_INDEXSTOP"
003F1Dr 1  rr           	.byte	TOK_VAR_STORE
003F1Er 1  rr           	makevar	"__NI_INDEX"
003F1Fr 1               @FastBasic_LINE_1660:	; LINE 1660
003F1Fr 1  rr           	.byte	TOK_RET
003F20r 1               @FastBasic_LINE_1662:	; LINE 1662
003F20r 1               	.segment "BYTECODE"
003F20r 1               	.export	fb_lbl_QUITGAME
003F20r 1               fb_lbl_QUITGAME:
003F20r 1               @FastBasic_LINE_1664:	; LINE 1664
003F20r 1  rr           	.byte	TOK_BYTE
003F21r 1  70           	.byte	112
003F22r 1  rr           	.byte	TOK_NUM_POKE
003F23r 1  00 03        	.word	768
003F25r 1  rr           	.byte	TOK_1
003F26r 1  rr           	.byte	TOK_NUM_POKE
003F27r 1  01 03        	.word	769
003F29r 1  rr           	.byte	TOK_BYTE
003F2Ar 1  D9           	.byte	217
003F2Br 1  rr           	.byte	TOK_NUM_POKE
003F2Cr 1  02 03        	.word	770
003F2Er 1  rr           	.byte	TOK_0
003F2Fr 1  rr           	.byte	TOK_NUM_POKE
003F30r 1  03 03        	.word	771
003F32r 1  rr           	.byte	TOK_NUM
003F33r 1  04 03        	.word	772
003F35r 1  rr           	.byte	TOK_SADDR
003F36r 1  rr           	.byte	TOK_0
003F37r 1  rr           	.byte	TOK_DPOKE
003F38r 1  rr           	.byte	TOK_BYTE
003F39r 1  09           	.byte	9
003F3Ar 1  rr           	.byte	TOK_NUM_POKE
003F3Br 1  06 03        	.word	774
003F3Dr 1  rr           	.byte	TOK_NUM
003F3Er 1  08 03        	.word	776
003F40r 1  rr           	.byte	TOK_SADDR
003F41r 1  rr           	.byte	TOK_0
003F42r 1  rr           	.byte	TOK_DPOKE
003F43r 1  rr           	.byte	TOK_1
003F44r 1  rr           	.byte	TOK_NUM_POKE
003F45r 1  0A 03        	.word	778
003F47r 1  rr           	.byte	TOK_0
003F48r 1  rr           	.byte	TOK_NUM_POKE
003F49r 1  0B 03        	.word	779
003F4Br 1  rr           	.byte	TOK_NUM
003F4Cr 1  59 E4        	.word	58457
003F4Er 1  rr           	.byte	TOK_USR_ADDR
003F4Fr 1  rr           	.byte	TOK_USR_CALL
003F50r 1               @FastBasic_LINE_1666:	; LINE 1666
003F50r 1  rr           	.byte	TOK_CSTRING
003F51r 1  03 4C 77 E4  	.byte	3, "Lw", 228
003F55r 1  rr           	.byte	TOK_PUSH_1
003F56r 1  rr           	.byte	TOK_ADD
003F57r 1  rr           	.byte	TOK_USR_ADDR
003F58r 1  rr           	.byte	TOK_USR_CALL
003F59r 1  rr           	.byte	TOK_VAR_STORE
003F5Ar 1  rr           	makevar	"I"
003F5Br 1               @FastBasic_LINE_1667:	; LINE 1667
003F5Br 1  rr           	.byte	TOK_RET
003F5Cr 1               @FastBasic_LINE_1673:	; LINE 1673
003F5Cr 1               	.segment "BYTECODE"
003F5Cr 1               	.export	fb_lbl_INITSCREEN
003F5Cr 1               fb_lbl_INITSCREEN:
003F5Cr 1               @FastBasic_LINE_1681:	; LINE 1681
003F5Cr 1  rr           	.byte	TOK_1
003F5Dr 1  rr           	.byte	TOK_PMGRAPHICS
003F5Er 1               @FastBasic_LINE_1684:	; LINE 1684
003F5Er 1  rr           	.byte	TOK_BYTE
003F5Fr 1  02           	.byte	2
003F60r 1  rr           	.byte	TOK_NUM_POKE
003F61r 1  6F 02        	.word	623
003F63r 1               @FastBasic_LINE_1687:	; LINE 1687
003F63r 1  rr           	.byte	TOK_0
003F64r 1  rr           	.byte	TOK_NUM_POKE
003F65r 1  2F 02        	.word	559
003F67r 1               @FastBasic_LINE_1690:	; LINE 1690
003F67r 1  rr           	.byte	TOK_BYTE
003F68r 1  04           	.byte	4
003F69r 1  rr           	.byte	TOK_PUSH_NUM
003F6Ar 1  rr rr        	.word	PMGMODE
003F6Cr 1  rr           	.byte	TOK_PEEK
003F6Dr 1  rr           	.byte	TOK_USHL
003F6Er 1  rr           	.byte	TOK_MUL
003F6Fr 1  rr           	.byte	TOK_PUSH_NUM
003F70r 1  rr rr        	.word	PMGBASE
003F72r 1  rr           	.byte	TOK_PEEK
003F73r 1  rr           	.byte	TOK_SHL8
003F74r 1  rr           	.byte	TOK_ADD
003F75r 1  rr           	.byte	TOK_PUSH_NUM
003F76r 1  00 04        	.word	1024
003F78r 1  rr           	.byte	TOK_PUSH_0
003F79r 1  rr           	.byte	TOK_MSET
003F7Ar 1               @FastBasic_LINE_1691:	; LINE 1691
003F7Ar 1  rr           	.byte	TOK_BYTE
003F7Br 1  04           	.byte	4
003F7Cr 1  rr           	.byte	TOK_PUSH_NUM
003F7Dr 1  rr rr        	.word	PMGMODE
003F7Fr 1  rr           	.byte	TOK_PEEK
003F80r 1  rr           	.byte	TOK_USHL
003F81r 1  rr           	.byte	TOK_MUL
003F82r 1  rr           	.byte	TOK_PUSH_NUM
003F83r 1  rr rr        	.word	PMGBASE
003F85r 1  rr           	.byte	TOK_PEEK
003F86r 1  rr           	.byte	TOK_SHL8
003F87r 1  rr           	.byte	TOK_ADD
003F88r 1  rr           	.byte	TOK_PUSH_BYTE
003F89r 1  FF           	.byte	255
003F8Ar 1  rr           	.byte	TOK_PUSH_BYTE
003F8Br 1  FF           	.byte	255
003F8Cr 1  rr           	.byte	TOK_MSET
003F8Dr 1               @FastBasic_LINE_1692:	; LINE 1692
003F8Dr 1  rr           	.byte	TOK_BYTE
003F8Er 1  07           	.byte	7
003F8Fr 1  rr           	.byte	TOK_PUSH_NUM
003F90r 1  rr rr        	.word	PMGMODE
003F92r 1  rr           	.byte	TOK_PEEK
003F93r 1  rr           	.byte	TOK_USHL
003F94r 1  rr           	.byte	TOK_MUL
003F95r 1  rr           	.byte	TOK_PUSH_NUM
003F96r 1  rr rr        	.word	PMGBASE
003F98r 1  rr           	.byte	TOK_PEEK
003F99r 1  rr           	.byte	TOK_SHL8
003F9Ar 1  rr           	.byte	TOK_ADD
003F9Br 1  rr           	.byte	TOK_PUSH_BYTE
003F9Cr 1  FF           	.byte	255
003F9Dr 1  rr           	.byte	TOK_PUSH_BYTE
003F9Er 1  FF           	.byte	255
003F9Fr 1  rr           	.byte	TOK_MSET
003FA0r 1               @FastBasic_LINE_1695:	; LINE 1695
003FA0r 1  rr           	.byte	TOK_NUM
003FA1r 1  08 D0        	.word	53256
003FA3r 1  rr           	.byte	TOK_PUSH_BYTE
003FA4r 1  04           	.byte	4
003FA5r 1  rr           	.byte	TOK_PUSH_BYTE
003FA6r 1  03           	.byte	3
003FA7r 1  rr           	.byte	TOK_MSET
003FA8r 1  rr           	.byte	TOK_0
003FA9r 1  rr           	.byte	TOK_NUM_POKE
003FAAr 1  09 D0        	.word	53257
003FACr 1               @FastBasic_LINE_1698:	; LINE 1698
003FACr 1  rr           	.byte	TOK_BYTE
003FADr 1  10           	.byte	16
003FAEr 1  rr           	.byte	TOK_NUM_POKE
003FAFr 1  00 D0        	.word	53248
003FB1r 1  rr           	.byte	TOK_BYTE
003FB2r 1  D0           	.byte	208
003FB3r 1  rr           	.byte	TOK_NUM_POKE
003FB4r 1  03 D0        	.word	53251
003FB6r 1               @FastBasic_LINE_1704:	; LINE 1704
003FB6r 1  rr           	.byte	TOK_NUM
003FB7r 1  14 D0        	.word	53268
003FB9r 1  rr           	.byte	TOK_PEEK
003FBAr 1  rr           	.byte	TOK_PUSH_1
003FBBr 1  rr           	.byte	TOK_EQ
003FBCr 1  rr           	.byte	TOK_CJUMP
003FBDr 1  rr rr        	.word	jump_lbl_494
003FBFr 1               @FastBasic_LINE_1706:	; LINE 1706
003FBFr 1  rr           	.byte	TOK_CSTRING
003FC0r 1  09 00 0A FA  	.byte	9, 0, 10, 250, 0, "x", 14, 0, "$", 0
003FC4r 1  00 78 0E 00  
003FC8r 1  24 00        
003FCAr 1  rr           	.byte	TOK_PUSH_1
003FCBr 1  rr           	.byte	TOK_ADD
003FCCr 1  rr           	.byte	TOK_PUSH_NUM
003FCDr 1  C0 02        	.word	704
003FCFr 1  rr           	.byte	TOK_PUSH_BYTE
003FD0r 1  09           	.byte	9
003FD1r 1  rr           	.byte	TOK_MOVE
003FD2r 1               @FastBasic_LINE_1707:	; LINE 1707
003FD2r 1  rr           	.byte	TOK_BYTE
003FD3r 1  EE           	.byte	238
003FD4r 1  rr           	.byte	TOK_VAR_STORE
003FD5r 1  rr           	makevar	"MOVE_COLOR"
003FD6r 1               @FastBasic_LINE_1708:	; LINE 1708
003FD6r 1  rr           	.byte	TOK_JUMP
003FD7r 1  rr rr        	.word	jump_lbl_495
003FD9r 1               jump_lbl_494:
003FD9r 1               @FastBasic_LINE_1710:	; LINE 1710
003FD9r 1  rr           	.byte	TOK_CSTRING
003FDAr 1  09 00 0A FA  	.byte	9, 0, 10, 250, 0, 136, 14, 0, "4", 0
003FDEr 1  00 88 0E 00  
003FE2r 1  34 00        
003FE4r 1  rr           	.byte	TOK_PUSH_1
003FE5r 1  rr           	.byte	TOK_ADD
003FE6r 1  rr           	.byte	TOK_PUSH_NUM
003FE7r 1  C0 02        	.word	704
003FE9r 1  rr           	.byte	TOK_PUSH_BYTE
003FEAr 1  09           	.byte	9
003FEBr 1  rr           	.byte	TOK_MOVE
003FECr 1               @FastBasic_LINE_1711:	; LINE 1711
003FECr 1  rr           	.byte	TOK_BYTE
003FEDr 1  FE           	.byte	254
003FEEr 1  rr           	.byte	TOK_VAR_STORE
003FEFr 1  rr           	makevar	"MOVE_COLOR"
003FF0r 1               @FastBasic_LINE_1712:	; LINE 1712
003FF0r 1               jump_lbl_495:
003FF0r 1               @FastBasic_LINE_1714:	; LINE 1714
003FF0r 1  rr           	.byte	TOK_NUM
003FF1r 1  rr rr        	.word	fb_lbl_TEXT_COLOR
003FF3r 1  rr           	.byte	TOK_PUSH_BYTE
003FF4r 1  02           	.byte	2
003FF5r 1  rr           	.byte	TOK_ADD
003FF6r 1  rr           	.byte	TOK_SADDR
003FF7r 1  rr           	.byte	TOK_VAR_LOAD
003FF8r 1  rr           	makevar	"MOVE_COLOR"
003FF9r 1  rr           	.byte	TOK_POKE
003FFAr 1               @FastBasic_LINE_1716:	; LINE 1716
003FFAr 1  rr           	.byte	TOK_CALL
003FFBr 1  rr rr        	.word	fb_lbl_CYCLECOLORTHEME
003FFDr 1               @FastBasic_LINE_1719:	; LINE 1719
003FFDr 1  rr           	.byte	TOK_CALL
003FFEr 1  rr rr        	.word	fb_lbl_DISABLEDOUBLEBUFFER
004000r 1               @FastBasic_LINE_1722:	; LINE 1722
004000r 1  rr           	.byte	TOK_NUM
004001r 1  rr rr        	.word	fb_lbl_FONT
004003r 1  rr           	.byte	TOK_PUSH_VAR_LOAD
004004r 1  rr           	makevar	"CHARBUFFER"
004005r 1  rr           	.byte	TOK_PUSH_NUM
004006r 1  00 04        	.word	1024
004008r 1  rr           	.byte	TOK_MOVE
004009r 1               @FastBasic_LINE_1725:	; LINE 1725
004009r 1  rr           	.byte	TOK_NUM
00400Ar 1  F4 02        	.word	756
00400Cr 1  rr           	.byte	TOK_SADDR
00400Dr 1  rr           	.byte	TOK_VAR_LOAD
00400Er 1  rr           	makevar	"CHARBUFFER"
00400Fr 1  rr           	.byte	TOK_PUSH_NUM
004010r 1  00 01        	.word	256
004012r 1  rr           	.byte	TOK_DIV
004013r 1  rr           	.byte	TOK_POKE
004014r 1               @FastBasic_LINE_1728:	; LINE 1728
004014r 1  rr           	.byte	TOK_VAR_SADDR
004015r 1  rr           	makevar	"DL"
004016r 1  rr           	.byte	TOK_CSTRING
004017r 1  22 20 F0 44  	.byte	34, " ", 240, "D", 0, 0, 4, 4, 4, 4, 4, 4, 4, 4, 4, 4, 4, 4, 4, 4, 4, 4, 4, 4, 4, 4, 4, 4, 132, 132, " ", 4, "A", 0, 0
00401Br 1  00 00 04 04  
00401Fr 1  04 04 04 04  
00403Ar 1  rr           	.byte	TOK_COPY_STR
00403Br 1               @FastBasic_LINE_1731:	; LINE 1731
00403Br 1  rr           	.byte	TOK_1
00403Cr 1  rr           	.byte	TOK_ADD_VAR
00403Dr 1  rr           	makevar	"DL"
00403Er 1  rr           	.byte	TOK_VAR_STORE
00403Fr 1  rr           	makevar	"DISPLAYLIST"
004040r 1               @FastBasic_LINE_1732:	; LINE 1732
004040r 1  rr           	.byte	TOK_VAR_LOAD
004041r 1  rr           	makevar	"DISPLAYLIST"
004042r 1  rr           	.byte	TOK_PUSH_VAR_LOAD
004043r 1  rr           	makevar	"DL"
004044r 1  rr           	.byte	TOK_PEEK
004045r 1  rr           	.byte	TOK_ADD
004046r 1  rr           	.byte	TOK_PUSH_BYTE
004047r 1  02           	.byte	2
004048r 1  rr           	.byte	TOK_SUB
004049r 1  rr           	.byte	TOK_SADDR
00404Ar 1  rr           	.byte	TOK_VAR_LOAD
00404Br 1  rr           	makevar	"DISPLAYLIST"
00404Cr 1  rr           	.byte	TOK_DPOKE
00404Dr 1               @FastBasic_LINE_1735:	; LINE 1735
00404Dr 1  rr           	.byte	TOK_BYTE
00404Er 1  03           	.byte	3
00404Fr 1  rr           	.byte	TOK_ADD_VAR
004050r 1  rr           	makevar	"DISPLAYLIST"
004051r 1  rr           	.byte	TOK_SADDR
004052r 1  rr           	.byte	TOK_VAR_LOAD
004053r 1  rr           	makevar	"SCREENBUFFER"
004054r 1  rr           	.byte	TOK_DPOKE
004055r 1               @FastBasic_LINE_1739:	; LINE 1739
004055r 1  rr           	.byte	TOK_0
004056r 1  rr           	.byte	TOK_PAUSE
004057r 1  rr           	.byte	TOK_NUM
004058r 1  00 02        	.word	512
00405Ar 1  rr           	.byte	TOK_SADDR
00405Br 1  rr           	.byte	TOK_NUM
00405Cr 1  rr rr        	.word	fb_lbl_DLI_COLORS
00405Er 1  rr           	.byte	TOK_DPOKE
00405Fr 1  rr           	.byte	TOK_BYTE
004060r 1  C0           	.byte	192
004061r 1  rr           	.byte	TOK_NUM_POKE
004062r 1  0E D4        	.word	54286
004064r 1               @FastBasic_LINE_1742:	; LINE 1742
004064r 1  rr           	.byte	TOK_NUM
004065r 1  30 02        	.word	560
004067r 1  rr           	.byte	TOK_SADDR
004068r 1  rr           	.byte	TOK_VAR_LOAD
004069r 1  rr           	makevar	"DISPLAYLIST"
00406Ar 1  rr           	.byte	TOK_DPOKE
00406Br 1               @FastBasic_LINE_1745:	; LINE 1745
00406Br 1  rr           	.byte	TOK_CALL
00406Cr 1  rr rr        	.word	fb_lbl_RESETSCREEN
00406Er 1               @FastBasic_LINE_1748:	; LINE 1748
00406Er 1  rr           	.byte	TOK_BYTE
00406Fr 1  40           	.byte	64
004070r 1  rr           	.byte	TOK_BYTE_POKE
004071r 1  10           	.byte	16
004072r 1  rr           	.byte	TOK_BYTE
004073r 1  40           	.byte	64
004074r 1  rr           	.byte	TOK_NUM_POKE
004075r 1  0E D2        	.word	53774
004077r 1               @FastBasic_LINE_1750:	; LINE 1750
004077r 1  rr           	.byte	TOK_JUMP
004078r 1  rr rr        	.word	fb_lbl_SHOWSCREEN
00407Ar 1               @FastBasic_LINE_1738:	; LINE 1738
00407Ar 1               	.segment "DATA"
0004C6r 1               	.export	fb_lbl_DLI_COLORS
0004C6r 1               fb_lbl_DLI_COLORS:
0004C6r 1  48           	.byte	72
0004C7r 1  8A           	.byte	138
0004C8r 1  48           	.byte	72
0004C9r 1  A6           	.byte	166
0004CAr 1  4F           	.byte	79
0004CBr 1  BD           	.byte	189
0004CCr 1  rr rr        	.word	fb_lbl_BACKGROUND_COLOR
0004CEr 1  8D           	.byte	141
0004CFr 1  0A D4        	.word	54282
0004D1r 1  8D           	.byte	141
0004D2r 1  1A D0        	.word	53274
0004D4r 1  BD           	.byte	189
0004D5r 1  rr rr        	.word	fb_lbl_TEXT_COLOR
0004D7r 1  8D           	.byte	141
0004D8r 1  17 D0        	.word	53271
0004DAr 1  E6           	.byte	230
0004DBr 1  4F           	.byte	79
0004DCr 1  68           	.byte	104
0004DDr 1  AA           	.byte	170
0004DEr 1  68           	.byte	104
0004DFr 1  40           	.byte	64
0004E0r 1               @FastBasic_LINE_1754:	; LINE 1754
0004E0r 1               	.segment "BYTECODE"
00407Ar 1               	.export	fb_lbl_CYCLECOLORTHEME
00407Ar 1               fb_lbl_CYCLECOLORTHEME:
00407Ar 1               @FastBasic_LINE_1756:	; LINE 1756
00407Ar 1  rr           	.byte	TOK_VAR_LOAD
00407Br 1  rr           	makevar	"COLORTHEME"
00407Cr 1  rr           	.byte	TOK_PUSH_1
00407Dr 1  rr           	.byte	TOK_NEG
00407Er 1  rr           	.byte	TOK_EQ
00407Fr 1  rr           	.byte	TOK_CJUMP
004080r 1  rr rr        	.word	jump_lbl_499
004082r 1               @FastBasic_LINE_1757:	; LINE 1757
004082r 1  rr           	.byte	TOK_VAR_STORE_0
004083r 1  rr           	makevar	"COLORTHEME"
004084r 1               @FastBasic_LINE_1758:	; LINE 1758
004084r 1  rr           	.byte	TOK_VAR_SADDR
004085r 1  rr           	makevar	"TEMP"
004086r 1  rr           	.byte	TOK_CSTRING
004087r 1  00           	.byte	0
004088r 1  rr           	.byte	TOK_COPY_STR
004089r 1               @FastBasic_LINE_1759:	; LINE 1759
004089r 1  rr           	.byte	TOK_VAR_LOAD
00408Ar 1  rr           	makevar	"AK_CREATOR_ID"
00408Br 1  rr           	.byte	TOK_PUSH_VAR_LOAD
00408Cr 1  rr           	makevar	"AK_APP_ID"
00408Dr 1  rr           	.byte	TOK_PUSH_VAR_LOAD
00408Er 1  rr           	makevar	"AK_KEY_COLORTHEME"
00408Fr 1  rr           	.byte	TOK_PUSH_VAR_LOAD
004090r 1  rr           	makevar	"TEMP"
004091r 1  rr           	.byte	TOK_PUSH
004092r 1  rr           	.byte	TOK_CALL
004093r 1  rr rr        	.word	fb_lbl_NREADAPPKEY
004095r 1               @FastBasic_LINE_1760:	; LINE 1760
004095r 1  rr           	.byte	TOK_VAR_LOAD
004096r 1  rr           	makevar	"TEMP"
004097r 1  rr           	.byte	TOK_PEEK
004098r 1  rr           	.byte	TOK_PUSH_1
004099r 1  rr           	.byte	TOK_EQ
00409Ar 1  rr           	.byte	TOK_CJUMP
00409Br 1  rr rr        	.word	jump_lbl_501
00409Dr 1  rr           	.byte	TOK_VAR_LOAD
00409Er 1  rr           	makevar	"TEMP"
00409Fr 1  rr           	.byte	TOK_VAL
0040A0r 1  rr           	.byte	TOK_VAR_STORE
0040A1r 1  rr           	makevar	"COLORTHEME"
0040A2r 1               @FastBasic_LINE_1761:	; LINE 1761
0040A2r 1  rr           	.byte	TOK_JUMP
0040A3r 1  rr rr        	.word	jump_lbl_501
0040A5r 1               jump_lbl_499:
0040A5r 1               @FastBasic_LINE_1763:	; LINE 1763
0040A5r 1  rr           	.byte	TOK_NUM
0040A6r 1  00 D2        	.word	53760
0040A8r 1  rr           	.byte	TOK_SADDR
0040A9r 1  rr           	.byte	TOK_NUM
0040AAr 1  DC A5        	.word	42460
0040ACr 1  rr           	.byte	TOK_DPOKE
0040ADr 1  rr           	.byte	TOK_0
0040AEr 1  rr           	.byte	TOK_NUM_POKE
0040AFr 1  08 D2        	.word	53768
0040B1r 1  rr           	.byte	TOK_BYTE
0040B2r 1  03           	.byte	3
0040B3r 1  rr           	.byte	TOK_NUM_POKE
0040B4r 1  0F D2        	.word	53775
0040B6r 1               @FastBasic_LINE_1764:	; LINE 1764
0040B6r 1  rr           	.byte	TOK_BYTE
0040B7r 1  04           	.byte	4
0040B8r 1  rr           	.byte	TOK_PAUSE
0040B9r 1               @FastBasic_LINE_1765:	; LINE 1765
0040B9r 1  rr           	.byte	TOK_NUM
0040BAr 1  00 D2        	.word	53760
0040BCr 1  rr           	.byte	TOK_SADDR
0040BDr 1  rr           	.byte	TOK_NUM
0040BEr 1  C8 A5        	.word	42440
0040C0r 1  rr           	.byte	TOK_DPOKE
0040C1r 1  rr           	.byte	TOK_0
0040C2r 1  rr           	.byte	TOK_NUM_POKE
0040C3r 1  08 D2        	.word	53768
0040C5r 1  rr           	.byte	TOK_BYTE
0040C6r 1  03           	.byte	3
0040C7r 1  rr           	.byte	TOK_NUM_POKE
0040C8r 1  0F D2        	.word	53775
0040CAr 1               @FastBasic_LINE_1767:	; LINE 1767
0040CAr 1  rr           	.byte	TOK_1
0040CBr 1  rr           	.byte	TOK_ADD_VAR
0040CCr 1  rr           	makevar	"COLORTHEME"
0040CDr 1  rr           	.byte	TOK_PUSH_BYTE
0040CEr 1  04           	.byte	4
0040CFr 1  rr           	.byte	TOK_MOD
0040D0r 1  rr           	.byte	TOK_VAR_STORE
0040D1r 1  rr           	makevar	"COLORTHEME"
0040D2r 1               @FastBasic_LINE_1768:	; LINE 1768
0040D2r 1               jump_lbl_501:
0040D2r 1               @FastBasic_LINE_1771:	; LINE 1771
0040D2r 1  rr           	.byte	TOK_NUM
0040D3r 1  14 D0        	.word	53268
0040D5r 1  rr           	.byte	TOK_PEEK
0040D6r 1  rr           	.byte	TOK_PUSH_1
0040D7r 1  rr           	.byte	TOK_EQ
0040D8r 1  rr           	.byte	TOK_USHL
0040D9r 1  rr           	.byte	TOK_USHL
0040DAr 1  rr           	.byte	TOK_USHL
0040DBr 1  rr           	.byte	TOK_PUSH_BYTE
0040DCr 1  02           	.byte	2
0040DDr 1  rr           	.byte	TOK_PUSH_VAR_LOAD
0040DEr 1  rr           	makevar	"COLORTHEME"
0040DFr 1  rr           	.byte	TOK_MUL
0040E0r 1  rr           	.byte	TOK_ADD
0040E1r 1  rr           	.byte	TOK_VAR_STORE
0040E2r 1  rr           	makevar	"I"
0040E3r 1               @FastBasic_LINE_1772:	; LINE 1772
0040E3r 1  rr           	.byte	TOK_NUM
0040E4r 1  rr rr        	.word	fb_lbl_COLORTHEMEMAP
0040E6r 1  rr           	.byte	TOK_PUSH_VAR_LOAD
0040E7r 1  rr           	makevar	"I"
0040E8r 1  rr           	.byte	TOK_USHL
0040E9r 1  rr           	.byte	TOK_ADD
0040EAr 1  rr           	.byte	TOK_DPEEK
0040EBr 1  rr           	.byte	TOK_VAR_STORE
0040ECr 1  rr           	makevar	"H"
0040EDr 1               @FastBasic_LINE_1773:	; LINE 1773
0040EDr 1  rr           	.byte	TOK_NUM
0040EEr 1  rr rr        	.word	fb_lbl_COLORTHEMEMAP
0040F0r 1  rr           	.byte	TOK_PUSH_1
0040F1r 1  rr           	.byte	TOK_ADD_VAR
0040F2r 1  rr           	makevar	"I"
0040F3r 1  rr           	.byte	TOK_USHL
0040F4r 1  rr           	.byte	TOK_ADD
0040F5r 1  rr           	.byte	TOK_DPEEK
0040F6r 1  rr           	.byte	TOK_VAR_STORE
0040F7r 1  rr           	makevar	"J"
0040F8r 1               @FastBasic_LINE_1775:	; LINE 1775
0040F8r 1  rr           	.byte	TOK_BYTE
0040F9r 1  02           	.byte	2
0040FAr 1  rr           	.byte	TOK_PAUSE
0040FBr 1               @FastBasic_LINE_1776:	; LINE 1776
0040FBr 1  rr           	.byte	TOK_NUM
0040FCr 1  rr rr        	.word	fb_lbl_BACKGROUND_COLOR
0040FEr 1  rr           	.byte	TOK_SADDR
0040FFr 1  rr           	.byte	TOK_NUM
004100r 1  rr rr        	.word	fb_lbl_COLORTHEMEMAP
004102r 1  rr           	.byte	TOK_PUSH_VAR_LOAD
004103r 1  rr           	makevar	"I"
004104r 1  rr           	.byte	TOK_USHL
004105r 1  rr           	.byte	TOK_ADD
004106r 1  rr           	.byte	TOK_DPEEK
004107r 1  rr           	.byte	TOK_POKE
004108r 1               @FastBasic_LINE_1777:	; LINE 1777
004108r 1  rr           	.byte	TOK_NUM
004109r 1  rr rr        	.word	fb_lbl_BACKGROUND_COLOR
00410Br 1  rr           	.byte	TOK_PUSH_1
00410Cr 1  rr           	.byte	TOK_ADD
00410Dr 1  rr           	.byte	TOK_SADDR
00410Er 1  rr           	.byte	TOK_NUM
00410Fr 1  rr rr        	.word	fb_lbl_COLORTHEMEMAP
004111r 1  rr           	.byte	TOK_PUSH_VAR_LOAD
004112r 1  rr           	makevar	"I"
004113r 1  rr           	.byte	TOK_USHL
004114r 1  rr           	.byte	TOK_ADD
004115r 1  rr           	.byte	TOK_DPEEK
004116r 1  rr           	.byte	TOK_POKE
004117r 1               @FastBasic_LINE_1778:	; LINE 1778
004117r 1  rr           	.byte	TOK_NUM
004118r 1  C4 02        	.word	708
00411Ar 1  rr           	.byte	TOK_SADDR
00411Br 1  rr           	.byte	TOK_NUM
00411Cr 1  rr rr        	.word	fb_lbl_COLORTHEMEMAP
00411Er 1  rr           	.byte	TOK_PUSH_1
00411Fr 1  rr           	.byte	TOK_ADD_VAR
004120r 1  rr           	makevar	"I"
004121r 1  rr           	.byte	TOK_USHL
004122r 1  rr           	.byte	TOK_ADD
004123r 1  rr           	.byte	TOK_DPEEK
004124r 1  rr           	.byte	TOK_POKE
004125r 1               @FastBasic_LINE_1781:	; LINE 1781
004125r 1  rr           	.byte	TOK_VAR_LOAD
004126r 1  rr           	makevar	"AK_CREATOR_ID"
004127r 1  rr           	.byte	TOK_PUSH_VAR_LOAD
004128r 1  rr           	makevar	"AK_APP_ID"
004129r 1  rr           	.byte	TOK_PUSH_VAR_LOAD
00412Ar 1  rr           	makevar	"AK_KEY_COLORTHEME"
00412Br 1  rr           	.byte	TOK_PUSH_VAR_LOAD
00412Cr 1  rr           	makevar	"COLORTHEME"
00412Dr 1  rr           	.byte	TOK_INT_STR
00412Er 1  rr           	.byte	TOK_PUSH
00412Fr 1  rr           	.byte	TOK_CALL
004130r 1  rr rr        	.word	fb_lbl_NWRITEAPPKEY
004132r 1               @FastBasic_LINE_1782:	; LINE 1782
004132r 1  rr           	.byte	TOK_NUM
004133r 1  rr rr        	.word	SOUND_OFF
004135r 1  rr           	.byte	TOK_USR_ADDR
004136r 1  rr           	.byte	TOK_USR_CALL
004137r 1               @FastBasic_LINE_1783:	; LINE 1783
004137r 1  rr           	.byte	TOK_JUMP
004138r 1  rr rr        	.word	jump_lbl_518
00413Ar 1               @FastBasic_LINE_1787:	; LINE 1787
00413Ar 1               	.segment "BYTECODE"
00413Ar 1               	.export	fb_lbl_SHOWSCREEN
00413Ar 1               fb_lbl_SHOWSCREEN:
00413Ar 1               @FastBasic_LINE_1788:	; LINE 1788
00413Ar 1  rr           	.byte	TOK_0
00413Br 1  rr           	.byte	TOK_BYTE_POKE
00413Cr 1  4D           	.byte	77
00413Dr 1  rr           	.byte	TOK_0
00413Er 1  rr           	.byte	TOK_PAUSE
00413Fr 1  rr           	.byte	TOK_BYTE
004140r 1  3E           	.byte	62
004141r 1  rr           	.byte	TOK_NUM_POKE
004142r 1  2F 02        	.word	559
004144r 1               @FastBasic_LINE_1789:	; LINE 1789
004144r 1  rr           	.byte	TOK_RET
004145r 1               @FastBasic_LINE_1792:	; LINE 1792
004145r 1               	.segment "BYTECODE"
004145r 1               	.export	fb_lbl_RESETSCREEN
004145r 1               fb_lbl_RESETSCREEN:
004145r 1               @FastBasic_LINE_1793:	; LINE 1793
004145r 1  rr           	.byte	TOK_VAR_LOAD
004146r 1  rr           	makevar	"SCREEN"
004147r 1  rr           	.byte	TOK_PUSH_NUM
004148r 1  10 04        	.word	1040
00414Ar 1  rr           	.byte	TOK_PUSH_0
00414Br 1  rr           	.byte	TOK_MSET
00414Cr 1               @FastBasic_LINE_1796:	; LINE 1796
00414Cr 1  rr           	.byte	TOK_VAR_LOAD
00414Dr 1  rr           	makevar	"SCREEN"
00414Er 1  rr           	.byte	TOK_SADDR
00414Fr 1  rr           	.byte	TOK_BYTE
004150r 1  3B           	.byte	59
004151r 1  rr           	.byte	TOK_POKE
004152r 1  rr           	.byte	TOK_BYTE
004153r 1  27           	.byte	39
004154r 1  rr           	.byte	TOK_ADD_VAR
004155r 1  rr           	makevar	"SCREEN"
004156r 1  rr           	.byte	TOK_SADDR
004157r 1  rr           	.byte	TOK_BYTE
004158r 1  3C           	.byte	60
004159r 1  rr           	.byte	TOK_POKE
00415Ar 1               @FastBasic_LINE_1797:	; LINE 1797
00415Ar 1  rr           	.byte	TOK_NUM
00415Br 1  C0 03        	.word	960
00415Dr 1  rr           	.byte	TOK_ADD_VAR
00415Er 1  rr           	makevar	"SCREEN"
00415Fr 1  rr           	.byte	TOK_SADDR
004160r 1  rr           	.byte	TOK_BYTE
004161r 1  3D           	.byte	61
004162r 1  rr           	.byte	TOK_POKE
004163r 1  rr           	.byte	TOK_NUM
004164r 1  E8 03        	.word	1000
004166r 1  rr           	.byte	TOK_ADD_VAR
004167r 1  rr           	makevar	"SCREEN"
004168r 1  rr           	.byte	TOK_PUSH_1
004169r 1  rr           	.byte	TOK_SUB
00416Ar 1  rr           	.byte	TOK_SADDR
00416Br 1  rr           	.byte	TOK_BYTE
00416Cr 1  3E           	.byte	62
00416Dr 1  rr           	.byte	TOK_POKE
00416Er 1               @FastBasic_LINE_1798:	; LINE 1798
00416Er 1  rr           	.byte	TOK_RET
00416Fr 1               @FastBasic_LINE_1800:	; LINE 1800
00416Fr 1               	.segment "BYTECODE"
00416Fr 1               	.export	fb_lbl_DRAWBUFFER
00416Fr 1               fb_lbl_DRAWBUFFER:
00416Fr 1               @FastBasic_LINE_1801:	; LINE 1801
00416Fr 1  rr           	.byte	TOK_0
004170r 1  rr           	.byte	TOK_PAUSE
004171r 1               @FastBasic_LINE_1802:	; LINE 1802
004171r 1  rr           	.byte	TOK_NUM
004172r 1  10 04        	.word	1040
004174r 1  rr           	.byte	TOK_ADD_VAR
004175r 1  rr           	makevar	"SCREENBUFFER"
004176r 1  rr           	.byte	TOK_PUSH_VAR_LOAD
004177r 1  rr           	makevar	"SCREENBUFFER"
004178r 1  rr           	.byte	TOK_PUSH_NUM
004179r 1  10 04        	.word	1040
00417Br 1  rr           	.byte	TOK_MOVE
00417Cr 1               @FastBasic_LINE_1803:	; LINE 1803
00417Cr 1  rr           	.byte	TOK_RET
00417Dr 1               @FastBasic_LINE_1805:	; LINE 1805
00417Dr 1               	.segment "BYTECODE"
00417Dr 1               	.export	fb_lbl_DRAWBUFFEREND
00417Dr 1               fb_lbl_DRAWBUFFEREND:
00417Dr 1               @FastBasic_LINE_1806:	; LINE 1806
00417Dr 1  rr           	.byte	TOK_CALL
00417Er 1  rr rr        	.word	fb_lbl_DRAWBUFFER
004180r 1               @FastBasic_LINE_1807:	; LINE 1807
004180r 1  rr           	.byte	TOK_JUMP
004181r 1  rr rr        	.word	fb_lbl_DISABLEDOUBLEBUFFER
004183r 1               @FastBasic_LINE_1810:	; LINE 1810
004183r 1               	.segment "BYTECODE"
004183r 1               	.export	fb_lbl_ENABLEDOUBLEBUFFER
004183r 1               fb_lbl_ENABLEDOUBLEBUFFER:
004183r 1               @FastBasic_LINE_1811:	; LINE 1811
004183r 1  rr           	.byte	TOK_NUM
004184r 1  10 04        	.word	1040
004186r 1  rr           	.byte	TOK_ADD_VAR
004187r 1  rr           	makevar	"SCREENBUFFER"
004188r 1  rr           	.byte	TOK_VAR_STORE
004189r 1  rr           	makevar	"SCREEN"
00418Ar 1               @FastBasic_LINE_1812:	; LINE 1812
00418Ar 1  rr           	.byte	TOK_RET
00418Br 1               @FastBasic_LINE_1814:	; LINE 1814
00418Br 1               	.segment "BYTECODE"
00418Br 1               	.export	fb_lbl_DISABLEDOUBLEBUFFER
00418Br 1               fb_lbl_DISABLEDOUBLEBUFFER:
00418Br 1               @FastBasic_LINE_1815:	; LINE 1815
00418Br 1  rr           	.byte	TOK_VAR_LOAD
00418Cr 1  rr           	makevar	"SCREENBUFFER"
00418Dr 1  rr           	.byte	TOK_VAR_STORE
00418Er 1  rr           	makevar	"SCREEN"
00418Fr 1               @FastBasic_LINE_1816:	; LINE 1816
00418Fr 1  rr           	.byte	TOK_RET
004190r 1               @FastBasic_LINE_1824:	; LINE 1824
004190r 1               	.segment "BYTECODE"
004190r 1               	.export	fb_lbl_CLEARKEYQUEUE
004190r 1               fb_lbl_CLEARKEYQUEUE:
004190r 1               @FastBasic_LINE_1826:	; LINE 1826
004190r 1               jump_lbl_518:
004190r 1  rr           	.byte	TOK_NUM
004191r 1  FC 02        	.word	764
004193r 1  rr           	.byte	TOK_PEEK
004194r 1  rr           	.byte	TOK_PUSH_BYTE
004195r 1  FF           	.byte	255
004196r 1  rr           	.byte	TOK_BIT_EXOR
004197r 1  rr           	.byte	TOK_COMP_0
004198r 1  rr           	.byte	TOK_CJUMP
004199r 1  rr rr        	.word	jump_lbl_519
00419Br 1  rr           	.byte	TOK_GETKEY
00419Cr 1  rr           	.byte	TOK_VAR_STORE
00419Dr 1  rr           	makevar	"K"
00419Er 1  rr           	.byte	TOK_JUMP
00419Fr 1  rr rr        	.word	jump_lbl_518
0041A1r 1               jump_lbl_519:
0041A1r 1               @FastBasic_LINE_1827:	; LINE 1827
0041A1r 1  rr           	.byte	TOK_VAR_STORE_0
0041A2r 1  rr           	makevar	"K"
0041A3r 1               @FastBasic_LINE_1828:	; LINE 1828
0041A3r 1  rr           	.byte	TOK_RET
0041A4r 1               @FastBasic_LINE_1832:	; LINE 1832
0041A4r 1               	.segment "BYTECODE"
0041A4r 1               	.export	fb_lbl_TOUPPER
0041A4r 1               fb_lbl_TOUPPER:
0041A4r 1  rr           	.byte	TOK_POP
0041A5r 1  rr           	.byte	TOK_VAR_STORE
0041A6r 1  rr           	makevar	"TEXT"
0041A7r 1               @FastBasic_LINE_1833:	; LINE 1833
0041A7r 1  rr           	.byte	TOK_VAR_SADDR
0041A8r 1  rr           	makevar	"__I"
0041A9r 1  rr           	.byte	TOK_PUSH_1
0041AAr 1  rr           	.byte	TOK_ADD_VAR
0041ABr 1  rr           	makevar	"TEXT"
0041ACr 1  rr           	.byte	TOK_DPOKE
0041ADr 1  rr           	.byte	TOK_VAR_LOAD
0041AEr 1  rr           	makevar	"TEXT"
0041AFr 1  rr           	.byte	TOK_PUSH_VAR_LOAD
0041B0r 1  rr           	makevar	"TEXT"
0041B1r 1  rr           	.byte	TOK_PEEK
0041B2r 1  rr           	.byte	TOK_ADD
0041B3r 1  rr           	.byte	TOK_PUSH_1
0041B4r 1  rr           	.byte	TOK_FOR
0041B5r 1  rr           	.byte	TOK_CNJUMP
0041B6r 1  rr rr        	.word	jump_lbl_522
0041B8r 1               jump_lbl_523:
0041B8r 1               @FastBasic_LINE_1834:	; LINE 1834
0041B8r 1  rr           	.byte	TOK_VAR_LOAD
0041B9r 1  rr           	makevar	"__I"
0041BAr 1  rr           	.byte	TOK_PEEK
0041BBr 1  rr           	.byte	TOK_PUSH_BYTE
0041BCr 1  60           	.byte	96
0041BDr 1  rr           	.byte	TOK_GT
0041BEr 1  rr           	.byte	TOK_PUSH_VAR_LOAD
0041BFr 1  rr           	makevar	"__I"
0041C0r 1  rr           	.byte	TOK_PEEK
0041C1r 1  rr           	.byte	TOK_PUSH_BYTE
0041C2r 1  7B           	.byte	123
0041C3r 1  rr           	.byte	TOK_LT
0041C4r 1  rr           	.byte	TOK_L_AND
0041C5r 1  rr           	.byte	TOK_CJUMP
0041C6r 1  rr rr        	.word	jump_lbl_524
0041C8r 1  rr           	.byte	TOK_VAR_LOAD
0041C9r 1  rr           	makevar	"__I"
0041CAr 1  rr           	.byte	TOK_SADDR
0041CBr 1  rr           	.byte	TOK_VAR_LOAD
0041CCr 1  rr           	makevar	"__I"
0041CDr 1  rr           	.byte	TOK_PEEK
0041CEr 1  rr           	.byte	TOK_PUSH_BYTE
0041CFr 1  20           	.byte	32
0041D0r 1  rr           	.byte	TOK_SUB
0041D1r 1  rr           	.byte	TOK_POKE
0041D2r 1               jump_lbl_524:
0041D2r 1               @FastBasic_LINE_1835:	; LINE 1835
0041D2r 1  rr           	.byte	TOK_FOR_NEXT
0041D3r 1  rr           	.byte	TOK_CJUMP
0041D4r 1  rr rr        	.word	jump_lbl_523
0041D6r 1               jump_lbl_522:
0041D6r 1  rr           	.byte	TOK_FOR_EXIT
0041D7r 1               @FastBasic_LINE_1836:	; LINE 1836
0041D7r 1  rr           	.byte	TOK_RET
0041D8r 1               @FastBasic_LINE_1845:	; LINE 1845
0041D8r 1               	.segment "BYTECODE"
0041D8r 1               	.export	fb_lbl_PRINTUPPER
0041D8r 1               fb_lbl_PRINTUPPER:
0041D8r 1  rr           	.byte	TOK_POP
0041D9r 1  rr           	.byte	TOK_VAR_STORE
0041DAr 1  rr           	makevar	"TEXT"
0041DBr 1               @FastBasic_LINE_1846:	; LINE 1846
0041DBr 1  rr           	.byte	TOK_VAR_SADDR
0041DCr 1  rr           	makevar	"TEMP"
0041DDr 1  rr           	.byte	TOK_VAR_LOAD
0041DEr 1  rr           	makevar	"TEXT"
0041DFr 1  rr           	.byte	TOK_COPY_STR
0041E0r 1               @FastBasic_LINE_1847:	; LINE 1847
0041E0r 1  rr           	.byte	TOK_VAR_LOAD
0041E1r 1  rr           	makevar	"TEMP"
0041E2r 1  rr           	.byte	TOK_PUSH
0041E3r 1  rr           	.byte	TOK_CALL
0041E4r 1  rr rr        	.word	fb_lbl_TOUPPER
0041E6r 1               @FastBasic_LINE_1848:	; LINE 1848
0041E6r 1  rr           	.byte	TOK_VAR_LOAD
0041E7r 1  rr           	makevar	"TEMP"
0041E8r 1  rr           	.byte	TOK_PUSH
0041E9r 1  rr           	.byte	TOK_JUMP
0041EAr 1  rr rr        	.word	fb_lbl_PRINT
0041ECr 1               @FastBasic_LINE_1851:	; LINE 1851
0041ECr 1               	.segment "BYTECODE"
0041ECr 1               	.export	fb_lbl_PRINTAT
0041ECr 1               fb_lbl_PRINTAT:
0041ECr 1  rr           	.byte	TOK_POP
0041EDr 1  rr           	.byte	TOK_VAR_STORE
0041EEr 1  rr           	makevar	"TEXT"
0041EFr 1  rr           	.byte	TOK_POP
0041F0r 1  rr           	.byte	TOK_VAR_STORE
0041F1r 1  rr           	makevar	"_ROW"
0041F2r 1  rr           	.byte	TOK_POP
0041F3r 1  rr           	.byte	TOK_VAR_STORE
0041F4r 1  rr           	makevar	"_COL"
0041F5r 1               @FastBasic_LINE_1852:	; LINE 1852
0041F5r 1  rr           	.byte	TOK_VAR_LOAD
0041F6r 1  rr           	makevar	"_COL"
0041F7r 1  rr           	.byte	TOK_PUSH_VAR_LOAD
0041F8r 1  rr           	makevar	"_ROW"
0041F9r 1  rr           	.byte	TOK_PUSH
0041FAr 1  rr           	.byte	TOK_CALL
0041FBr 1  rr rr        	.word	fb_lbl_POS
0041FDr 1               @FastBasic_LINE_1853:	; LINE 1853
0041FDr 1  rr           	.byte	TOK_VAR_LOAD
0041FEr 1  rr           	makevar	"TEXT"
0041FFr 1  rr           	.byte	TOK_PUSH
004200r 1  rr           	.byte	TOK_JUMP
004201r 1  rr rr        	.word	fb_lbl_PRINT
004203r 1               @FastBasic_LINE_1856:	; LINE 1856
004203r 1               	.segment "BYTECODE"
004203r 1               	.export	fb_lbl_POS
004203r 1               fb_lbl_POS:
004203r 1  rr           	.byte	TOK_POP
004204r 1  rr           	.byte	TOK_VAR_STORE
004205r 1  rr           	makevar	"_ROW"
004206r 1  rr           	.byte	TOK_POP
004207r 1  rr           	.byte	TOK_VAR_STORE
004208r 1  rr           	makevar	"_COL"
004209r 1               @FastBasic_LINE_1857:	; LINE 1857
004209r 1  rr           	.byte	TOK_VAR_LOAD
00420Ar 1  rr           	makevar	"SCREEN"
00420Br 1  rr           	.byte	TOK_PUSH_BYTE
00420Cr 1  28           	.byte	40
00420Dr 1  rr           	.byte	TOK_PUSH_VAR_LOAD
00420Er 1  rr           	makevar	"_ROW"
00420Fr 1  rr           	.byte	TOK_MUL
004210r 1  rr           	.byte	TOK_ADD
004211r 1  rr           	.byte	TOK_ADD_VAR
004212r 1  rr           	makevar	"_COL"
004213r 1  rr           	.byte	TOK_VAR_STORE
004214r 1  rr           	makevar	"__LOC"
004215r 1               @FastBasic_LINE_1858:	; LINE 1858
004215r 1  rr           	.byte	TOK_RET
004216r 1               @FastBasic_LINE_1861:	; LINE 1861
004216r 1               	.segment "BYTECODE"
004216r 1               	.export	fb_lbl_PRINTINV
004216r 1               fb_lbl_PRINTINV:
004216r 1  rr           	.byte	TOK_POP
004217r 1  rr           	.byte	TOK_VAR_STORE
004218r 1  rr           	makevar	"TEXT"
004219r 1               @FastBasic_LINE_1862:	; LINE 1862
004219r 1  rr           	.byte	TOK_BYTE
00421Ar 1  80           	.byte	128
00421Br 1  rr           	.byte	TOK_VAR_STORE
00421Cr 1  rr           	makevar	"__PRINT_INVERSE"
00421Dr 1               @FastBasic_LINE_1863:	; LINE 1863
00421Dr 1  rr           	.byte	TOK_VAR_LOAD
00421Er 1  rr           	makevar	"TEXT"
00421Fr 1  rr           	.byte	TOK_PUSH
004220r 1  rr           	.byte	TOK_CALL
004221r 1  rr rr        	.word	fb_lbl_PRINT
004223r 1               @FastBasic_LINE_1864:	; LINE 1864
004223r 1  rr           	.byte	TOK_VAR_STORE_0
004224r 1  rr           	makevar	"__PRINT_INVERSE"
004225r 1               @FastBasic_LINE_1865:	; LINE 1865
004225r 1  rr           	.byte	TOK_RET
004226r 1               @FastBasic_LINE_1872:	; LINE 1872
004226r 1               	.segment "BYTECODE"
004226r 1               	.export	fb_lbl_PRINTVAL
004226r 1               fb_lbl_PRINTVAL:
004226r 1  rr           	.byte	TOK_POP
004227r 1  rr           	.byte	TOK_VAR_STORE
004228r 1  rr           	makevar	"TEXT"
004229r 1               @FastBasic_LINE_1873:	; LINE 1873
004229r 1  rr           	.byte	TOK_VAR_LOAD
00422Ar 1  rr           	makevar	"TEXT"
00422Br 1  rr           	.byte	TOK_INT_STR
00422Cr 1  rr           	.byte	TOK_PUSH
00422Dr 1  rr           	.byte	TOK_JUMP
00422Er 1  rr rr        	.word	fb_lbl_PRINT
004230r 1               @FastBasic_LINE_1891:	; LINE 1891
004230r 1               jump_lbl_545:
004230r 1  rr           	.byte	TOK_VAR_LOAD
004231r 1  rr           	makevar	"TEXT"
004232r 1  rr           	.byte	TOK_PEEK
004233r 1  rr           	.byte	TOK_PUSH_VAR_LOAD
004234r 1  rr           	makevar	"TEMP"
004235r 1  rr           	.byte	TOK_PEEK
004236r 1  rr           	.byte	TOK_ADD
004237r 1  rr           	.byte	TOK_PUSH_VAR_LOAD
004238r 1  rr           	makevar	"__LEN"
004239r 1  rr           	.byte	TOK_LT
00423Ar 1  rr           	.byte	TOK_CJUMP
00423Br 1  rr rr        	.word	jump_lbl_546
00423Dr 1  rr           	.byte	TOK_VAR_SADDR
00423Er 1  rr           	makevar	"TEMP"
00423Fr 1  rr           	.byte	TOK_CSTRING
004240r 1  01 20        	.byte	1, " "
004242r 1  rr           	.byte	TOK_CAT_STR
004243r 1  rr           	.byte	TOK_JUMP
004244r 1  rr rr        	.word	jump_lbl_545
004246r 1               jump_lbl_546:
004246r 1               @FastBasic_LINE_1892:	; LINE 1892
004246r 1  rr           	.byte	TOK_VAR_SADDR
004247r 1  rr           	makevar	"TEMP"
004248r 1  rr           	.byte	TOK_VAR_LOAD
004249r 1  rr           	makevar	"TEXT"
00424Ar 1  rr           	.byte	TOK_CAT_STR
00424Br 1               @FastBasic_LINE_1893:	; LINE 1893
00424Br 1  rr           	.byte	TOK_JUMP
00424Cr 1  rr rr        	.word	jump_lbl_547
00424Er 1               @FastBasic_LINE_1895:	; LINE 1895
00424Er 1               jump_lbl_548:
00424Er 1  rr           	.byte	TOK_VAR_LOAD
00424Fr 1  rr           	makevar	"TEMP"
004250r 1  rr           	.byte	TOK_PEEK
004251r 1  rr           	.byte	TOK_PUSH_VAR_LOAD
004252r 1  rr           	makevar	"__LEN"
004253r 1  rr           	.byte	TOK_LT
004254r 1  rr           	.byte	TOK_CJUMP
004255r 1  rr rr        	.word	jump_lbl_547
004257r 1  rr           	.byte	TOK_VAR_SADDR
004258r 1  rr           	makevar	"TEMP"
004259r 1  rr           	.byte	TOK_CSTRING
00425Ar 1  01 20        	.byte	1, " "
00425Cr 1  rr           	.byte	TOK_CAT_STR
00425Dr 1  rr           	.byte	TOK_JUMP
00425Er 1  rr rr        	.word	jump_lbl_548
004260r 1               @FastBasic_LINE_1896:	; LINE 1896
004260r 1               jump_lbl_547:
004260r 1               @FastBasic_LINE_1898:	; LINE 1898
004260r 1  rr           	.byte	TOK_VAR_LOAD
004261r 1  rr           	makevar	"TEMP"
004262r 1  rr           	.byte	TOK_PUSH
004263r 1               @FastBasic_LINE_1903:	; LINE 1903
004263r 1               	.segment "BYTECODE"
004263r 1               	.export	fb_lbl_PRINT
004263r 1               fb_lbl_PRINT:
004263r 1  rr           	.byte	TOK_POP
004264r 1  rr           	.byte	TOK_VAR_STORE
004265r 1  rr           	makevar	"TEXT"
004266r 1               @FastBasic_LINE_1904:	; LINE 1904
004266r 1  rr           	.byte	TOK_VAR_LOAD
004267r 1  rr           	makevar	"__PRINT_REVERSE"
004268r 1  rr           	.byte	TOK_COMP_0
004269r 1  rr           	.byte	TOK_CJUMP
00426Ar 1  rr rr        	.word	jump_lbl_552
00426Cr 1  rr           	.byte	TOK_VAR_LOAD
00426Dr 1  rr           	makevar	"__LOC"
00426Er 1  rr           	.byte	TOK_PUSH_VAR_LOAD
00426Fr 1  rr           	makevar	"TEXT"
004270r 1  rr           	.byte	TOK_PEEK
004271r 1  rr           	.byte	TOK_SUB
004272r 1  rr           	.byte	TOK_PUSH_1
004273r 1  rr           	.byte	TOK_ADD
004274r 1  rr           	.byte	TOK_VAR_STORE
004275r 1  rr           	makevar	"__LOC"
004276r 1               jump_lbl_552:
004276r 1               @FastBasic_LINE_1906:	; LINE 1906
004276r 1  rr           	.byte	TOK_VAR_SADDR
004277r 1  rr           	makevar	"__I"
004278r 1  rr           	.byte	TOK_PUSH_1
004279r 1  rr           	.byte	TOK_ADD_VAR
00427Ar 1  rr           	makevar	"TEXT"
00427Br 1  rr           	.byte	TOK_DPOKE
00427Cr 1  rr           	.byte	TOK_VAR_LOAD
00427Dr 1  rr           	makevar	"TEXT"
00427Er 1  rr           	.byte	TOK_PUSH_VAR_LOAD
00427Fr 1  rr           	makevar	"TEXT"
004280r 1  rr           	.byte	TOK_PEEK
004281r 1  rr           	.byte	TOK_ADD
004282r 1  rr           	.byte	TOK_PUSH_1
004283r 1  rr           	.byte	TOK_FOR
004284r 1  rr           	.byte	TOK_CNJUMP
004285r 1  rr rr        	.word	jump_lbl_553
004287r 1               jump_lbl_554:
004287r 1               @FastBasic_LINE_1907:	; LINE 1907
004287r 1  rr           	.byte	TOK_VAR_LOAD
004288r 1  rr           	makevar	"__I"
004289r 1  rr           	.byte	TOK_PEEK
00428Ar 1  rr           	.byte	TOK_VAR_STORE
00428Br 1  rr           	makevar	"_CODE"
00428Cr 1               @FastBasic_LINE_1909:	; LINE 1909
00428Cr 1  rr           	.byte	TOK_VAR_LOAD
00428Dr 1  rr           	makevar	"_CODE"
00428Er 1  rr           	.byte	TOK_PUSH_BYTE
00428Fr 1  20           	.byte	32
004290r 1  rr           	.byte	TOK_LT
004291r 1  rr           	.byte	TOK_CJUMP
004292r 1  rr rr        	.word	jump_lbl_555
004294r 1               @FastBasic_LINE_1910:	; LINE 1910
004294r 1  rr           	.byte	TOK_BYTE
004295r 1  40           	.byte	64
004296r 1  rr           	.byte	TOK_ADD_VAR
004297r 1  rr           	makevar	"_CODE"
004298r 1  rr           	.byte	TOK_VAR_STORE
004299r 1  rr           	makevar	"_CODE"
00429Ar 1               @FastBasic_LINE_1911:	; LINE 1911
00429Ar 1  rr           	.byte	TOK_JUMP
00429Br 1  rr rr        	.word	jump_lbl_556
00429Dr 1               jump_lbl_555:
00429Dr 1  rr           	.byte	TOK_VAR_LOAD
00429Er 1  rr           	makevar	"_CODE"
00429Fr 1  rr           	.byte	TOK_PUSH_BYTE
0042A0r 1  5F           	.byte	95
0042A1r 1  rr           	.byte	TOK_LT
0042A2r 1  rr           	.byte	TOK_CJUMP
0042A3r 1  rr rr        	.word	jump_lbl_557
0042A5r 1               @FastBasic_LINE_1912:	; LINE 1912
0042A5r 1  rr           	.byte	TOK_VAR_LOAD
0042A6r 1  rr           	makevar	"_CODE"
0042A7r 1  rr           	.byte	TOK_PUSH_BYTE
0042A8r 1  20           	.byte	32
0042A9r 1  rr           	.byte	TOK_SUB
0042AAr 1  rr           	.byte	TOK_VAR_STORE
0042ABr 1  rr           	makevar	"_CODE"
0042ACr 1               @FastBasic_LINE_1913:	; LINE 1913
0042ACr 1  rr           	.byte	TOK_VAR_LOAD
0042ADr 1  rr           	makevar	"_CODE"
0042AEr 1  rr           	.byte	TOK_PUSH_BYTE
0042AFr 1  0C           	.byte	12
0042B0r 1  rr           	.byte	TOK_EQ
0042B1r 1  rr           	.byte	TOK_CJUMP
0042B2r 1  rr rr        	.word	jump_lbl_558
0042B4r 1  rr           	.byte	TOK_BYTE
0042B5r 1  74           	.byte	116
0042B6r 1  rr           	.byte	TOK_VAR_STORE
0042B7r 1  rr           	makevar	"_CODE"
0042B8r 1               @FastBasic_LINE_1914:	; LINE 1914
0042B8r 1  rr           	.byte	TOK_JUMP
0042B9r 1  rr rr        	.word	jump_lbl_556
0042BBr 1               jump_lbl_558:
0042BBr 1  rr           	.byte	TOK_VAR_LOAD
0042BCr 1  rr           	makevar	"_CODE"
0042BDr 1  rr           	.byte	TOK_PUSH_BYTE
0042BEr 1  0D           	.byte	13
0042BFr 1  rr           	.byte	TOK_EQ
0042C0r 1  rr           	.byte	TOK_CJUMP
0042C1r 1  rr rr        	.word	jump_lbl_560
0042C3r 1  rr           	.byte	TOK_BYTE
0042C4r 1  7D           	.byte	125
0042C5r 1  rr           	.byte	TOK_VAR_STORE
0042C6r 1  rr           	makevar	"_CODE"
0042C7r 1               @FastBasic_LINE_1915:	; LINE 1915
0042C7r 1  rr           	.byte	TOK_JUMP
0042C8r 1  rr rr        	.word	jump_lbl_556
0042CAr 1               jump_lbl_560:
0042CAr 1  rr           	.byte	TOK_VAR_LOAD
0042CBr 1  rr           	makevar	"_CODE"
0042CCr 1  rr           	.byte	TOK_PUSH_BYTE
0042CDr 1  0E           	.byte	14
0042CEr 1  rr           	.byte	TOK_EQ
0042CFr 1  rr           	.byte	TOK_CJUMP
0042D0r 1  rr rr        	.word	jump_lbl_562
0042D2r 1  rr           	.byte	TOK_BYTE
0042D3r 1  73           	.byte	115
0042D4r 1  rr           	.byte	TOK_VAR_STORE
0042D5r 1  rr           	makevar	"_CODE"
0042D6r 1               @FastBasic_LINE_1916:	; LINE 1916
0042D6r 1  rr           	.byte	TOK_JUMP
0042D7r 1  rr rr        	.word	jump_lbl_556
0042D9r 1               jump_lbl_562:
0042D9r 1  rr           	.byte	TOK_VAR_LOAD
0042DAr 1  rr           	makevar	"_CODE"
0042DBr 1  rr           	.byte	TOK_PUSH_BYTE
0042DCr 1  0F           	.byte	15
0042DDr 1  rr           	.byte	TOK_EQ
0042DEr 1  rr           	.byte	TOK_CJUMP
0042DFr 1  rr rr        	.word	jump_lbl_556
0042E1r 1  rr           	.byte	TOK_BYTE
0042E2r 1  7C           	.byte	124
0042E3r 1  rr           	.byte	TOK_VAR_STORE
0042E4r 1  rr           	makevar	"_CODE"
0042E5r 1               @FastBasic_LINE_1918:	; LINE 1918
0042E5r 1  rr           	.byte	TOK_JUMP
0042E6r 1  rr rr        	.word	jump_lbl_556
0042E8r 1               jump_lbl_557:
0042E8r 1  rr           	.byte	TOK_VAR_LOAD
0042E9r 1  rr           	makevar	"_CODE"
0042EAr 1  rr           	.byte	TOK_PUSH_BYTE
0042EBr 1  80           	.byte	128
0042ECr 1  rr           	.byte	TOK_LT
0042EDr 1               @FastBasic_LINE_1919:	; LINE 1919
0042EDr 1  rr           	.byte	TOK_CNJUMP
0042EEr 1  rr rr        	.word	jump_lbl_556
0042F0r 1  rr           	.byte	TOK_VAR_LOAD
0042F1r 1  rr           	makevar	"_CODE"
0042F2r 1  rr           	.byte	TOK_PUSH_BYTE
0042F3r 1  A0           	.byte	160
0042F4r 1  rr           	.byte	TOK_LT
0042F5r 1  rr           	.byte	TOK_CJUMP
0042F6r 1  rr rr        	.word	jump_lbl_568
0042F8r 1               @FastBasic_LINE_1920:	; LINE 1920
0042F8r 1  rr           	.byte	TOK_BYTE
0042F9r 1  40           	.byte	64
0042FAr 1  rr           	.byte	TOK_ADD_VAR
0042FBr 1  rr           	makevar	"_CODE"
0042FCr 1  rr           	.byte	TOK_VAR_STORE
0042FDr 1  rr           	makevar	"_CODE"
0042FEr 1               @FastBasic_LINE_1921:	; LINE 1921
0042FEr 1  rr           	.byte	TOK_JUMP
0042FFr 1  rr rr        	.word	jump_lbl_556
004301r 1               jump_lbl_568:
004301r 1  rr           	.byte	TOK_VAR_LOAD
004302r 1  rr           	makevar	"_CODE"
004303r 1  rr           	.byte	TOK_PUSH_BYTE
004304r 1  DF           	.byte	223
004305r 1  rr           	.byte	TOK_LT
004306r 1  rr           	.byte	TOK_CJUMP
004307r 1  rr rr        	.word	jump_lbl_556
004309r 1               @FastBasic_LINE_1922:	; LINE 1922
004309r 1  rr           	.byte	TOK_VAR_LOAD
00430Ar 1  rr           	makevar	"_CODE"
00430Br 1  rr           	.byte	TOK_PUSH_BYTE
00430Cr 1  20           	.byte	32
00430Dr 1  rr           	.byte	TOK_SUB
00430Er 1  rr           	.byte	TOK_VAR_STORE
00430Fr 1  rr           	makevar	"_CODE"
004310r 1               @FastBasic_LINE_1923:	; LINE 1923
004310r 1               jump_lbl_556:
004310r 1               @FastBasic_LINE_1925:	; LINE 1925
004310r 1  rr           	.byte	TOK_VAR_LOAD
004311r 1  rr           	makevar	"__LOC"
004312r 1  rr           	.byte	TOK_SADDR
004313r 1  rr           	.byte	TOK_VAR_LOAD
004314r 1  rr           	makevar	"_CODE"
004315r 1  rr           	.byte	TOK_ADD_VAR
004316r 1  rr           	makevar	"__PRINT_INVERSE"
004317r 1  rr           	.byte	TOK_POKE
004318r 1               @FastBasic_LINE_1926:	; LINE 1926
004318r 1  rr           	.byte	TOK_INCVAR
004319r 1  rr           	makevar	"__LOC"
00431Ar 1               @FastBasic_LINE_1927:	; LINE 1927
00431Ar 1  rr           	.byte	TOK_FOR_NEXT
00431Br 1  rr           	.byte	TOK_CJUMP
00431Cr 1  rr rr        	.word	jump_lbl_554
00431Er 1               jump_lbl_553:
00431Er 1  rr           	.byte	TOK_FOR_EXIT
00431Fr 1               @FastBasic_LINE_1930:	; LINE 1930
00431Fr 1  rr           	.byte	TOK_VAR_STORE_0
004320r 1  rr           	makevar	"__PRINT_REVERSE"
004321r 1               @FastBasic_LINE_1932:	; LINE 1932
004321r 1  rr           	.byte	TOK_RET
004322r 1               @FastBasic_LINE_1935:	; LINE 1935
004322r 1               	.segment "BYTECODE"
004322r 1               	.export	fb_lbl_PRINTBYTE
004322r 1               fb_lbl_PRINTBYTE:
004322r 1  rr           	.byte	TOK_POP
004323r 1  rr           	.byte	TOK_VAR_STORE
004324r 1  rr           	makevar	"_BYTE"
004325r 1               @FastBasic_LINE_1936:	; LINE 1936
004325r 1  rr           	.byte	TOK_VAR_LOAD
004326r 1  rr           	makevar	"__LOC"
004327r 1  rr           	.byte	TOK_SADDR
004328r 1  rr           	.byte	TOK_VAR_LOAD
004329r 1  rr           	makevar	"_BYTE"
00432Ar 1  rr           	.byte	TOK_POKE
00432Br 1               @FastBasic_LINE_1937:	; LINE 1937
00432Br 1  rr           	.byte	TOK_INCVAR
00432Cr 1  rr           	makevar	"__LOC"
00432Dr 1               @FastBasic_LINE_1938:	; LINE 1938
00432Dr 1  rr           	.byte	TOK_RET
00432Er 1               @FastBasic_LINE_1945:	; LINE 1945
00432Er 1               	.segment "BYTECODE"
00432Er 1               	.export	fb_lbl___NOPENAPPKEY
00432Er 1               fb_lbl___NOPENAPPKEY:
00432Er 1  rr           	.byte	TOK_POP
00432Fr 1  rr           	.byte	TOK_VAR_STORE
004330r 1  rr           	makevar	"__N_MODE"
004331r 1  rr           	.byte	TOK_POP
004332r 1  rr           	.byte	TOK_VAR_STORE
004333r 1  rr           	makevar	"__N_KEY"
004334r 1  rr           	.byte	TOK_POP
004335r 1  rr           	.byte	TOK_VAR_STORE
004336r 1  rr           	makevar	"__N_APP"
004337r 1  rr           	.byte	TOK_POP
004338r 1  rr           	.byte	TOK_VAR_STORE
004339r 1  rr           	makevar	"__N_CREATOR"
00433Ar 1               @FastBasic_LINE_1946:	; LINE 1946
00433Ar 1  rr           	.byte	TOK_NUM
00433Br 1  rr rr        	.word	fb_lbl_NAPPKEYBLOCK
00433Dr 1  rr           	.byte	TOK_SADDR
00433Er 1  rr           	.byte	TOK_VAR_LOAD
00433Fr 1  rr           	makevar	"__N_CREATOR"
004340r 1  rr           	.byte	TOK_DPOKE
004341r 1               @FastBasic_LINE_1947:	; LINE 1947
004341r 1  rr           	.byte	TOK_NUM
004342r 1  rr rr        	.word	fb_lbl_NAPPKEYBLOCK
004344r 1  rr           	.byte	TOK_PUSH_BYTE
004345r 1  02           	.byte	2
004346r 1  rr           	.byte	TOK_ADD
004347r 1  rr           	.byte	TOK_SADDR
004348r 1  rr           	.byte	TOK_VAR_LOAD
004349r 1  rr           	makevar	"__N_APP"
00434Ar 1  rr           	.byte	TOK_POKE
00434Br 1               @FastBasic_LINE_1948:	; LINE 1948
00434Br 1  rr           	.byte	TOK_NUM
00434Cr 1  rr rr        	.word	fb_lbl_NAPPKEYBLOCK
00434Er 1  rr           	.byte	TOK_PUSH_BYTE
00434Fr 1  03           	.byte	3
004350r 1  rr           	.byte	TOK_ADD
004351r 1  rr           	.byte	TOK_SADDR
004352r 1  rr           	.byte	TOK_VAR_LOAD
004353r 1  rr           	makevar	"__N_KEY"
004354r 1  rr           	.byte	TOK_POKE
004355r 1               @FastBasic_LINE_1949:	; LINE 1949
004355r 1  rr           	.byte	TOK_NUM
004356r 1  rr rr        	.word	fb_lbl_NAPPKEYBLOCK
004358r 1  rr           	.byte	TOK_PUSH_BYTE
004359r 1  04           	.byte	4
00435Ar 1  rr           	.byte	TOK_ADD
00435Br 1  rr           	.byte	TOK_SADDR
00435Cr 1  rr           	.byte	TOK_VAR_LOAD
00435Dr 1  rr           	makevar	"__N_MODE"
00435Er 1  rr           	.byte	TOK_POKE
00435Fr 1               @FastBasic_LINE_1950:	; LINE 1950
00435Fr 1  rr           	.byte	TOK_BYTE
004360r 1  70           	.byte	112
004361r 1  rr           	.byte	TOK_NUM_POKE
004362r 1  00 03        	.word	768
004364r 1  rr           	.byte	TOK_1
004365r 1  rr           	.byte	TOK_NUM_POKE
004366r 1  01 03        	.word	769
004368r 1  rr           	.byte	TOK_BYTE
004369r 1  DC           	.byte	220
00436Ar 1  rr           	.byte	TOK_NUM_POKE
00436Br 1  02 03        	.word	770
00436Dr 1  rr           	.byte	TOK_BYTE
00436Er 1  80           	.byte	128
00436Fr 1  rr           	.byte	TOK_NUM_POKE
004370r 1  03 03        	.word	771
004372r 1  rr           	.byte	TOK_NUM
004373r 1  04 03        	.word	772
004375r 1  rr           	.byte	TOK_SADDR
004376r 1  rr           	.byte	TOK_NUM
004377r 1  rr rr        	.word	fb_lbl_NAPPKEYBLOCK
004379r 1  rr           	.byte	TOK_DPOKE
00437Ar 1  rr           	.byte	TOK_BYTE
00437Br 1  09           	.byte	9
00437Cr 1  rr           	.byte	TOK_NUM_POKE
00437Dr 1  06 03        	.word	774
00437Fr 1  rr           	.byte	TOK_NUM
004380r 1  08 03        	.word	776
004382r 1  rr           	.byte	TOK_SADDR
004383r 1  rr           	.byte	TOK_BYTE
004384r 1  06           	.byte	6
004385r 1  rr           	.byte	TOK_DPOKE
004386r 1  rr           	.byte	TOK_0
004387r 1  rr           	.byte	TOK_NUM_POKE
004388r 1  0A 03        	.word	778
00438Ar 1  rr           	.byte	TOK_0
00438Br 1  rr           	.byte	TOK_NUM_POKE
00438Cr 1  0B 03        	.word	779
00438Er 1  rr           	.byte	TOK_NUM
00438Fr 1  59 E4        	.word	58457
004391r 1  rr           	.byte	TOK_USR_ADDR
004392r 1  rr           	.byte	TOK_USR_CALL
004393r 1               @FastBasic_LINE_1951:	; LINE 1951
004393r 1  rr           	.byte	TOK_RET
004394r 1               @FastBasic_LINE_1953:	; LINE 1953
004394r 1               	.segment "BYTECODE"
004394r 1               	.export	fb_lbl_NWRITEAPPKEY
004394r 1               fb_lbl_NWRITEAPPKEY:
004394r 1  rr           	.byte	TOK_POP
004395r 1  rr           	.byte	TOK_VAR_STORE
004396r 1  rr           	makevar	"__N_STRING"
004397r 1  rr           	.byte	TOK_POP
004398r 1  rr           	.byte	TOK_VAR_STORE
004399r 1  rr           	makevar	"__N_KEY"
00439Ar 1  rr           	.byte	TOK_POP
00439Br 1  rr           	.byte	TOK_VAR_STORE
00439Cr 1  rr           	makevar	"__N_APP"
00439Dr 1  rr           	.byte	TOK_POP
00439Er 1  rr           	.byte	TOK_VAR_STORE
00439Fr 1  rr           	makevar	"__N_CREATOR"
0043A0r 1               @FastBasic_LINE_1954:	; LINE 1954
0043A0r 1  rr           	.byte	TOK_VAR_LOAD
0043A1r 1  rr           	makevar	"__N_CREATOR"
0043A2r 1  rr           	.byte	TOK_PUSH_VAR_LOAD
0043A3r 1  rr           	makevar	"__N_APP"
0043A4r 1  rr           	.byte	TOK_PUSH_VAR_LOAD
0043A5r 1  rr           	makevar	"__N_KEY"
0043A6r 1  rr           	.byte	TOK_PUSH_1
0043A7r 1  rr           	.byte	TOK_PUSH
0043A8r 1  rr           	.byte	TOK_CALL
0043A9r 1  rr rr        	.word	fb_lbl___NOPENAPPKEY
0043ABr 1               @FastBasic_LINE_1955:	; LINE 1955
0043ABr 1  rr           	.byte	TOK_BYTE
0043ACr 1  70           	.byte	112
0043ADr 1  rr           	.byte	TOK_NUM_POKE
0043AEr 1  00 03        	.word	768
0043B0r 1  rr           	.byte	TOK_1
0043B1r 1  rr           	.byte	TOK_NUM_POKE
0043B2r 1  01 03        	.word	769
0043B4r 1  rr           	.byte	TOK_BYTE
0043B5r 1  DE           	.byte	222
0043B6r 1  rr           	.byte	TOK_NUM_POKE
0043B7r 1  02 03        	.word	770
0043B9r 1  rr           	.byte	TOK_BYTE
0043BAr 1  80           	.byte	128
0043BBr 1  rr           	.byte	TOK_NUM_POKE
0043BCr 1  03 03        	.word	771
0043BEr 1  rr           	.byte	TOK_NUM
0043BFr 1  04 03        	.word	772
0043C1r 1  rr           	.byte	TOK_SADDR
0043C2r 1  rr           	.byte	TOK_1
0043C3r 1  rr           	.byte	TOK_ADD_VAR
0043C4r 1  rr           	makevar	"__N_STRING"
0043C5r 1  rr           	.byte	TOK_DPOKE
0043C6r 1  rr           	.byte	TOK_BYTE
0043C7r 1  09           	.byte	9
0043C8r 1  rr           	.byte	TOK_NUM_POKE
0043C9r 1  06 03        	.word	774
0043CBr 1  rr           	.byte	TOK_NUM
0043CCr 1  08 03        	.word	776
0043CEr 1  rr           	.byte	TOK_SADDR
0043CFr 1  rr           	.byte	TOK_BYTE
0043D0r 1  40           	.byte	64
0043D1r 1  rr           	.byte	TOK_DPOKE
0043D2r 1  rr           	.byte	TOK_VAR_LOAD
0043D3r 1  rr           	makevar	"__N_STRING"
0043D4r 1  rr           	.byte	TOK_PEEK
0043D5r 1  rr           	.byte	TOK_NUM_POKE
0043D6r 1  0A 03        	.word	778
0043D8r 1  rr           	.byte	TOK_0
0043D9r 1  rr           	.byte	TOK_NUM_POKE
0043DAr 1  0B 03        	.word	779
0043DCr 1  rr           	.byte	TOK_NUM
0043DDr 1  59 E4        	.word	58457
0043DFr 1  rr           	.byte	TOK_USR_ADDR
0043E0r 1  rr           	.byte	TOK_USR_CALL
0043E1r 1               @FastBasic_LINE_1956:	; LINE 1956
0043E1r 1  rr           	.byte	TOK_RET
0043E2r 1               @FastBasic_LINE_1958:	; LINE 1958
0043E2r 1               	.segment "BYTECODE"
0043E2r 1               	.export	fb_lbl_NREADAPPKEY
0043E2r 1               fb_lbl_NREADAPPKEY:
0043E2r 1  rr           	.byte	TOK_POP
0043E3r 1  rr           	.byte	TOK_VAR_STORE
0043E4r 1  rr           	makevar	"__N_STRING"
0043E5r 1  rr           	.byte	TOK_POP
0043E6r 1  rr           	.byte	TOK_VAR_STORE
0043E7r 1  rr           	makevar	"__N_KEY"
0043E8r 1  rr           	.byte	TOK_POP
0043E9r 1  rr           	.byte	TOK_VAR_STORE
0043EAr 1  rr           	makevar	"__N_APP"
0043EBr 1  rr           	.byte	TOK_POP
0043ECr 1  rr           	.byte	TOK_VAR_STORE
0043EDr 1  rr           	makevar	"__N_CREATOR"
0043EEr 1               @FastBasic_LINE_1959:	; LINE 1959
0043EEr 1  rr           	.byte	TOK_VAR_LOAD
0043EFr 1  rr           	makevar	"__N_CREATOR"
0043F0r 1  rr           	.byte	TOK_PUSH_VAR_LOAD
0043F1r 1  rr           	makevar	"__N_APP"
0043F2r 1  rr           	.byte	TOK_PUSH_VAR_LOAD
0043F3r 1  rr           	makevar	"__N_KEY"
0043F4r 1  rr           	.byte	TOK_PUSH_0
0043F5r 1  rr           	.byte	TOK_PUSH
0043F6r 1  rr           	.byte	TOK_CALL
0043F7r 1  rr rr        	.word	fb_lbl___NOPENAPPKEY
0043F9r 1               @FastBasic_LINE_1960:	; LINE 1960
0043F9r 1  rr           	.byte	TOK_BYTE
0043FAr 1  70           	.byte	112
0043FBr 1  rr           	.byte	TOK_NUM_POKE
0043FCr 1  00 03        	.word	768
0043FEr 1  rr           	.byte	TOK_1
0043FFr 1  rr           	.byte	TOK_NUM_POKE
004400r 1  01 03        	.word	769
004402r 1  rr           	.byte	TOK_BYTE
004403r 1  DD           	.byte	221
004404r 1  rr           	.byte	TOK_NUM_POKE
004405r 1  02 03        	.word	770
004407r 1  rr           	.byte	TOK_BYTE
004408r 1  40           	.byte	64
004409r 1  rr           	.byte	TOK_NUM_POKE
00440Ar 1  03 03        	.word	771
00440Cr 1  rr           	.byte	TOK_NUM
00440Dr 1  04 03        	.word	772
00440Fr 1  rr           	.byte	TOK_SADDR
004410r 1  rr           	.byte	TOK_VAR_LOAD
004411r 1  rr           	makevar	"__N_STRING"
004412r 1  rr           	.byte	TOK_DPOKE
004413r 1  rr           	.byte	TOK_1
004414r 1  rr           	.byte	TOK_NUM_POKE
004415r 1  06 03        	.word	774
004417r 1  rr           	.byte	TOK_NUM
004418r 1  08 03        	.word	776
00441Ar 1  rr           	.byte	TOK_SADDR
00441Br 1  rr           	.byte	TOK_BYTE
00441Cr 1  42           	.byte	66
00441Dr 1  rr           	.byte	TOK_DPOKE
00441Er 1  rr           	.byte	TOK_0
00441Fr 1  rr           	.byte	TOK_NUM_POKE
004420r 1  0A 03        	.word	778
004422r 1  rr           	.byte	TOK_0
004423r 1  rr           	.byte	TOK_NUM_POKE
004424r 1  0B 03        	.word	779
004426r 1  rr           	.byte	TOK_NUM
004427r 1  59 E4        	.word	58457
004429r 1  rr           	.byte	TOK_USR_ADDR
00442Ar 1  rr           	.byte	TOK_USR_CALL
00442Br 1               @FastBasic_LINE_1961:	; LINE 1961
00442Br 1  rr           	.byte	TOK_BYTE
00442Cr 1  02           	.byte	2
00442Dr 1  rr           	.byte	TOK_ADD_VAR
00442Er 1  rr           	makevar	"__N_STRING"
00442Fr 1  rr           	.byte	TOK_PUSH_1
004430r 1  rr           	.byte	TOK_ADD_VAR
004431r 1  rr           	makevar	"__N_STRING"
004432r 1  rr           	.byte	TOK_PUSH_BYTE
004433r 1  40           	.byte	64
004434r 1  rr           	.byte	TOK_MOVE
004435r 1               @FastBasic_LINE_1966:	; LINE 1966
004435r 1  rr           	.byte	TOK_RET
004435r 1               
